Date,NIFTY,Returns,VIX,RepoRate,GSecYield10,YieldCurve,CPI,IIP,WPI,Regime,Bull,Bear,HighVol,Sideways
2015-11-10,7783.35009765625,-0.016798136847989233,16.829999923706055,7.75,7.7452,0.6113,6.719379841116524,-0.203665092101946,-3.6809815950920144,Sideways,6.61354e-318,0.0,0.0,1.0
2015-11-16,7806.60009765625,0.005697301642988936,17.8799991607666,7.75,7.7452,0.6113,6.719379841116524,-0.203665092101946,-3.6809815950920144,Sideways,4.410321921412419e-17,3.35132501702905e-59,2.1913597283388145e-33,1.0
2015-11-17,7837.5498046875,0.0039567183391247835,16.969999313354492,7.75,7.7452,0.6113,6.719379841116524,-0.203665092101946,-3.6809815950920144,Sideways,9.115676519401052e-16,2.6640954973813714e-59,1.1974830874492193e-33,1.0
2015-11-18,7731.7998046875,-0.013584591382027576,17.420000076293945,7.75,7.7452,0.6113,6.719379841116524,-0.203665092101946,-3.6809815950920144,Sideways,4.695769550155524e-19,2.9048044855385363e-59,7.648799151106771e-33,1.0
2015-11-19,7842.75,0.014247868942778304,15.84000015258789,7.75,7.7452,0.6113,6.719379841116524,-0.203665092101946,-3.6809815950920144,Sideways,6.062742795512941e-16,2.7588688246657343e-59,1.989138220785107e-33,1.0
2015-11-20,7856.5498046875,0.0017580157603643014,15.899999618530273,7.75,7.7452,0.6113,6.719379841116524,-0.203665092101946,-3.6809815950920144,Sideways,6.143085843483235e-15,2.123652928929802e-59,7.035310109417249e-34,1.0
2015-11-23,7849.25,-0.0009295680963622142,17.079999923706055,7.75,7.7452,0.6113,6.719379841116524,-0.203665092101946,-3.6809815950920144,Sideways,9.314725566102129e-16,2.6865706949383176e-59,8.61344518973071e-34,1.0
2015-11-24,7831.60009765625,-0.0022511419581774496,16.25,7.75,7.7452,0.6113,6.719379841116524,-0.203665092101946,-3.6809815950920144,Sideways,1.4975789519130358e-15,2.1380525695475248e-59,9.325980598122608e-34,1.0
2015-11-27,7942.7001953125,0.007443296061827621,16.729999542236328,7.75,7.7452,0.6113,6.719379841116524,-0.203665092101946,-3.6809815950920144,Sideways,4.210629857153178e-14,3.2470546152524157e-59,4.255774645444515e-34,1.0
2015-11-30,7935.25,-0.000938432954834984,16.43000030517578,7.75,7.7452,0.6113,6.719379841116524,-0.203665092101946,-3.6809815950920144,Sideways,7.160184950835345e-14,2.6915365865847887e-59,3.4031726106442527e-34,1.0
2015-12-01,7954.89990234375,0.0024732192560477395,15.640000343322754,7.75,7.791575,0.5953499999999998,6.324155024841804,3.18061247403285,-2.408563782337192,Sideways,3.4467777942558974e-12,9.604397910066319e-61,2.8692735345899736e-33,0.999999999996362
2015-12-02,7931.35009765625,-0.0029648056574549755,15.489999771118164,7.75,7.791575,0.5953499999999998,6.324155024841804,3.18061247403285,-2.408563782337192,Sideways,1.7282953210374694e-12,8.652351875184552e-61,3.6196077482241604e-33,1.0
2015-12-03,7864.14990234375,-0.008508828559286395,16.059999465942383,7.75,7.791575,0.5953499999999998,6.324155024841804,3.18061247403285,-2.408563782337192,Sideways,2.7469284814074094e-14,8.932533084481224e-61,8.897204345787954e-33,1.0
2015-12-04,7781.89990234375,-0.010513932743920033,16.09000015258789,7.75,7.791575,0.5953499999999998,6.324155024841804,3.18061247403285,-2.408563782337192,Sideways,3.944402676782964e-16,8.191714847350568e-61,2.208033087422639e-32,1.0
2015-12-07,7765.39990234375,-0.0021225558652615325,15.869999885559082,7.75,7.791575,0.5953499999999998,6.324155024841804,3.18061247403285,-2.408563782337192,Sideways,6.860622312157763e-16,7.032774807790301e-61,1.4547384791137038e-32,1.0
2015-12-08,7701.7001953125,-0.008236846826399094,15.970000267028809,7.75,7.791575,0.5953499999999998,6.324155024841804,3.18061247403285,-2.408563782337192,Sideways,1.5121576528186565e-17,6.86138009825412e-61,3.6880635660404096e-32,1.0
2015-12-09,7612.5,-0.011649476035916928,16.729999542236328,7.75,7.791575,0.5953499999999998,6.324155024841804,3.18061247403285,-2.408563782337192,Sideways,2.2432319316359653e-20,7.891290110103125e-61,1.3354473281436794e-31,1.0
2015-12-10,7683.2998046875,0.009257483913935133,16.290000915527344,7.75,7.791575,0.5953499999999998,6.324155024841804,3.18061247403285,-2.408563782337192,Sideways,2.369873394815982e-18,8.050563997458854e-61,4.2505143687324346e-32,1.0
2015-12-11,7610.4501953125,-0.009526788440796045,17.18000030517578,7.75,7.791575,0.5953499999999998,6.324155024841804,3.18061247403285,-2.408563782337192,Sideways,9.094938438393876e-21,8.487790650679566e-61,1.071722844624782e-31,1.0
2015-12-14,7650.0498046875,0.0051898297247641055,17.799999237060547,7.75,7.791575,0.5953499999999998,6.324155024841804,3.18061247403285,-2.408563782337192,Sideways,3.957004953622772e-20,1.0473497359868464e-60,5.440575452758105e-32,1.0
2015-12-15,7700.89990234375,0.006625034231155874,17.34000015258789,7.75,7.791575,0.5953499999999998,6.324155024841804,3.18061247403285,-2.408563782337192,Sideways,2.6653255307490715e-18,9.611012047545164e-61,3.168506878604379e-32,1.0
2015-12-16,7750.89990234375,0.006471760590641962,16.729999542236328,7.75,7.791575,0.5953499999999998,6.324155024841804,3.18061247403285,-2.408563782337192,Sideways,8.120203866632855e-17,8.7738703531682e-61,1.6941721613218273e-32,1.0
2015-12-17,7844.35009765625,0.011984586823973591,14.220000267028809,7.75,7.791575,0.5953499999999998,6.324155024841804,3.18061247403285,-2.408563782337192,Sideways,2.757416472493008e-14,7.653717965056722e-61,1.1550571592425516e-32,1.0
2015-12-18,7761.9501953125,-0.010559923429662535,14.489999771118164,7.75,7.791575,0.5953499999999998,6.324155024841804,3.18061247403285,-2.408563782337192,Sideways,8.011552189473869e-16,5.8303748102394466e-61,2.1482607375962387e-32,1.0
2015-12-21,7834.4501953125,0.009297083993681328,14.229999542236328,7.75,7.791575,0.5953499999999998,6.324155024841804,3.18061247403285,-2.408563782337192,Sideways,7.73381229383473e-14,6.663604522264203e-61,9.683836902589214e-33,1.0
2015-12-22,7786.10009765625,-0.006190595230165718,14.479999542236328,7.75,7.791575,0.5953499999999998,6.324155024841804,3.18061247403285,-2.408563782337192,Sideways,8.079235366714184e-15,5.559730422799918e-61,1.1705762112044345e-32,1.0
2015-12-23,7865.9501953125,0.010203237135106905,13.649999618530273,7.75,7.791575,0.5953499999999998,6.324155024841804,3.18061247403285,-2.408563782337192,Sideways,2.245684692743231e-13,6.949013265712232e-61,8.352869200087467e-33,1.0
2015-12-24,7861.0498046875,-0.0006231818889286995,13.75,7.75,7.791575,0.5953499999999998,6.324155024841804,3.18061247403285,-2.408563782337192,Sideways,3.7000746528459666e-13,5.856948224495257e-61,5.1992333569362075e-33,1.0
2015-12-29,7928.9501953125,0.0004794082310730862,14.239999771118164,7.75,7.791575,0.5953499999999998,6.324155024841804,3.18061247403285,-2.408563782337192,Sideways,6.031156302067786e-12,7.127831553446752e-61,2.6516478782174e-33,0.999999999992724
2015-12-30,7896.25,-0.004132679706995248,14.350000381469727,7.75,7.791575,0.5953499999999998,6.324155024841804,3.18061247403285,-2.408563782337192,Sideways,1.172684377220352e-12,6.697881230765696e-61,3.691568223113573e-33,1.0
2015-12-31,7946.35009765625,0.006324752800432643,13.869999885559082,7.75,7.791575,0.5953499999999998,6.324155024841804,3.18061247403285,-2.408563782337192,Sideways,1.0700391387905255e-11,7.708391898130107e-61,2.8189195455792766e-33,0.9999999999890861
2016-01-05,7784.64990234375,-0.0008538680302466864,16.700000762939453,7.75,7.66876,1.8702199999999998,5.905546252736382,4.40088546221269,-2.527075812274371,Sideways,6.941348316476786e-17,2.31871498309941e-19,2.0131054756823198e-29,1.0
2016-01-06,7741.0,-0.005622955254962513,16.549999237060547,7.75,7.66876,1.8702199999999998,5.905546252736382,4.40088546221269,-2.527075812274371,Sideways,1.0897799455913547e-17,2.070030310643976e-19,3.477310653363661e-29,1.0
2016-01-07,7568.2998046875,-0.022562432473354942,18.959999084472656,7.75,7.66876,1.8702199999999998,5.905546252736382,4.40088546221269,-2.527075812274371,Sideways,4.325009129766418e-26,5.555968476497536e-19,3.919683626370211e-27,1.0
2016-01-08,7601.35009765625,0.004357430194614917,17.799999237060547,7.75,7.66876,1.8702199999999998,5.905546252736382,4.40088546221269,-2.527075812274371,Sideways,1.8183986012629607e-22,2.634170496000854e-19,1.545899518213117e-28,1.0
2016-01-11,7563.85009765625,-0.00494554321070581,18.690000534057617,7.75,7.66876,1.8702199999999998,5.905546252736382,4.40088546221269,-2.527075812274371,Sideways,5.029936706945624e-24,3.126467563597706e-19,3.0809788528267225e-28,1.0
2016-01-12,7510.2998046875,-0.007104947023205757,18.709999084472656,7.75,7.66876,1.8702199999999998,5.905546252736382,4.40088546221269,-2.527075812274371,Sideways,3.6457931054611877e-25,2.9359023193552247e-19,6.153731377061652e-28,1.0
2016-01-13,7562.39990234375,0.00691320150571891,18.350000381469727,7.75,7.66876,1.8702199999999998,5.905546252736382,4.40088546221269,-2.527075812274371,Sideways,2.194542344089027e-23,2.8786488136245174e-19,2.7970643971202707e-28,1.0
2016-01-14,7536.7998046875,-0.0033909243778356985,18.610000610351562,7.75,7.66876,1.8702199999999998,5.905546252736382,4.40088546221269,-2.527075812274371,Sideways,6.520045833156613e-24,2.69022578831315e-19,3.3491490718347126e-28,1.0
2016-01-15,7437.7998046875,-0.013222582904531205,19.420000076293945,7.75,7.66876,1.8702199999999998,5.905546252736382,4.40088546221269,-2.527075812274371,Sideways,4.829966070089261e-28,3.7893739275125625e-19,3.167490665251188e-27,1.0
2016-01-18,7351.0,-0.01173872154132596,20.229999542236328,7.75,7.66876,1.8702199999999998,5.905546252736382,4.40088546221269,-2.527075812274371,Sideways,4.2791279853277045e-31,4.710054132966189e-19,1.0740277809986837e-26,1.0
2016-01-19,7435.10009765625,0.011375684463334866,18.43000030517578,7.75,7.66876,1.8702199999999998,5.905546252736382,4.40088546221269,-2.527075812274371,Sideways,3.2658107503239324e-27,2.9298499780068195e-19,1.6012681150174552e-27,1.0
2016-01-20,7309.2998046875,-0.017064559633827973,20.969999313354492,7.75,7.66876,1.8702199999999998,5.905546252736382,4.40088546221269,-2.527075812274371,Sideways,6.676168067513184e-34,7.291223880309906e-19,5.707284268411912e-26,1.0
2016-01-21,7276.7998046875,-0.004456304927870771,20.809999465942383,7.75,7.66876,1.8702199999999998,5.905546252736382,4.40088546221269,-2.527075812274371,Sideways,2.2159594601461138e-33,5.11287606355661e-19,1.890023504944169e-26,1.0
2016-01-22,7422.4501953125,0.019818039378412727,18.81999969482422,7.75,7.66876,1.8702199999999998,5.905546252736382,4.40088546221269,-2.527075812274371,Sideways,1.3469183002015404e-29,4.869021824080995e-19,7.684130010228144e-27,1.0
2016-01-25,7436.14990234375,0.0018440109866640082,18.270000457763672,7.75,7.66876,1.8702199999999998,5.905546252736382,4.40088546221269,-2.527075812274371,Sideways,1.9851029622080633e-27,2.4182678185529726e-19,8.17601067794218e-28,1.0
2016-01-28,7424.64990234375,-0.0017628513745914778,17.899999618530273,7.75,7.66876,1.8702199999999998,5.905546252736382,4.40088546221269,-2.527075812274371,Sideways,6.0920745847149725e-27,1.9784331120991187e-19,7.707497384940321e-28,1.0
2016-01-29,7563.5498046875,0.018535098493895702,17.239999771118164,7.75,7.66876,1.8702199999999998,5.905546252736382,4.40088546221269,-2.527075812274371,Sideways,2.0366795614954445e-25,3.5573993415935945e-19,8.556864952758663e-28,1.0
2016-02-01,7555.9501953125,-0.001005272663116682,17.889999389648438,7.75,7.720025,2.2059499999999996,5.533602065543053,2.52991415403307,-2.2810218978102204,Sideways,1.6222671734541322e-25,4.393675829920893e-14,7.9879198133946e-32,1.0
2016-02-02,7455.5498046875,-0.013376662920665904,18.040000915527344,7.75,7.720025,2.2059499999999996,5.533602065543053,2.52991415403307,-2.2810218978102204,Sideways,3.6730119949120597e-29,4.84237868446032e-14,6.678679792916227e-31,1.0
2016-02-03,7361.7998046875,-0.012654253761286621,18.59000015258789,7.75,7.720025,2.2059499999999996,5.533602065543053,2.52991415403307,-2.2810218978102204,Sideways,4.8156444190846254e-32,5.1910786547353815e-14,2.1590834215036725e-30,1.0
2016-02-04,7404.0,0.00571595318480905,18.209999084472656,7.75,7.720025,2.2059499999999996,5.533602065543053,2.52991415403307,-2.2810218978102204,Sideways,2.9373071459015983e-30,4.581181140270496e-14,5.9648456438505845e-31,1.0
2016-02-05,7489.10009765625,0.011428248424226505,18.110000610351562,7.75,7.720025,2.2059499999999996,5.533602065543053,2.52991415403307,-2.2810218978102204,Sideways,6.290163774384666e-29,5.921190786086692e-14,3.882890731817089e-31,1.0
2016-02-08,7387.25,-0.013693101923425259,20.260000228881836,7.75,7.720025,2.2059499999999996,5.533602065543053,2.52991415403307,-2.2810218978102204,Sideways,7.15378338485649e-33,9.390540323049579e-14,3.330990402285502e-30,1.0
2016-02-09,7298.2001953125,-0.012127772043135017,21.729999542236328,7.75,7.720025,2.2059499999999996,5.533602065543053,2.52991415403307,-2.2810218978102204,Sideways,4.454525643675575e-37,1.6259149225538328e-13,2.0521337029562296e-29,1.0
2016-02-10,7215.7001953125,-0.011368534484495037,22.469999313354492,7.75,7.720025,2.2059499999999996,5.533602065543053,2.52991415403307,-2.2810218978102204,Sideways,1.5388965310451212e-40,2.2383800059439929e-13,9.648136605308021e-29,1.0
2016-02-11,6976.35009765625,-0.03373336331978199,25.969999313354492,7.75,7.720025,2.2059499999999996,5.533602065543053,2.52991415403307,-2.2810218978102204,Sideways,1.5968054505377173e-60,7.065016949262744e-12,3.1877439091259005e-23,0.999999999992724
2016-02-12,6980.9501953125,0.0006591672782349067,24.670000076293945,7.75,7.720025,2.2059499999999996,5.533602065543053,2.52991415403307,-2.2810218978102204,Sideways,1.6920834249173342e-53,9.649575953316285e-13,2.0215365662137615e-26,1.0
2016-02-15,7162.9501953125,0.02573689591661371,22.3799991607666,7.75,7.720025,2.2059499999999996,5.533602065543053,2.52991415403307,-2.2810218978102204,Sideways,6.422552801465521e-50,9.05056152526214e-13,1.1778710773792555e-26,1.0
2016-02-16,7048.25,-0.01614257549907488,23.040000915527344,7.75,7.720025,2.2059499999999996,5.533602065543053,2.52991415403307,-2.2810218978102204,Sideways,2.1670273280015845e-53,6.724591611828107e-13,1.6437500122349687e-26,1.0
2016-02-17,7108.4501953125,0.008504885651830765,21.829999923706055,7.75,7.720025,2.2059499999999996,5.533602065543053,2.52991415403307,-2.2810218978102204,Sideways,4.094837819435602e-49,3.288032202983738e-13,9.817012622353069e-28,1.0
2016-02-18,7191.75,0.011650291007518507,21.489999771118164,7.75,7.720025,2.2059499999999996,5.533602065543053,2.52991415403307,-2.2810218978102204,Sideways,2.162529293899684e-46,3.0465504028838126e-13,3.251406235502249e-28,1.0
2016-02-19,7210.75,0.002638432358562314,20.920000076293945,7.75,7.720025,2.2059499999999996,5.533602065543053,2.52991415403307,-2.2810218978102204,Sideways,1.032388563447463e-43,1.727565695607546e-13,6.735807542520209e-29,1.0
2016-02-22,7234.5498046875,0.0032951654232690796,21.020000457763672,7.75,7.720025,2.2059499999999996,5.533602065543053,2.52991415403307,-2.2810218978102204,Sideways,4.054385528214267e-43,1.8075158949003562e-13,5.138881094124727e-29,1.0
2016-02-23,7109.5498046875,-0.017429210300505937,23.84000015258789,7.75,7.720025,2.2059499999999996,5.533602065543053,2.52991415403307,-2.2810218978102204,Sideways,4.979962949078532e-51,7.916343747999556e-13,8.493817091764527e-27,1.0
2016-02-24,7018.7001953125,-0.0128608796700014,22.959999084472656,7.75,7.720025,2.2059499999999996,5.533602065543053,2.52991415403307,-2.2810218978102204,Sideways,2.4087940181201613e-52,4.431153695571927e-13,7.5597605176177e-27,1.0
2016-02-25,6970.60009765625,-0.006876725240095017,22.75,7.75,7.720025,2.2059499999999996,5.533602065543053,2.52991415403307,-2.2810218978102204,Sideways,3.7205843952762504e-53,3.578745404153737e-13,6.907673385218796e-27,1.0
2016-02-26,7029.75,0.008449825021575584,21.8700008392334,7.75,7.720025,2.2059499999999996,5.533602065543053,2.52991415403307,-2.2810218978102204,Sideways,1.1790481754376677e-48,2.107839838562648e-13,1.0104047284908582e-27,1.0
2016-02-29,6987.0498046875,-0.006092735574228962,20.15999984741211,7.75,7.720025,2.2059499999999996,5.533602065543053,2.52991415403307,-2.2810218978102204,Sideways,7.031619461718018e-48,8.909695440481278e-14,5.542639112696021e-28,1.0
2016-03-01,7222.2998046875,0.03311502695088197,18.670000076293945,7.75,7.584775,0.32624999999999993,5.511774555926174,4.43497055608575,-2.0018198362147466,Sideways,1.8792827728439464e-45,5.192424069951111e-74,7.318307300786302e-35,1.0
2016-03-02,7368.85009765625,0.02008823459754814,18.989999771118164,7.75,7.584775,0.32624999999999993,5.511774555926174,4.43497055608575,-2.0018198362147466,Sideways,1.2857151455924642e-40,3.348677341451416e-74,6.990752602776192e-37,1.0
2016-03-03,7475.60009765625,0.014382727390574045,18.040000915527344,7.75,7.584775,0.32624999999999993,5.511774555926174,4.43497055608575,-2.0018198362147466,Sideways,3.8336268194454265e-37,2.4766877975040237e-74,7.52805504511776e-38,1.0
2016-03-04,7485.35009765625,0.0013033933343828406,17.8799991607666,7.75,7.584775,0.32624999999999993,5.511774555926174,4.43497055608575,-2.0018198362147466,Sideways,1.468106565868529e-35,1.6764519259503453e-74,2.0162300402055842e-38,1.0
2016-03-09,7531.7998046875,0.006192960002448895,17.510000228881836,7.75,7.584775,0.32624999999999993,5.511774555926174,4.43497055608575,-2.0018198362147466,Sideways,1.5894743496027236e-33,1.610343507154049e-74,1.033247281756649e-38,1.0
2016-03-10,7486.14990234375,-0.006079397498643517,17.899999618530273,7.75,7.584775,0.32624999999999993,5.511774555926174,4.43497055608575,-2.0018198362147466,Sideways,1.9913582012120772e-34,1.4476563303004877e-74,1.554254716955536e-38,1.0
2016-03-11,7510.2001953125,0.0032074889464729544,17.100000381469727,7.75,7.584775,0.32624999999999993,5.511774555926174,4.43497055608575,-2.0018198362147466,Sideways,2.2644119834557198e-32,1.1331372057378703e-74,6.787959789100847e-39,1.0
2016-03-14,7538.75,0.0037942631968658764,17.100000381469727,7.75,7.584775,0.32624999999999993,5.511774555926174,4.43497055608575,-2.0018198362147466,Sideways,3.0894216772538666e-26,6.352574254641687e-75,9.506570855171721e-40,1.0
2016-03-15,7460.60009765625,-0.010420532757604035,17.600000381469727,7.75,7.584775,0.32624999999999993,5.511774555926174,4.43497055608575,-2.0018198362147466,Sideways,1.3805945132303634e-29,6.994219566665742e-75,4.762847019575583e-39,1.0
2016-03-16,7498.75,0.005100486959710426,17.110000610351562,7.75,7.584775,0.32624999999999993,5.511774555926174,4.43497055608575,-2.0018198362147466,Sideways,6.370007329134353e-26,5.137562262001296e-75,1.0454701114614279e-39,1.0
2016-03-17,7512.5498046875,0.0018385894298917032,16.84000015258789,7.75,7.584775,0.32624999999999993,5.511774555926174,4.43497055608575,-2.0018198362147466,Sideways,4.888001495921793e-24,4.0783932088544637e-75,5.6009689163742026e-40,1.0
2016-03-18,7604.35009765625,0.012145535400108631,16.3799991607666,7.75,7.584775,0.32624999999999993,5.511774555926174,4.43497055608575,-2.0018198362147466,Sideways,2.8781110610057405e-22,5.672678531739958e-75,4.334775155612898e-40,1.0
2016-03-21,7704.25,0.013051659829120443,16.329999923706055,7.75,7.584775,0.32624999999999993,5.511774555926174,4.43497055608575,-2.0018198362147466,Sideways,2.8249028889292035e-20,7.632463843974701e-75,1.950644800228e-40,1.0
2016-03-22,7714.89990234375,0.0013813866658977931,16.43000030517578,7.75,7.584775,0.32624999999999993,5.511774555926174,4.43497055608575,-2.0018198362147466,Sideways,1.3777211729847945e-19,6.31919196814673e-75,8.034241706439044e-41,1.0
2016-03-23,7716.5,0.000207382048564695,16.350000381469727,7.75,7.584775,0.32624999999999993,5.511774555926174,4.43497055608575,-2.0018198362147466,Sideways,1.5921576621021172e-19,6.215923516389154e-75,7.802883217617186e-41,1.0
2016-03-29,7597.0,-0.0023796985402065656,17.639999389648438,7.75,7.584775,0.32624999999999993,5.511774555926174,4.43497055608575,-2.0018198362147466,Sideways,1.4550531714941686e-21,5.250481832301907e-75,2.1051853507273594e-40,1.0
2016-03-30,7735.2001953125,0.018027932915947852,16.809999465942383,7.75,7.584775,0.32624999999999993,5.511774555926174,4.43497055608575,-2.0018198362147466,Sideways,1.2503131864188172e-18,9.341780513565025e-75,2.1398755264735065e-40,1.0
2016-03-31,7738.39990234375,0.0004135698294723892,16.579999923706055,7.75,7.584775,0.32624999999999993,5.511774555926174,4.43497055608575,-2.0018198362147466,Sideways,6.334674524161538e-17,5.461725239293048e-75,3.9556777027148875e-41,1.0
2016-04-01,7713.0498046875,-0.0032812610960895605,17.280000686645508,7.15,7.43606,0.5243000000000002,5.859348035024925,5.26872730266756,-1.0889292196007316,Sideways,2.3565280802066783e-18,1.7639289479650454e-63,5.762319436897193e-27,1.0
2016-04-04,7758.7998046875,0.005913983718554631,17.450000762939453,7.15,7.43606,0.5243000000000002,5.859348035024925,5.26872730266756,-1.0889292196007316,Sideways,3.565509716699338e-17,2.1876494707925638e-63,4.102108746705098e-27,1.0
2016-04-05,7603.2001953125,-0.020258420894693874,17.829999923706055,7.15,7.43606,0.5243000000000002,5.859348035024925,5.26872730266756,-1.0889292196007316,Sideways,1.5324855571499645e-21,1.937418627012326e-63,1.0981458327761145e-25,1.0
2016-04-06,7614.35009765625,0.0014654006885952725,17.350000381469727,7.15,7.43606,0.5243000000000002,5.859348035024925,5.26872730266756,-1.0889292196007316,Sideways,1.5807741087260952e-18,1.1287182534841262e-63,1.0336710671877766e-26,1.0
2016-04-07,7546.4501953125,-0.008957357794121351,16.93000030517578,7.15,7.43606,0.5243000000000002,5.859348035024925,5.26872730266756,-1.0889292196007316,Sideways,6.242830445026666e-20,8.719004534220102e-64,2.741551096807068e-26,1.0
2016-04-08,7555.2001953125,0.001158813871706803,16.43000030517578,7.15,7.43606,0.5243000000000002,5.859348035024925,5.26872730266756,-1.0889292196007316,Sideways,4.816529422798688e-19,7.59075893145098e-64,1.5334589709501632e-26,1.0
2016-04-11,7671.39990234375,0.015263021567415073,16.010000228881836,7.15,7.43606,0.5243000000000002,5.859348035024925,5.26872730266756,-1.0889292196007316,Sideways,1.936697309459437e-17,1.3793347898024394e-63,1.5289482193894817e-26,1.0
2016-04-12,7708.9501953125,0.0048829015384887434,16.020000457763672,7.15,7.43606,0.5243000000000002,5.859348035024925,5.26872730266756,-1.0889292196007316,Sideways,7.707246609155693e-16,1.1514557575379789e-63,4.000670717137592e-27,1.0
2016-04-13,7850.4501953125,0.018188863004861715,16.040000915527344,7.15,7.43606,0.5243000000000002,5.859348035024925,5.26872730266756,-1.0889292196007316,Sideways,7.208295642478359e-15,3.045189133139643e-63,6.0311861884928224e-27,1.0
2016-04-21,7912.0498046875,-0.00034121810751646184,16.510000228881836,7.15,7.43606,0.5243000000000002,5.859348035024925,5.26872730266756,-1.0889292196007316,Sideways,4.781278796218143e-13,2.7232662663627834e-63,8.375238511694747e-28,1.0
2016-04-22,7899.2998046875,-0.0016127659027939515,16.3799991607666,7.15,7.43606,0.5243000000000002,5.859348035024925,5.26872730266756,-1.0889292196007316,Sideways,9.599316294761246e-13,2.391252616419686e-63,8.731763653582603e-28,1.0
2016-04-25,7855.0498046875,-0.005617511031739854,16.56999969482422,7.15,7.43606,0.5243000000000002,5.859348035024925,5.26872730266756,-1.0889292196007316,Sideways,6.132362085200049e-14,2.174602259835728e-63,1.4437971833039643e-27,1.0
2016-04-26,7962.64990234375,0.013605234565983467,16.579999923706055,7.15,7.43606,0.5243000000000002,5.859348035024925,5.26872730266756,-1.0889292196007316,Sideways,6.548332914103826e-13,4.5378416957704807e-63,1.4459297095892e-27,1.0
2016-04-27,7979.89990234375,0.002164021055994669,16.350000381469727,7.15,7.43606,0.5243000000000002,5.859348035024925,5.26872730266756,-1.0889292196007316,Sideways,1.1455368888987897e-11,3.494368694500931e-63,5.237893661287147e-28,0.9999999999890861
2016-04-28,7847.25,-0.016762715869970777,16.600000381469727,7.15,7.43606,0.5243000000000002,5.859348035024925,5.26872730266756,-1.0889292196007316,Sideways,8.662911424749056e-16,2.8893953723377607e-63,5.9499022025945634e-27,1.0
2016-04-29,7849.7998046875,0.0003248769344116223,16.540000915527344,7.15,7.43606,0.5243000000000002,5.859348035024925,5.26872730266756,-1.0889292196007316,Sideways,1.2873631686470997e-14,2.2867304367608659e-63,1.3846047622995921e-27,1.0
2016-05-02,7805.89990234375,-0.005608183374211703,17.09000015258789,7.0,7.2793,0.5707250000000004,6.58909819559681,7.11249700454057,-0.8976660682226245,Sideways,1.5395049561519185e-16,3.6656862747356757e-60,7.414274159356269e-27,1.0
2016-05-03,7747.0,-0.007574173857563739,17.459999084472656,7.0,7.2793,0.5707250000000004,6.58909819559681,7.11249700454057,-0.8976660682226245,Sideways,3.280146732044688e-18,3.430201540215151e-60,1.4868921271979053e-26,1.0
2016-05-04,7706.5498046875,-0.005235080380291306,17.450000762939453,7.0,7.2793,0.5707250000000004,6.58909819559681,7.11249700454057,-0.8976660682226245,Sideways,5.7121154020364355e-18,2.6604307400171196e-60,1.5456920504129776e-26,1.0
2016-05-05,7735.5,0.003749531907512104,17.170000076293945,7.0,7.2793,0.5707250000000004,6.58909819559681,7.11249700454057,-0.8976660682226245,Sideways,3.944390522037728e-17,2.811626614105049e-60,1.0473061163844127e-26,1.0
2016-05-06,7733.4501953125,-0.00026502182418547155,16.950000762939453,7.0,7.2793,0.5707250000000004,6.58909819559681,7.11249700454057,-0.8976660682226245,Sideways,6.007263120584954e-17,2.5471939074116863e-60,9.581376506394157e-27,1.0
2016-05-09,7866.0498046875,0.017000904277695215,16.610000610351562,7.0,7.2793,0.5707250000000004,6.58909819559681,7.11249700454057,-0.8976660682226245,Sideways,6.015634641645817e-16,6.206539293776504e-60,1.4476338679280372e-26,1.0
2016-05-10,7887.7998046875,0.0027612316174809364,16.420000076293945,7.0,7.2793,0.5707250000000004,6.58909819559681,7.11249700454057,-0.8976660682226245,Sideways,3.186412385495576e-13,3.859665315340077e-60,2.6846302574809257e-27,1.0
2016-05-11,7848.85009765625,-0.004950200558543867,16.959999084472656,7.0,7.2793,0.5707250000000004,6.58909819559681,7.11249700454057,-0.8976660682226245,Sideways,1.8566399094702813e-14,3.7476692485974823e-60,4.2046378148212736e-27,1.0
2016-05-12,7900.39990234375,0.006546342052207653,16.329999923706055,7.0,7.2793,0.5707250000000004,6.58909819559681,7.11249700454057,-0.8976660682226245,Sideways,6.433748484954303e-13,4.197319042066601e-60,2.8174128608513815e-27,1.0
2016-05-13,7814.89990234375,-0.010881223351540733,17.0,7.0,7.2793,0.5707250000000004,6.58909819559681,7.11249700454057,-0.8976660682226245,Sideways,1.2174743135206202e-15,3.6841335009758125e-60,8.824492149419207e-27,1.0
2016-05-16,7860.75,0.005849866346159204,17.030000686645508,7.0,7.2793,0.5707250000000004,6.58909819559681,7.11249700454057,-0.8976660682226245,Sideways,5.871194366051203e-14,4.171206863440518e-60,3.820766687469716e-27,1.0
2016-05-17,7890.75,0.0038091656381104887,16.3700008392334,7.0,7.2793,0.5707250000000004,6.58909819559681,7.11249700454057,-0.8976660682226245,Sideways,6.562814469055134e-13,3.90496555054094e-60,2.588827905157704e-27,1.0
2016-05-18,7870.14990234375,-0.002614077814670393,16.450000762939453,7.0,7.2793,0.5707250000000004,6.58909819559681,7.11249700454057,-0.8976660682226245,Sideways,1.4642792998550801e-12,3.2795542850840807e-60,2.9803916957362192e-27,1.0
2016-05-19,7783.39990234375,-0.011083861385826453,17.059999465942383,7.0,7.2793,0.5707250000000004,6.58909819559681,7.11249700454057,-0.8976660682226245,Sideways,3.1524956250040483e-15,3.050438490562838e-60,1.0766288367097687e-26,1.0
2016-05-20,7749.7001953125,-0.004339090032687426,16.43000030517578,7.0,7.2793,0.5707250000000004,6.58909819559681,7.11249700454057,-0.8976660682226245,Sideways,4.748970583944035e-15,2.147288549116274e-60,7.517479366097937e-27,1.0
2016-05-23,7731.0498046875,-0.0024094956185153732,16.15999984741211,7.0,7.2793,0.5707250000000004,6.58909819559681,7.11249700454057,-0.8976660682226245,Sideways,3.98443082180201e-15,1.8815824478273768e-60,7.90703582554846e-27,1.0
2016-05-24,7748.85009765625,0.0022997953380331686,16.219999313354492,7.0,7.2793,0.5707250000000004,6.58909819559681,7.11249700454057,-0.8976660682226245,Sideways,2.4209043754068666e-14,1.9994827230510976e-60,7.063334344106659e-27,1.0
2016-05-25,7934.89990234375,0.023726281336622208,15.520000457763672,7.0,7.2793,0.5707250000000004,6.58909819559681,7.11249700454057,-0.8976660682226245,Sideways,6.152104439461087e-14,8.731428219600704e-60,2.6117530589013866e-26,1.0
2016-05-26,8069.64990234375,0.01683935953427849,15.329999923706055,7.0,7.2793,0.5707250000000004,6.58909819559681,7.11249700454057,-0.8976660682226245,Sideways,9.310081928548867e-11,1.1185317514991985e-59,3.0494813649396536e-27,0.9999999999054126
2016-05-27,8156.64990234375,0.010723434761836886,15.260000228881836,7.0,7.2793,0.5707250000000004,6.58909819559681,7.11249700454057,-0.8976660682226245,Sideways,3.109026597324692e-09,1.4362820314414877e-59,9.056102262285599e-28,0.9999999968895281
2016-05-30,8178.5,0.002675226223002301,15.979999542236328,7.0,7.2793,0.5707250000000004,6.58909819559681,7.11249700454057,-0.8976660682226245,Sideways,7.661298976044437e-09,1.5604770847568015e-59,4.854103462759949e-28,0.9999999923384166
2016-05-31,8160.10009765625,-0.0022523239460265896,16.049999237060547,7.0,7.2793,0.5707250000000004,6.58909819559681,7.11249700454057,-0.8976660682226245,Sideways,6.6160642793011346e-09,1.3722253574394716e-59,5.197588452510452e-28,0.9999999933825165
2016-06-01,8179.9501953125,0.0024296262330994575,15.84000015258789,7.0,7.502625,0.7008999999999999,6.130261023044636,7.58531781015659,-0.08944543828264262,Sideways,5.8140664815295e-08,5.272783333870264e-54,2.303669959278609e-25,0.9999999418578244
2016-06-02,8218.9501953125,0.004756425442880727,15.09000015258789,7.0,7.502625,0.7008999999999999,6.130261023044636,7.58531781015659,-0.08944543828264262,Sideways,3.6539413149697426e-07,5.938327927231379e-54,2.1413095046132716e-25,0.9999996346051133
2016-06-03,8220.7998046875,0.00022501672869773692,15.0,7.0,7.502625,0.7008999999999999,6.130261023044636,7.58531781015659,-0.08944543828264262,Sideways,4.953788121741774e-07,5.67598976399994e-54,1.9361176779174032e-25,0.9999995046201865
2016-06-06,8201.0498046875,-0.0024053331374929024,15.359999656677246,7.0,7.502625,0.7008999999999999,6.130261023044636,7.58531781015659,-0.08944543828264262,Sideways,5.364628735999407e-07,5.1491294177470794e-54,2.113780987008139e-25,0.999999463536513
2016-06-07,8266.4501953125,0.007943007071457264,14.869999885559082,7.0,7.502625,0.7008999999999999,6.130261023044636,7.58531781015659,-0.08944543828264262,Sideways,2.9780117563708793e-06,7.877438218114979e-54,2.174406177250152e-25,0.9999970219877247
2016-06-08,8273.0498046875,0.0007980422292402209,15.140000343322754,7.0,7.502625,0.7008999999999999,6.130261023044636,7.58531781015659,-0.08944543828264262,Sideways,5.301958029176895e-06,7.665621477131135e-54,1.5675759325285287e-25,0.9999946980419319
2016-06-09,8203.599609375,-0.008430185637149968,15.670000076293945,7.0,7.502625,0.7008999999999999,6.130261023044636,7.58531781015659,-0.08944543828264262,Sideways,1.4604782725801983e-07,5.992279263198219e-54,2.9114775249600056e-25,0.9999998539533514
2016-06-10,8170.0498046875,-0.004098029802836798,15.970000267028809,7.0,7.502625,0.7008999999999999,6.130261023044636,7.58531781015659,-0.08944543828264262,Sideways,1.2982489017011072e-07,4.927171884227123e-54,2.563286671379552e-25,0.9999998701750967
2016-06-13,8110.60009765625,-0.007303144729646939,16.579999923706055,7.0,7.502625,0.7008999999999999,6.130261023044636,7.58531781015659,-0.08944543828264262,Sideways,4.75624735498333e-09,4.26777034227857e-54,4.227397515859251e-25,0.9999999952451617
2016-06-14,8108.85009765625,-0.00021579029938960387,17.190000534057617,7.0,7.502625,0.7008999999999999,6.130261023044636,7.58531781015659,-0.08944543828264262,Sideways,2.937980282063218e-09,4.80885064293802e-54,3.5040467926777944e-25,0.9999999970605131
2016-06-15,8206.599609375,0.011982591110193301,17.059999465942383,7.0,7.502625,0.7008999999999999,6.130261023044636,7.58531781015659,-0.08944543828264262,Sideways,1.3120025429411061e-08,1.0165420862378933e-53,4.347124545947262e-25,0.9999999868814485
2016-06-16,8140.75,-0.008056347617289792,17.700000762939453,7.0,7.502625,0.7008999999999999,6.130261023044636,7.58531781015659,-0.08944543828264262,Sideways,1.5547418720028634e-09,6.874801418576685e-54,4.703847377277206e-25,0.999999998446583
2016-06-17,8170.2001953125,0.0036110989197415846,17.350000381469727,7.0,7.502625,0.7008999999999999,6.130261023044636,7.58531781015659,-0.08944543828264262,Sideways,1.528601744558481e-08,7.302851147006484e-54,2.86864496746714e-25,0.9999999847132132
2016-06-20,8238.5,0.008324876233428225,17.520000457763672,7.0,7.502625,0.7008999999999999,6.130261023044636,7.58531781015659,-0.08944543828264262,Sideways,4.701925850744771e-08,1.239431671080449e-53,2.9368378443001485e-25,0.999999952979125
2016-06-21,8219.900390625,-0.0022601974495153427,17.260000228881836,7.0,7.502625,0.7008999999999999,6.130261023044636,7.58531781015659,-0.08944543828264262,Sideways,5.887385949922516e-08,9.286209112071593e-54,2.2433581288069925e-25,0.9999999411265907
2016-06-22,8203.7001953125,-0.001972795244488282,18.18000030517578,7.0,7.502625,0.7008999999999999,6.130261023044636,7.58531781015659,-0.08944543828264262,Sideways,5.5806922872368616e-08,1.022884547171266e-53,3.4494008932609734e-25,0.9999999441934067
2016-06-23,8270.4501953125,0.00810364889252149,18.020000457763672,7.0,7.502625,0.7008999999999999,6.130261023044636,7.58531781015659,-0.08944543828264262,Sideways,4.879443158812664e-07,1.616459341708287e-53,4.068693456876451e-25,0.9999995120562115
2016-06-24,8088.60009765625,-0.02223326969761141,18.6299991607666,7.0,7.502625,0.7008999999999999,6.130261023044636,7.58531781015659,-0.08944543828264262,Sideways,4.948162425720607e-12,1.0207770021990457e-53,7.020047498789095e-24,0.999999999996362
2016-06-27,8094.7001953125,0.0007538756415223447,18.530000686645508,7.0,7.502625,0.7008999999999999,6.130261023044636,7.58531781015659,-0.08944543828264262,Sideways,5.740868678834512e-10,6.603319569825019e-54,5.438598741534316e-25,0.9999999994251993
2016-06-28,8127.85009765625,0.004086897298664459,17.729999542236328,7.0,7.502625,0.7008999999999999,6.130261023044636,7.58531781015659,-0.08944543828264262,Sideways,6.3236562970611966e-09,6.455440870545214e-54,3.937113545324127e-25,0.9999999936771928
2016-06-29,8204.0,0.009325392253691965,16.15999984741211,7.0,7.502625,0.7008999999999999,6.130261023044636,7.58531781015659,-0.08944543828264262,Sideways,2.7490956576665913e-07,7.576588348345333e-54,3.0530251230221326e-25,0.9999997250888932
2016-06-30,8287.75,0.010156680759383653,16.290000915527344,7.0,7.502625,0.7008999999999999,6.130261023044636,7.58531781015659,-0.08944543828264262,Sideways,1.1258518272362182e-06,1.344714049457799e-53,2.4305486432675905e-25,0.9999988741480564
2016-07-01,8328.349609375,0.004886789454209853,15.739999771118164,7.0,7.35092,0.7460800000000001,6.463848469818312,5.96148204467593,0.6300630063006407,Sideways,4.96783662835755e-06,1.3055542328736134e-51,4.833803967512137e-27,0.9999950321631038
2016-07-04,8370.7001953125,0.005072225932684971,15.579999923706055,7.0,7.35092,0.7460800000000001,6.463848469818312,5.96148204467593,0.6300630063006407,Sideways,1.472796793207647e-05,1.6769168830509318e-51,4.342884922393802e-27,0.9999852720313814
2016-07-05,8335.9501953125,-0.00416002601386157,15.359999656677246,7.0,7.35092,0.7460800000000001,6.463848469818312,5.96148204467593,0.6300630063006407,Sideways,2.2984295861852316e-05,1.2313161933562289e-51,4.8163809185394e-27,0.9999770157032147
2016-07-08,8323.2001953125,-0.0017646132140196943,15.079999923706055,7.0,7.35092,0.7460800000000001,6.463848469818312,5.96148204467593,0.6300630063006407,Sideways,0.0002774693328935677,1.3210800464793853e-51,6.114106354832076e-27,0.9997225306661752
2016-07-11,8467.900390625,0.01723577043083921,14.850000381469727,7.0,7.35092,0.7460800000000001,6.463848469818312,5.96148204467593,0.6300630063006407,Sideways,0.00486718461794891,2.6016798636782404e-50,1.0698964207797037e-25,0.9951328153819107
2016-07-12,8521.0498046875,0.006256959594241648,14.779999732971191,7.0,7.35092,0.7460800000000001,6.463848469818312,5.96148204467593,0.6300630063006407,Sideways,0.10236837096594194,2.8366710425717406e-50,3.1494003972799813e-26,0.8976316290345888
2016-07-13,8519.5,-0.0001818960901539572,15.329999923706055,7.0,7.35092,0.7460800000000001,6.463848469818312,5.96148204467593,0.6300630063006407,Sideways,0.2119815944862818,2.7593689905841155e-50,2.5721956642017473e-26,0.7880184055153651
2016-07-14,8565.0,0.005326478102926448,15.609999656677246,7.0,7.35092,0.7460800000000001,6.463848469818312,5.96148204467593,0.6300630063006407,Sideways,0.32298566035855375,3.826637802154521e-50,2.503163591927967e-26,0.6770143396417407
2016-07-15,8541.400390625,-0.0027591572520208334,15.640000343322754,7.0,7.35092,0.7460800000000001,6.463848469818312,5.96148204467593,0.6300630063006407,Sideways,0.4236808231083619,2.5226619822288426e-50,2.0300537875931163e-26,0.5763191768924303
2016-07-18,8508.7001953125,-0.0038357821106622886,15.989999771118164,7.0,7.35092,0.7460800000000001,6.463848469818312,5.96148204467593,0.6300630063006407,Sideways,0.5081023572540873,3.2331743865948703e-50,3.509794071707009e-26,0.4918976427446401
2016-07-19,8528.5498046875,0.0023301434628515147,15.800000190734863,7.0,7.35092,0.7460800000000001,6.463848469818312,5.96148204467593,0.6300630063006407,Bull,0.6436861281161863,2.8127681931437486e-50,2.4901761712607483e-26,0.3563138718853277
2016-07-20,8565.849609375,0.004363986470652139,15.989999771118164,7.0,7.35092,0.7460800000000001,6.463848469818312,5.96148204467593,0.6300630063006407,Bull,0.7520966576369108,2.2847973852655507e-50,1.5286387878666467e-26,0.2479033423639887
2016-07-21,8510.099609375,-0.00652967485068765,15.710000038146973,7.0,7.35092,0.7460800000000001,6.463848469818312,5.96148204467593,0.6300630063006407,Bull,0.814384489804506,2.309857901867818e-50,3.1032862416381966e-26,0.18561551019704264
2016-07-22,8541.2001953125,0.0036478885225085054,15.5,7.0,7.35092,0.7460800000000001,6.463848469818312,5.96148204467593,0.6300630063006407,Bull,0.9142525792583464,1.3601173028738652e-50,1.2357890384785431e-26,0.08574742074152204
2016-07-25,8635.650390625,0.010997493024321226,15.720000267028809,7.0,7.35092,0.7460800000000001,6.463848469818312,5.96148204467593,0.6300630063006407,Bull,0.9661554019945648,2.1899041899436127e-50,1.2638775590090457e-26,0.03384459800407561
2016-07-26,8590.650390625,-0.005224581055714631,15.619999885559082,7.0,7.35092,0.7460800000000001,6.463848469818312,5.96148204467593,0.6300630063006407,Bull,0.9980997089125894,7.607267258893383e-52,7.754028345881101e-28,0.0019002910878955063
2016-07-27,8615.7998046875,0.0029232563005614403,15.430000305175781,7.0,7.35092,0.7460800000000001,6.463848469818312,5.96148204467593,0.6300630063006407,Bull,0.9999448606136071,1.3898064045828683e-52,1.0775112401135604e-28,5.513938683515972e-05
2016-07-28,8666.2998046875,0.005844213941164874,15.149999618530273,7.0,7.35092,0.7460800000000001,6.463848469818312,5.96148204467593,0.6300630063006407,Bull,0.9999964366570389,9.196889556478466e-53,5.520205472355538e-29,3.5633430290196795e-06
2016-07-29,8638.5,-0.0032129615963578163,14.920000076293945,7.0,7.35092,0.7460800000000001,6.463848469818312,5.96148204467593,0.6300630063006407,Bull,0.9999973583688518,6.127606169830188e-53,4.8526744810231844e-29,2.6416307222023444e-06
2016-08-01,8636.5498046875,-0.00022578173062699604,15.180000305175781,7.0,7.14185,0.5784500000000001,5.302995795548382,4.89563116106333,1.090909090909098,Bull,0.9999994827632209,1.6623673301601233e-62,1.350360685116314e-35,5.172363632643494e-07
2016-08-02,8622.900390625,-0.0015816745902789463,15.6899995803833,7.0,7.14185,0.5784500000000001,5.302995795548382,4.89563116106333,1.090909090909098,Bull,0.9999987724884962,3.5875252358019766e-62,3.025573890000448e-35,1.2275100996398625e-06
2016-08-03,8544.849609375,-0.009092783738205783,16.239999771118164,7.0,7.14185,0.5784500000000001,5.302995795548382,4.89563116106333,1.090909090909098,Bull,0.999983616060103,3.418477022718413e-61,6.4737828601281735e-34,1.638393934848766e-05
2016-08-04,8551.099609375,0.0007311673892417124,15.140000343322754,7.0,7.14185,0.5784500000000001,5.302995795548382,4.89563116106333,1.090909090909098,Bull,0.9999982632049599,2.671945151615549e-62,4.186254916394344e-35,1.7367966045700193e-06
2016-08-05,8683.150390625,0.015324527088340225,14.350000381469727,7.0,7.14185,0.5784500000000001,5.302995795548382,4.89563116106333,1.090909090909098,Bull,0.9999984193394753,8.307121432996729e-62,1.0236951053880882e-34,1.5806601885450875e-06
2016-08-08,8711.349609375,0.003242317221417232,14.59000015258789,7.0,7.14185,0.5784500000000001,5.302995795548382,4.89563116106333,1.090909090909098,Bull,0.9999998440107569,7.379200869417311e-63,4.204813373454478e-36,1.5599003959764982e-07
2016-08-09,8678.25,-0.0038068328301676924,14.539999961853027,7.0,7.14185,0.5784500000000001,5.302995795548382,4.89563116106333,1.090909090909098,Bull,0.9999997747072739,7.71242041869189e-63,6.290117062198918e-36,2.2529449045394318e-07
2016-08-10,8575.2998046875,-0.0119339403558223,14.920000076293945,7.0,7.14185,0.5784500000000001,5.302995795548382,4.89563116106333,1.090909090909098,Bull,0.9999954535590982,8.810653116909504e-62,2.185063759934744e-34,4.546439950324138e-06
2016-08-11,8592.150390625,0.001963086091088332,14.210000038146973,7.0,7.14185,0.5784500000000001,5.302995795548382,4.89563116106333,1.090909090909098,Bull,0.9999995040453862,8.558997037422699e-63,1.230998483775705e-35,4.959556766588809e-07
2016-08-17,8624.0498046875,-0.0021428662849281455,14.779999732971191,7.0,7.14185,0.5784500000000001,5.302995795548382,4.89563116106333,1.090909090909098,Bull,0.999999401920101,1.3740850933901696e-62,1.3821616201962755e-35,5.980811607717586e-07
2016-08-18,8673.25,0.005688787100174632,14.550000190734863,7.0,7.14185,0.5784500000000001,5.302995795548382,4.89563116106333,1.090909090909098,Bull,0.9999996578517897,1.133844355689921e-62,8.64293151338248e-36,3.421476163147685e-07
2016-08-19,8666.900390625,-0.0007323592374647016,14.539999961853027,7.0,7.14185,0.5784500000000001,5.302995795548382,4.89563116106333,1.090909090909098,Bull,0.9999996990955422,8.769119978520683e-63,6.641328669835884e-36,3.009034506086712e-07
2016-08-22,8629.150390625,-0.004365165253066113,14.239999771118164,7.0,7.14185,0.5784500000000001,5.302995795548382,4.89563116106333,1.090909090909098,Bull,0.9999995794242725,8.922976596564408e-63,1.0965300892237574e-35,4.2057586936074474e-07
2016-08-23,8632.599609375,0.0003996372089627608,13.899999618530273,7.0,7.14185,0.5784500000000001,5.302995795548382,4.89563116106333,1.090909090909098,Bull,0.9999997784616671,4.5535065026596336e-63,5.735213603056516e-36,2.2153704387891003e-07
2016-08-24,8650.2998046875,0.0020482907499330422,13.489999771118164,7.0,7.14185,0.5784500000000001,5.302995795548382,4.89563116106333,1.090909090909098,Bull,0.999999862076957,3.076159664165743e-63,3.9320128920455787e-36,1.379233398297769e-07
2016-08-25,8592.2001953125,-0.006739142150229588,13.289999961853027,7.0,7.14185,0.5784500000000001,5.302995795548382,4.89563116106333,1.090909090909098,Bull,0.999999687053836,4.529657875600698e-63,1.3724041804125093e-35,3.129461631572572e-07
2016-08-26,8572.5498046875,-0.0022896225356679534,13.569999694824219,7.0,7.14185,0.5784500000000001,5.302995795548382,4.89563116106333,1.090909090909098,Bull,0.9999996808474462,4.005739726110198e-63,1.1114294164332887e-35,3.1915139734809177e-07
2016-08-29,8607.4501953125,0.00406291485846204,13.170000076293945,7.0,7.14185,0.5784500000000001,5.302995795548382,4.89563116106333,1.090909090909098,Bull,0.9999998324710899,2.6469908916200447e-63,6.314401032604755e-36,1.675278226295592e-07
2016-08-30,8744.349609375,0.015779602831678955,13.020000457763672,7.0,7.14185,0.5784500000000001,5.302995795548382,4.89563116106333,1.090909090909098,Bull,0.9999995614235611,2.4900977371809185e-62,3.846397630146099e-35,4.385746369949302e-07
2016-08-31,8786.2001953125,0.0047745981624819625,13.239999771118164,7.0,7.14185,0.5784500000000001,5.302995795548382,4.89563116106333,1.090909090909098,Bull,0.9999999281863009,4.108420874703728e-63,1.992681633263472e-36,7.18146853773227e-08
2016-09-01,8774.650390625,-0.0013154039773133465,13.34000015258789,7.0,6.86438,0.3258799999999997,4.135295857726495,5.8545778140275,1.364877161055511,Bull,0.9999999764950191,9.141854992838594e-79,2.484062153845255e-68,2.3503407737765872e-08
2016-09-02,8809.650390625,0.00398082888319566,12.9399995803833,7.0,6.86438,0.3258799999999997,4.135295857726495,5.8545778140275,1.364877161055511,Bull,0.9999999828214642,8.650867339858967e-79,2.1494422458131783e-68,1.7178318725246992e-08
2016-09-07,8917.9501953125,-0.0028049819116828943,13.149999618530273,7.0,6.86438,0.3258799999999997,4.135295857726495,5.8545778140275,1.364877161055511,Bull,0.999999988340278,1.299489386274476e-78,1.5736245064569085e-68,1.166030901634924e-08
2016-09-08,8952.5,0.0038667014380895045,13.119999885559082,7.0,6.86438,0.3258799999999997,4.135295857726495,5.8545778140275,1.364877161055511,Bull,0.9999999883584679,1.7406040409508504e-78,1.664838095421578e-68,1.1643043872649018e-08
2016-09-09,8866.7001953125,-0.009630114351834806,13.229999542236328,7.0,6.86438,0.3258799999999997,4.135295857726495,5.8545778140275,1.364877161055511,Bull,0.9999999778337954,1.6433215111730564e-78,4.628482823945044e-68,2.2166941006614927e-08
2016-09-12,8715.599609375,-0.01718822993969123,15.239999771118164,7.0,6.86438,0.3258799999999997,4.135295857726495,5.8545778140275,1.364877161055511,Bull,0.9999966426095824,1.278057976942717e-76,1.0962348330303226e-65,3.3573912202314655e-06
2016-09-15,8742.5498046875,0.0018260991839711186,14.680000305175781,7.0,6.86438,0.3258799999999997,4.135295857726495,5.8545778140275,1.364877161055511,Bull,0.9999998867497262,3.6563690324720146e-78,8.437536295793766e-68,1.1324993830275623e-07
2016-09-16,8779.849609375,0.0042573919410826295,14.579999923706055,7.0,6.86438,0.3258799999999997,4.135295857726495,5.8545778140275,1.364877161055511,Bull,0.9999999412284541,2.4815942348102097e-78,5.158234710128582e-68,5.87728716728477e-08
2016-09-19,8808.400390625,0.003246577269225301,14.9399995803833,7.0,6.86438,0.3258799999999997,4.135295857726495,5.8545778140275,1.364877161055511,Bull,0.9999999287538256,3.786952086902145e-78,5.79063639985229e-68,7.124740282612232e-08
2016-09-20,8775.900390625,-0.0036964832905136196,14.779999732971191,7.0,6.86438,0.3258799999999997,4.135295857726495,5.8545778140275,1.364877161055511,Bull,0.9999999170613626,3.2092271145875876e-78,6.951516700651553e-68,8.294009885164757e-08
2016-09-21,8777.150390625,0.00014242538436080372,14.8100004196167,7.0,6.86438,0.3258799999999997,4.135295857726495,5.8545778140275,1.364877161055511,Bull,0.9999999344581759,2.5141595790147898e-78,5.172963894945231e-68,6.554238943409337e-08
2016-09-22,8867.4501953125,0.01023549301709891,13.34000015258789,7.0,6.86438,0.3258799999999997,4.135295857726495,5.8545778140275,1.364877161055511,Bull,0.9999999585525083,3.032666241814721e-78,6.552080530344514e-68,4.1447674983217406e-08
2016-09-23,8831.5498046875,-0.004056776073300545,13.25,7.0,6.86438,0.3258799999999997,4.135295857726495,5.8545778140275,1.364877161055511,Bull,0.9999999745305107,1.1529108334832289e-78,2.698788398458743e-68,2.5470481218353686e-08
2016-09-26,8723.0498046875,-0.01236159001721051,14.569999694824219,7.0,6.86438,0.3258799999999997,4.135295857726495,5.8545778140275,1.364877161055511,Bull,0.9999991610424213,2.2506457067094093e-77,1.2760067190104733e-66,8.389581949453809e-07
2016-09-27,8706.400390625,-0.0019104927510736648,14.25,7.0,6.86438,0.3258799999999997,4.135295857726495,5.8545778140275,1.364877161055511,Bull,0.9999997994382485,3.7224891878315247e-78,1.3974918018538893e-67,2.0056251445080703e-07
2016-09-28,8745.150390625,0.004440873383603119,13.850000381469727,7.0,6.86438,0.3258799999999997,4.135295857726495,5.8545778140275,1.364877161055511,Bull,0.9999869300099024,8.520070817423764e-78,2.2840737775544053e-67,1.3069988574701178e-05
2016-09-29,8591.25,-0.01775506219605918,18.450000762939453,7.0,6.86438,0.3258799999999997,4.135295857726495,5.8545778140275,1.364877161055511,Bull,0.9739643001534027,5.748097658871496e-73,1.0115071339740855e-61,0.026035699845581396
2016-09-30,8611.150390625,0.002313677050935853,17.18000030517578,7.0,6.86438,0.3258799999999997,4.135295857726495,5.8545778140275,1.364877161055511,Bull,0.9921005329890136,3.472394899185621e-75,1.4767653988016114e-64,0.007899467010898723
2016-10-03,8738.099609375,0.014634809521912494,15.619999885559082,6.75,6.784525,0.41787500000000044,3.3456461508111213,4.98997295401784,1.2715712988192518,Bull,0.999679942472773,7.596209146924072e-74,1.2707498777619993e-92,0.0003200575263799929
2016-10-04,8769.150390625,0.0035471948830647004,14.989999771118164,6.75,6.784525,0.41787500000000044,3.3456461508111213,4.98997295401784,1.2715712988192518,Bull,0.9999982725618252,3.358873526107187e-75,2.648448220945625e-94,1.7274387713943566e-06
2016-10-05,8743.9501953125,-0.002877869921600413,14.930000305175781,6.75,6.784525,0.41787500000000044,3.3456461508111213,4.98997295401784,1.2715712988192518,Bull,0.9999992022970672,3.0941275698938654e-75,3.137274032965491e-94,7.977011605216894e-07
2016-10-06,8709.5498046875,-0.00394195263650275,14.84000015258789,6.75,6.784525,0.41787500000000044,3.3456461508111213,4.98997295401784,1.2715712988192518,Bull,0.9999990628971162,2.780675566499163e-75,3.96067445963411e-94,9.371043336461607e-07
2016-10-07,8697.599609375,-0.0013730217286708416,14.489999771118164,6.75,6.784525,0.41787500000000044,3.3456461508111213,4.98997295401784,1.2715712988192518,Bull,0.9999993559797331,1.6375119404743746e-75,2.6449571000559074e-94,6.440211491023238e-07
2016-10-10,8708.7998046875,0.0012869056479532695,14.289999961853027,6.75,6.784525,0.41787500000000044,3.3456461508111213,4.98997295401784,1.2715712988192518,Bull,0.9999995696672175,1.1244853676803582e-75,1.7675138176014607e-94,4.303320091360235e-07
2016-10-14,8583.400390625,0.001171641761961016,14.890000343322754,6.75,6.784525,0.41787500000000044,3.3456461508111213,4.98997295401784,1.2715712988192518,Bull,0.9999976781136537,2.7835311137394427e-75,1.0311564813454218e-93,2.3218860926295425e-06
2016-10-17,8520.400390625,-0.007366816969274471,15.65999984741211,6.75,6.784525,0.41787500000000044,3.3456461508111213,4.98997295401784,1.2715712988192518,Bull,0.9999909660954168,8.039786293540993e-75,6.337651897655449e-93,9.03390440691818e-06
2016-10-18,8677.900390625,0.018316274989203487,14.539999961853027,6.75,6.784525,0.41787500000000044,3.3456461508111213,4.98997295401784,1.2715712988192518,Bull,0.9999883279550863,3.753227044341918e-74,2.2433838719883894e-92,1.1672046453537949e-05
2016-10-19,8659.099609375,-0.0021688629658940845,14.609999656677246,6.75,6.784525,0.41787500000000044,3.3456461508111213,4.98997295401784,1.2715712988192518,Bull,0.99999871912669,2.2269787054988933e-75,5.13855985638365e-94,1.2808744261552242e-06
2016-10-20,8699.400390625,0.004643356702434108,14.170000076293945,6.75,6.784525,0.41787500000000044,3.3456461508111213,4.98997295401784,1.2715712988192518,Bull,0.9999993804342112,1.4293969656757926e-75,2.8160242555228505e-94,6.195663944058794e-07
2016-10-21,8693.0498046875,-0.0007302693005771827,13.829999923706055,6.75,6.784525,0.41787500000000044,3.3456461508111213,4.98997295401784,1.2715712988192518,Bull,0.9999995744111398,8.397501003003194e-76,1.9004008841725702e-94,4.255884354176295e-07
2016-10-24,8708.9501953125,0.001827421566475664,14.329999923706055,6.75,6.784525,0.41787500000000044,3.3456461508111213,4.98997295401784,1.2715712988192518,Bull,0.9999994405881553,1.285951514843113e-75,2.2548080956024852e-94,5.594129494706856e-07
2016-10-25,8691.2998046875,-0.0020287520787162444,14.479999542236328,6.75,6.784525,0.41787500000000044,3.3456461508111213,4.98997295401784,1.2715712988192518,Bull,0.9999995062427243,9.567183303412876e-76,2.013410040627391e-94,4.937565986268383e-07
2016-10-26,8615.25,-0.008788614143283245,14.449999809265137,6.75,6.784525,0.41787500000000044,3.3456461508111213,4.98997295401784,1.2715712988192518,Bull,0.9999969782593505,3.8154727542391266e-75,2.024566053907592e-93,3.0217405493302736e-06
2016-10-27,8615.25,0.0,14.09000015258789,6.75,6.784525,0.41787500000000044,3.3456461508111213,4.98997295401784,1.2715712988192518,Bull,0.9999993215462865,5.727253209702361e-76,2.5531753540618725e-94,6.784530001477506e-07
2016-10-28,8638.0,0.0026371858270232084,14.649999618530273,6.75,6.784525,0.41787500000000044,3.3456461508111213,4.98997295401784,1.2715712988192518,Bull,0.9999424219046349,2.348446324941151e-75,6.446355183911671e-94,5.7578095884722454e-05
2016-11-02,8514.0,-0.013098012546713908,16.799999237060547,6.75,6.613,0.48410000000000064,2.592575379973927,3.6757295859942,1.8198362147406666,Bull,0.9834302369106419,5.248405174491991e-73,5.906425681913271e-133,0.016569763089596377
2016-11-03,8484.9501953125,-0.003417838470350909,16.469999313354492,6.75,6.613,0.48410000000000064,2.592575379973927,3.6757295859942,1.8198362147406666,Bull,0.9805397953468892,3.852519006876014e-74,3.1457918734566446e-134,0.019460204651969994
2016-11-04,8433.75,-0.006052515976111644,16.850000381469727,6.75,6.613,0.48410000000000064,2.592575379973927,3.6757295859942,1.8198362147406666,Bull,0.966890691699276,1.5593755878012966e-73,2.1889480022979974e-133,0.03310930829912437
2016-11-07,8497.0498046875,0.007477508488472915,16.510000228881836,6.75,6.613,0.48410000000000064,2.592575379973927,3.6757295859942,1.8198362147406666,Bull,0.960160948259445,6.525722460182558e-74,5.56308987466971e-134,0.03983905174237292
2016-11-08,8543.5498046875,0.005457567982692605,16.770000457763672,6.75,6.613,0.48410000000000064,2.592575379973927,3.6757295859942,1.8198362147406666,Bull,0.92005832892686,3.590232975113559e-73,1.7451782687946099e-133,0.07994167107260773
2016-11-09,8432.0,-0.013142597631657107,16.6200008392334,6.75,6.613,0.48410000000000064,2.592575379973927,3.6757295859942,1.8198362147406666,Bull,0.569362804020716,1.8570309761239117e-72,4.2360495915072004e-132,0.43063719597953376
2016-11-10,8525.75,0.01105700404045472,15.460000038146973,6.75,6.613,0.48410000000000064,2.592575379973927,3.6757295859942,1.8198362147406666,Bull,0.4950202514851233,5.5487682392470457e-73,4.373298429866246e-133,0.504979748513862
2016-11-11,8296.2998046875,-0.027281387102400093,17.360000610351562,6.75,6.613,0.48410000000000064,2.592575379973927,3.6757295859942,1.8198362147406666,Sideways,1.1077737349657262e-07,3.2865931148069594e-72,1.8590520889303317e-130,0.9999998892235514
2016-11-16,8111.60009765625,0.00038839613027746525,19.5,6.75,6.613,0.48410000000000064,2.592575379973927,3.6757295859942,1.8198362147406666,Sideways,1.7622829113836936e-12,4.174078795549771e-74,6.607466082470244e-133,1.0
2016-11-17,8079.9501953125,-0.003909439439923456,18.709999084472656,6.75,6.613,0.48410000000000064,2.592575379973927,3.6757295859942,1.8198362147406666,Sideways,3.0714807698885188e-12,2.801931230664827e-74,6.401014658057627e-133,0.999999999996362
2016-11-18,8074.10009765625,-0.0007242886837538094,17.809999465942383,6.75,6.613,0.48410000000000064,2.592575379973927,3.6757295859942,1.8198362147406666,Sideways,2.1633937993433862e-11,2.05092454818894e-74,4.62713428027162e-133,0.9999999999781721
2016-11-21,7929.10009765625,-0.01812187142597807,19.100000381469727,6.75,6.613,0.48410000000000064,2.592575379973927,3.6757295859942,1.8198362147406666,Sideways,1.4359651953759234e-15,2.373842178509906e-74,9.646402936491034e-132,1.0
2016-11-22,8002.2998046875,0.009189427494782599,18.469999313354492,6.75,6.613,0.48410000000000064,2.592575379973927,3.6757295859942,1.8198362147406666,Sideways,3.3479084759699455e-13,2.2117412885400218e-74,1.3202002695736615e-132,1.0
2016-11-23,8033.2998046875,0.0038664021768522933,18.040000915527344,6.75,6.613,0.48410000000000064,2.592575379973927,3.6757295859942,1.8198362147406666,Sideways,4.1465674560544894e-12,1.932435370631259e-74,6.786015588575305e-133,0.999999999996362
2016-11-24,7965.5,-0.008475662098624583,17.15999984741211,6.75,6.613,0.48410000000000064,2.592575379973927,3.6757295859942,1.8198362147406666,Sideways,7.59355272159569e-13,1.2177999938654977e-74,1.2426112055697293e-132,1.0
2016-11-25,8114.2998046875,0.018508197132649923,17.610000610351562,6.75,6.613,0.48410000000000064,2.592575379973927,3.6757295859942,1.8198362147406666,Sideways,4.3799930608425207e-13,4.102476756029051e-74,2.206627204706015e-132,1.0
2016-11-28,8126.89990234375,0.0015516218520139676,18.059999465942383,6.75,6.613,0.48410000000000064,2.592575379973927,3.6757295859942,1.8198362147406666,Sideways,3.2328760715515454e-12,3.0936443700464353e-74,4.585897012378686e-133,0.999999999996362
2016-11-29,8142.14990234375,0.001874725893588773,17.709999084472656,6.75,6.613,0.48410000000000064,2.592575379973927,3.6757295859942,1.8198362147406666,Sideways,1.2603815784482977e-11,2.9209684758730136e-74,3.788272195850758e-133,0.9999999999890861
2016-11-30,8224.5,0.010063243621010479,16.850000381469727,6.75,6.613,0.48410000000000064,2.592575379973927,3.6757295859942,1.8198362147406666,Sideways,1.1383216742034381e-10,3.911030858028506e-74,3.5278103044936445e-133,0.9999999998872227
2016-12-01,8192.900390625,-0.0038495313077255163,16.690000534057617,6.75,6.52812,0.4117000000000006,2.230398373580811,0.827008381625816,2.10237659963437,Sideways,4.700869385741525e-11,1.5760617329789298e-79,9.171429472903792e-158,0.9999999999527063
2016-12-02,8086.7998046875,-0.013034894616329137,17.93000030517578,6.75,6.52812,0.4117000000000006,2.230398373580811,0.827008381625816,2.10237659963437,Sideways,5.023331263419275e-14,1.6568834687599642e-79,4.849807875768031e-157,1.0
2016-12-05,8128.75,0.005174081595203409,17.290000915527344,6.75,6.52812,0.4117000000000006,2.230398373580811,0.827008381625816,2.10237659963437,Sideways,1.833775017914237e-12,1.5159382718006157e-79,1.5698459388229333e-157,0.999999999996362
2016-12-06,8143.14990234375,0.0017699108511295017,17.110000610351562,6.75,6.52812,0.4117000000000006,2.230398373580811,0.827008381625816,2.10237659963437,Sideways,5.1589177885576424e-12,1.4423979898917242e-79,1.2471481876930653e-157,0.999999999996362
2016-12-07,8102.0498046875,-0.005059979081726745,16.850000381469727,6.75,6.52812,0.4117000000000006,2.230398373580811,0.827008381625816,2.10237659963437,Sideways,2.3634004922438627e-12,1.1254409916094628e-79,1.707076081781395e-157,0.999999999996362
2016-12-08,8246.849609375,0.017714169916451,15.529999732971191,6.75,6.52812,0.4117000000000006,2.230398373580811,0.827008381625816,2.10237659963437,Sideways,1.2854732128386033e-11,2.5458041889528524e-79,3.344511316241309e-157,0.9999999999854481
2016-12-09,8261.75,0.0018051676124941,15.069999694824219,6.75,6.52812,0.4117000000000006,2.230398373580811,0.827008381625816,2.10237659963437,Sideways,1.1903557706636007e-09,1.5235681172151916e-79,6.367176297369641e-158,0.9999999988103809
2016-12-12,8170.7998046875,-0.011069630108506541,16.190000534057617,6.75,6.52812,0.4117000000000006,2.230398373580811,0.827008381625816,2.10237659963437,Sideways,8.041462091707735e-12,1.3921883351545456e-79,1.9338468026085013e-157,0.999999999992724
2016-12-13,8221.7998046875,0.006222340051564259,15.920000076293945,6.75,6.52812,0.4117000000000006,2.230398373580811,0.827008381625816,2.10237659963437,Sideways,1.8892487319143884e-08,1.24452129131054e-79,6.292825846071789e-158,0.9999999811079763
2016-12-14,8182.4501953125,-0.004797498800311476,16.59000015258789,6.75,6.52812,0.4117000000000006,2.230398373580811,0.827008381625816,2.10237659963437,Sideways,1.8549571728381892e-09,1.1549471512229302e-79,7.987346044695228e-158,0.9999999981446308
2016-12-15,8153.60009765625,-0.0035320811496494836,15.65999984741211,6.75,6.52812,0.4117000000000006,2.230398373580811,0.827008381625816,2.10237659963437,Sideways,3.0465239275157713e-09,8.407551758053679e-80,8.55689005869563e-158,0.9999999969550117
2016-12-16,8139.4501953125,-0.0017369253327930302,15.25,6.75,6.52812,0.4117000000000006,2.230398373580811,0.827008381625816,2.10237659963437,Sideways,3.3437206006906643e-09,7.370000380118436e-80,9.012490353443987e-158,0.9999999966566975
2016-12-19,8104.35009765625,-0.004321667547371758,14.84000015258789,6.75,6.52812,0.4117000000000006,2.230398373580811,0.827008381625816,2.10237659963437,Sideways,1.060104133131213e-08,5.57134617328343e-80,1.1979929498523481e-157,0.9999999893989299
2016-12-20,8082.39990234375,-0.0027121205636996375,14.539999961853027,6.75,6.52812,0.4117000000000006,2.230398373580811,0.827008381625816,2.10237659963437,Sideways,1.0250736471573904e-08,4.839514103156262e-80,1.3583690121539255e-157,0.9999999897481757
2016-12-21,8061.2998046875,-0.0026140364419853872,14.710000038146973,6.75,6.52812,0.4117000000000006,2.230398373580811,0.827008381625816,2.10237659963437,Sideways,4.200356094329837e-09,4.608585351986852e-80,1.5461060783916127e-157,0.9999999957981345
2016-12-22,7979.10009765625,-0.010249174221346512,15.550000190734863,6.75,6.52812,0.4117000000000006,2.230398373580811,0.827008381625816,2.10237659963437,Sideways,2.7896680486442592e-11,4.460008394177605e-80,4.42680823880734e-157,0.9999999999708962
2016-12-23,7985.75,0.0008330679821808747,15.130000114440918,6.75,6.52812,0.4117000000000006,2.230398373580811,0.827008381625816,2.10237659963437,Sideways,8.370421960822637e-10,3.694522773935906e-80,2.763628629070351e-157,0.9999999991632649
2016-12-26,7908.25,-0.009752185003088458,16.600000381469727,6.75,6.52812,0.4117000000000006,2.230398373580811,0.827008381625816,2.10237659963437,Sideways,1.7331466645136862e-12,4.279095587563973e-80,8.444035847538178e-157,1.0
2016-12-27,8032.85009765625,0.015632877835896817,15.079999923706055,6.75,6.52812,0.4117000000000006,2.230398373580811,0.827008381625816,2.10237659963437,Sideways,1.4775516589305243e-10,6.308125529819135e-80,5.858243085644122e-157,0.9999999998508429
2016-12-28,8034.85009765625,0.00024894664276991384,15.539999961853027,6.75,6.52812,0.4117000000000006,2.230398373580811,0.827008381625816,2.10237659963437,Sideways,1.0183361923752973e-09,4.725369223984137e-80,1.8381689351494068e-157,0.9999999989813659
2016-12-29,8103.60009765625,0.008520076594398652,15.279999732971191,6.75,6.52812,0.4117000000000006,2.230398373580811,0.827008381625816,2.10237659963437,Sideways,5.754263955166654e-09,6.400861528910401e-80,1.61816645044785e-157,0.9999999942447175
2016-12-30,8185.7998046875,0.010092502517199517,15.470000267028809,6.75,6.52812,0.4117000000000006,2.230398373580811,0.827008381625816,2.10237659963437,Sideways,6.878910021402278e-08,8.940851421621514e-80,1.1320528640224231e-157,0.9999999312094611
2017-01-02,8179.5,-0.0007698979027411989,15.829999923706055,6.75,6.7918,0.5493000000000006,1.858681508130644,2.13077200494682,4.2592592592592515,Sideways,4.7148110121026226e-08,2.0125407459362326e-75,7.307547919705809e-187,0.9999999528517958
2017-01-03,8192.25,0.0015575613575361691,15.960000038146973,6.75,6.7918,0.5493000000000006,1.858681508130644,2.13077200494682,4.2592592592592515,Sideways,5.7036571394181025e-08,2.1770028625802593e-75,6.894855570990761e-187,0.9999999429637699
2017-01-04,8190.5,-0.00021363934707617968,15.890000343322754,6.75,6.7918,0.5493000000000006,1.858681508130644,2.13077200494682,4.2592592592592515,Sideways,6.635341122765561e-08,2.0834697996152069e-75,7.045065559527808e-187,0.9999999336469068
2017-01-05,8273.7998046875,0.01011892597298775,15.050000190734863,6.75,6.7918,0.5493000000000006,1.858681508130644,2.13077200494682,4.2592592592592515,Sideways,2.2569837740518545e-06,2.7324061282980327e-75,7.933692664264374e-187,0.999997743015047
2017-01-06,8243.7998046875,-0.0036324930615801707,14.90999984741211,6.75,6.7918,0.5493000000000006,1.858681508130644,2.13077200494682,4.2592592592592515,Sideways,1.8474403031149592e-06,2.0083679995815508e-75,6.386521338119203e-187,0.9999981525596707
2017-01-09,8236.0498046875,-0.0009405426329750955,15.479999542236328,6.75,6.7918,0.5493000000000006,1.858681508130644,2.13077200494682,4.2592592592592515,Sideways,1.4144523815667497e-06,2.105425375916732e-75,6.705161459891395e-187,0.9999985855475642
2017-01-10,8288.599609375,0.006360193250249055,15.199999809265137,6.75,6.7918,0.5493000000000006,1.858681508130644,2.13077200494682,4.2592592592592515,Sideways,1.4099582347958162e-05,2.6418698140936605e-75,6.22987395204503e-187,0.9999859004176792
2017-01-11,8380.650390625,0.011044494137506545,14.8100004196167,6.75,6.7918,0.5493000000000006,1.858681508130644,2.13077200494682,4.2592592592592515,Sideways,0.00028984186910586637,4.1997036328526284e-75,6.181464442910062e-187,0.9997101581293307
2017-01-12,8407.2001953125,0.0031629810720875113,14.609999656677246,6.75,6.7918,0.5493000000000006,1.858681508130644,2.13077200494682,4.2592592592592515,Sideways,0.0016535198638614895,3.801979750457137e-75,3.368019237256372e-187,0.9983464801350517
2017-01-13,8400.349609375,-0.0008151796539613075,14.380000114440918,6.75,6.7918,0.5493000000000006,1.858681508130644,2.13077200494682,4.2592592592592515,Sideways,0.00276914311993174,3.4479581488851476e-75,3.4935767415353947e-187,0.9972308568818781
2017-01-16,8412.7998046875,0.0014810071904502009,15.069999694824219,6.75,6.7918,0.5493000000000006,1.858681508130644,2.13077200494682,4.2592592592592515,Sideways,0.0035160220860814533,4.1167488273705986e-75,3.2797012861132976e-187,0.9964839779133999
2017-01-17,8398.0,-0.001760750075312027,15.390000343322754,6.75,6.7918,0.5493000000000006,1.858681508130644,2.13077200494682,4.2592592592592515,Sideways,0.004451972040296049,4.470215519040702e-75,4.10736458582877e-187,0.9955480279591525
2017-01-18,8417.0,0.002259887967437504,15.180000305175781,6.75,6.7918,0.5493000000000006,1.858681508130644,2.13077200494682,4.2592592592592515,Sideways,0.007975859081461792,4.874267161046562e-75,4.1005864189849274e-187,0.9920241409186631
2017-01-19,8435.099609375,0.0021480547533008396,15.020000457763672,6.75,6.7918,0.5493000000000006,1.858681508130644,2.13077200494682,4.2592592592592515,Sideways,0.012661726341211666,4.516860798159952e-75,3.994152342835411e-187,0.9873382736600436
2017-01-20,8349.349609375,-0.010217880246458876,15.789999961853027,6.75,6.7918,0.5493000000000006,1.858681508130644,2.13077200494682,4.2592592592592515,Sideways,0.014302862026598832,2.185731444634153e-74,5.889104303819198e-186,0.9856971379741897
2017-01-23,8391.5,0.005035644029815811,15.90999984741211,6.75,6.7918,0.5493000000000006,1.858681508130644,2.13077200494682,4.2592592592592515,Sideways,0.11088236636770442,1.0765668325328863e-73,1.608885847583967e-185,0.889117633632084
2017-01-24,8475.7998046875,0.009995732282151228,15.289999961853027,6.75,6.7918,0.5493000000000006,1.858681508130644,2.13077200494682,4.2592592592592515,Bull,0.6088812530568088,9.129870992048135e-74,1.1605223523571093e-185,0.39111874694468857
2017-01-25,8602.75,0.014866898538362306,15.170000076293945,6.75,6.7918,0.5493000000000006,1.858681508130644,2.13077200494682,4.2592592592592515,Bull,0.9160464205678543,3.453993133333056e-74,2.11495804707501e-186,0.08395357943265236
2017-01-30,8632.75,-0.0009841380903137704,16.670000076293945,6.75,6.7918,0.5493000000000006,1.858681508130644,2.13077200494682,4.2592592592592515,Bull,0.9730575820007725,8.347679240440956e-75,1.585070507512811e-187,0.02694241799751419
2017-01-31,8561.2998046875,-0.008311085218864388,16.829999923706055,6.75,6.7918,0.5493000000000006,1.858681508130644,2.13077200494682,4.2592592592592515,Bull,0.9829704118831234,1.7999188696934858e-74,7.642227513369546e-187,0.017029588116251236
2017-02-01,8716.400390625,0.017954328487415367,13.970000267028809,6.75,6.9794,0.8196000000000003,2.6217056115485526,4.32207388878847,5.50887021475257,Bull,0.9987532332401563,2.6698372272467385e-59,4.069374104642536e-135,0.0012467667603448852
2017-02-02,8734.25,0.002045724967320079,13.520000457763672,6.75,6.9794,0.8196000000000003,2.6217056115485526,4.32207388878847,5.50887021475257,Bull,0.9999937507686533,5.07225370123402e-61,2.7039565505772623e-137,6.249231725049891e-06
2017-02-03,8740.9501953125,0.0007668233343177947,13.130000114440918,6.75,6.9794,0.8196000000000003,2.6217056115485526,4.32207388878847,5.50887021475257,Bull,0.9999993536296004,3.333619106278306e-61,1.9862317319757825e-137,6.463717102125e-07
2017-02-06,8801.0498046875,0.006852108598963618,13.399999618530273,6.75,6.9794,0.8196000000000003,2.6217056115485526,4.32207388878847,5.50887021475257,Bull,0.9999994782484916,4.07867740938832e-61,1.729750356953698e-137,5.217522442420259e-07
2017-02-07,8768.2998046875,-0.003728087682222944,13.510000228881836,6.75,6.9794,0.8196000000000003,2.6217056115485526,4.32207388878847,5.50887021475257,Bull,0.9999993410749436,3.954932523174036e-61,1.9790923910454584e-137,6.589245906309695e-07
2017-02-08,8769.0498046875,8.553173850807276e-05,13.350000381469727,6.75,6.9794,0.8196000000000003,2.6217056115485526,4.32207388878847,5.50887021475257,Bull,0.9999994944593168,2.9513675327294203e-61,1.4671849490951056e-137,5.055394189692644e-07
2017-02-09,8778.400390625,0.0010657487804178315,13.239999771118164,6.75,6.9794,0.8196000000000003,2.6217056115485526,4.32207388878847,5.50887021475257,Bull,0.9999995701656204,2.5761174519596568e-61,1.27806284386242e-137,4.2983566675645383e-07
2017-02-10,8793.5498046875,0.0017242727924366554,13.180000305175781,6.75,6.9794,0.8196000000000003,2.6217056115485526,4.32207388878847,5.50887021475257,Bull,0.9999997051091194,1.855405399914404e-61,9.253563823096958e-138,2.948913447839288e-07
2017-02-13,8805.0498046875,0.0013069223565665177,13.6899995803833,6.75,6.9794,0.8196000000000003,2.6217056115485526,4.32207388878847,5.50887021475257,Bull,0.9999996216684656,2.580077856361428e-61,1.020614208626748e-137,3.783315169999604e-07
2017-02-14,8792.2998046875,-0.0014490821077153884,13.800000190734863,6.75,6.9794,0.8196000000000003,2.6217056115485526,4.32207388878847,5.50887021475257,Bull,0.9999995013132654,3.0727692339723897e-61,1.3375595856290674e-137,4.986877340174281e-07
2017-02-15,8724.7001953125,-0.007718210304816345,14.210000038146973,6.75,6.9794,0.8196000000000003,2.6217056115485526,4.32207388878847,5.50887021475257,Bull,0.999996813801391,1.5326711554505496e-60,1.1732436470894256e-136,3.1861971028871437e-06
2017-02-16,8778.0,0.006090485336691579,13.729999542236328,6.75,6.9794,0.8196000000000003,2.6217056115485526,4.32207388878847,5.50887021475257,Bull,0.9999990318469966,5.773978008871144e-61,2.949973110238368e-137,9.681542776744518e-07
2017-02-17,8821.7001953125,0.004966026084143879,13.430000305175781,6.75,6.9794,0.8196000000000003,2.6217056115485526,4.32207388878847,5.50887021475257,Bull,0.9999994654537269,3.7470132333982115e-61,1.5321400526420337e-137,5.34545196191367e-07
2017-02-20,8879.2001953125,0.006496867502078924,13.609999656677246,6.75,6.9794,0.8196000000000003,2.6217056115485526,4.32207388878847,5.50887021475257,Bull,0.9999994809369565,5.0428645400682854e-61,1.4094432942538192e-137,5.19064484344886e-07
2017-02-21,8907.849609375,0.0032213817527225,13.529999732971191,6.75,6.9794,0.8196000000000003,2.6217056115485526,4.32207388878847,5.50887021475257,Bull,0.9999998002713455,2.050531460585045e-61,5.218471794238383e-138,1.9973021058265226e-07
2017-02-22,8926.900390625,0.0021363673161383717,13.699999809265137,6.75,6.9794,0.8196000000000003,2.6217056115485526,4.32207388878847,5.50887021475257,Bull,0.9999997968407321,2.276999073104048e-61,4.904286227986251e-138,2.031591967282353e-07
2017-02-23,8939.5,0.0014104252886116898,13.399999618530273,6.75,6.9794,0.8196000000000003,2.6217056115485526,4.32207388878847,5.50887021475257,Bull,0.9999998590792628,1.5904276781833052e-61,3.7639009379681574e-138,1.409201168171769e-07
2017-02-28,8879.599609375,-0.0019239764630964217,13.789999961853027,6.75,6.9794,0.8196000000000003,2.6217056115485526,4.32207388878847,5.50887021475257,Bull,0.9999998046805749,1.621308667006693e-61,6.316288457404086e-138,1.9532035934251033e-07
2017-03-01,8945.7998046875,0.007427659614302356,13.579999923706055,6.75,7.11756,1.1912599999999998,2.6119239199245525,3.2965393318533,5.106778087279484,Bull,0.9999996634178954,2.304856234476112e-47,7.236917387828594e-136,3.36580428545944e-07
2017-03-02,8899.75,-0.005160940111567701,13.359999656677246,6.75,7.11756,1.1912599999999998,2.6119239199245525,3.2965393318533,5.106778087279484,Bull,0.999999686399,1.4793547992842742e-47,7.3617903531882e-136,3.1360007841093154e-07
2017-03-03,8897.5498046875,-0.0002472504647169898,13.350000381469727,6.75,7.11756,1.1912599999999998,2.6119239199245525,3.2965393318533,5.106778087279484,Bull,0.9999996364786717,1.7441101588346425e-47,1.3896267436093817e-135,3.635211433683855e-07
2017-03-06,8963.4501953125,0.00737928331770254,13.640000343322754,6.75,7.11756,1.1912599999999998,2.6119239199245525,3.2965393318533,5.106778087279484,Bull,0.9999995615290624,3.24218575728367e-47,1.6602350458371215e-135,4.3846998101008013e-07
2017-03-07,8946.900390625,-0.0018480720763560477,13.880000114440918,6.75,7.11756,1.1912599999999998,2.6119239199245525,3.2965393318533,5.106778087279484,Bull,0.9999996006191283,2.4382145417152745e-47,1.1275297412904009e-135,3.9938097362688824e-07
2017-03-08,8924.2998046875,-0.0025292759007722594,14.079999923706055,6.75,7.11756,1.1912599999999998,2.6119239199245525,3.2965393318533,5.106778087279484,Bull,0.9999994286228497,3.120874344627868e-47,1.7128597232227186e-135,5.713765622579421e-07
2017-03-09,8927.0,0.0003025208654424808,14.390000343322754,6.75,7.11756,1.1912599999999998,2.6119239199245525,3.2965393318533,5.106778087279484,Bull,0.999999242896879,4.3299968344047e-47,2.2269017237871588e-135,7.571037526992831e-07
2017-03-10,8934.5498046875,0.0008453695473995277,13.960000038146973,6.75,7.11756,1.1912599999999998,2.6119239199245525,3.2965393318533,5.106778087279484,Bull,0.9999994698593169,2.933255424530909e-47,1.671992820781793e-135,5.301388693316333e-07
2017-03-15,9084.7998046875,-0.00024215491551740303,12.420000076293945,6.75,7.11756,1.1912599999999998,2.6119239199245525,3.2965393318533,5.106778087279484,Bull,0.9999998566745593,1.3317901382003641e-47,6.671221860415037e-136,1.4332636655582294e-07
2017-03-16,9153.7001953125,0.0075555246752815495,11.90999984741211,6.75,7.11756,1.1912599999999998,2.6119239199245525,3.2965393318533,5.106778087279484,Bull,0.9999998715357006,1.6783884941721587e-47,8.690678433692122e-136,1.2846539335114487e-07
2017-03-17,9160.0498046875,0.000693425391241901,11.850000381469727,6.75,7.11756,1.1912599999999998,2.6119239199245525,3.2965393318533,5.106778087279484,Bull,0.9999999128122037,1.0294959248267935e-47,4.663813366377222e-136,8.718666218441325e-08
2017-03-20,9126.849609375,-0.0036310400180971465,12.020000457763672,6.75,7.11756,1.1912599999999998,2.6119239199245525,3.2965393318533,5.106778087279484,Bull,0.999999894178478,9.922985214755985e-48,5.425573923731214e-136,1.0582293827682287e-07
2017-03-21,9121.5,-0.0005863115999817308,11.9399995803833,6.75,7.11756,1.1912599999999998,2.6119239199245525,3.2965393318533,5.106778087279484,Bull,0.9999998737694193,1.142728944111742e-47,8.001347585395342e-136,1.2623194406978304e-07
2017-03-22,9030.4501953125,-0.010032042543653485,12.270000457763672,6.75,7.11756,1.1912599999999998,2.6119239199245525,3.2965393318533,5.106778087279484,Bull,0.9999996577681162,1.9064022376491004e-47,2.4990549880882774e-135,3.422321556353934e-07
2017-03-23,9086.2998046875,0.006165541424006181,11.84000015258789,6.75,7.11756,1.1912599999999998,2.6119239199245525,3.2965393318533,5.106778087279484,Bull,0.9999998794301136,8.805143435958751e-48,6.769897782740549e-136,1.205697996027059e-07
2017-03-24,9108.0,0.0023853850750034113,11.979999542236328,6.75,7.11756,1.1912599999999998,2.6119239199245525,3.2965393318533,5.106778087279484,Bull,0.9999998970779469,7.909050979325596e-48,5.008863011175897e-136,1.0292335545822226e-07
2017-03-27,9045.2001953125,-0.006918896341847197,12.4399995803833,6.75,7.11756,1.1912599999999998,2.6119239199245525,3.2965393318533,5.106778087279484,Bull,0.9999997842897079,1.1567350012112442e-47,1.0363151246162165e-135,2.1571027619032466e-07
2017-03-28,9100.7998046875,0.006128048426003716,12.119999885559082,6.75,7.11756,1.1912599999999998,2.6119239199245525,3.2965393318533,5.106778087279484,Bull,0.9999998774001218,8.910467122876212e-48,5.377830075206242e-136,1.2259990329802983e-07
2017-03-29,9143.7998046875,0.004713732341589461,12.09000015258789,6.75,7.11756,1.1912599999999998,2.6119239199245525,3.2965393318533,5.106778087279484,Bull,0.9999998989333159,8.791899182658691e-48,3.915325102121017e-136,1.0106841704348538e-07
2017-03-30,9173.75,0.0032701122498964663,12.149999618530273,6.75,7.11756,1.1912599999999998,2.6119239199245525,3.2965393318533,5.106778087279484,Bull,0.9999999082829205,8.806011418117489e-48,3.2794735128510975e-136,9.171822132158362e-08
2017-03-31,9173.75,0.0,12.420000076293945,6.75,7.11756,1.1912599999999998,2.6119239199245525,3.2965393318533,5.106778087279484,Bull,0.9999998975072283,9.494448793898235e-48,3.5111719443540654e-136,1.0249390614759725e-07
2017-04-03,9237.849609375,0.006962987433382358,11.489999771118164,6.5,7.16485,1.1290500000000003,2.2140356665017125,3.25916961909212,3.8532110091743066,Bull,0.9999999462743304,2.442144026461251e-51,3.378208366761147e-153,5.372481183540114e-08
2017-04-06,9261.9501953125,-0.00034546099962948787,11.289999961853027,6.5,7.16485,1.1290500000000003,2.2140356665017125,3.25916961909212,3.8532110091743066,Bull,0.9999999627289078,1.6804418488609362e-51,2.106073671440758e-153,3.727136582840113e-08
2017-04-07,9198.2998046875,-0.006895967591191596,11.6899995803833,6.5,7.16485,1.1290500000000003,2.2140356665017125,3.25916961909212,3.8532110091743066,Bull,0.9999999332176253,2.071005663880756e-51,3.9518633445320437e-153,6.678399798514826e-08
2017-04-10,9181.4501953125,-0.001833497636833679,11.619999885559082,6.5,7.16485,1.1290500000000003,2.2140356665017125,3.25916961909212,3.8532110091743066,Bull,0.999999953663065,1.2442664420727562e-51,2.2600973273381348e-153,4.633574103252139e-08
2017-04-11,9237.0,0.006031992108960761,11.399999618530273,6.5,7.16485,1.1290500000000003,2.2140356665017125,3.25916961909212,3.8532110091743066,Bull,0.9999999523097369,1.8401098124180264e-51,2.752539514097763e-153,4.7689444053028425e-08
2017-04-12,9203.4501953125,-0.0036387226287440087,11.630000114440918,6.5,7.16485,1.1290500000000003,2.2140356665017125,3.25916961909212,3.8532110091743066,Bull,0.9999999516949186,1.3968179137924797e-51,2.2292143926401775e-153,4.830548406751043e-08
2017-04-13,9150.7998046875,-0.005737149166000338,11.579999923706055,6.5,7.16485,1.1290500000000003,2.2140356665017125,3.25916961909212,3.8532110091743066,Bull,0.9999999305655389,1.4796735449731978e-51,3.495922099940041e-153,6.943443493427055e-08
2017-04-18,9105.150390625,-0.003743544319295666,12.380000114440918,6.5,7.16485,1.1290500000000003,2.2140356665017125,3.25916961909212,3.8532110091743066,Bull,0.9999999111241817,1.4693100633602828e-51,2.965790045581395e-153,8.8877126604309e-08
2017-04-19,9103.5,-0.00018127544810997014,12.220000267028809,6.5,7.16485,1.1290500000000003,2.2140356665017125,3.25916961909212,3.8532110091743066,Bull,0.9999999242936639,1.2246507432288469e-51,2.801875593540419e-153,7.570646110048883e-08
2017-04-20,9136.400390625,0.00360752258526342,11.5600004196167,6.5,7.16485,1.1290500000000003,2.2140356665017125,3.25916961909212,3.8532110091743066,Bull,0.9999999402753037,1.147635289167731e-51,2.8840305692128427e-153,5.972492968272157e-08
2017-04-21,9119.400390625,-0.0018624222643066866,11.420000076293945,6.5,7.16485,1.1290500000000003,2.2140356665017125,3.25916961909212,3.8532110091743066,Bull,0.9999999344618139,1.0904295405933082e-51,3.406871314978741e-153,6.55376627493226e-08
2017-04-24,9217.9501953125,0.010748636018943606,11.630000114440918,6.5,7.16485,1.1290500000000003,2.2140356665017125,3.25916961909212,3.8532110091743066,Bull,0.9999998987841587,3.339481611954272e-51,5.940715928104113e-153,1.0121656974355982e-07
2017-04-25,9306.599609375,0.009571092601938416,11.15999984741211,6.5,7.16485,1.1290500000000003,2.2140356665017125,3.25916961909212,3.8532110091743066,Bull,0.999999932257199,3.2819344038283033e-51,4.85310611210398e-153,6.774138033284075e-08
2017-04-26,9351.849609375,0.00485035901773151,11.739999771118164,6.5,7.16485,1.1290500000000003,2.2140356665017125,3.25916961909212,3.8532110091743066,Bull,0.9999999615283749,2.0141361208359055e-51,1.59286371007629e-153,3.8470916739100224e-08
2017-04-27,9342.150390625,-0.001037682638315093,11.069999694824219,6.5,7.16485,1.1290500000000003,2.2140356665017125,3.25916961909212,3.8532110091743066,Bull,0.999999966112228,1.5418930922033178e-51,1.743889620526693e-153,3.388850003202978e-08
2017-04-28,9304.0498046875,-0.004086692040742791,10.859999656677246,6.5,7.16485,1.1290500000000003,2.2140356665017125,3.25916961909212,3.8532110091743066,Bull,0.9999999568171924,1.545128066430725e-51,2.9170595925050347e-153,4.3181542564985655e-08
2017-05-03,9311.9501953125,-0.00019860777483643832,11.529999732971191,6.5,7.1144,0.7070999999999996,1.0909160044108024,2.18489948677068,2.264492753623193,Bull,0.9999999626816141,5.281338265393679e-75,1.9356203311383236e-242,3.731736566425718e-08
2017-05-04,9359.900390625,0.005136105872378302,11.329999923706055,6.5,7.1144,0.7070999999999996,1.0909160044108024,2.18489948677068,2.264492753623193,Bull,0.9999999589272202,7.820743877851382e-75,2.6031835797471645e-242,4.107454928000015e-08
2017-05-05,9285.2998046875,-0.008002164979810267,11.989999771118164,6.5,7.1144,0.7070999999999996,1.0909160044108024,2.18489948677068,2.264492753623193,Bull,0.9999999199317277,9.445085711606748e-75,4.158157070580961e-242,8.006687085076974e-08
2017-05-08,9314.0498046875,0.0030915084131222883,11.670000076293945,6.5,7.1144,0.7070999999999996,1.0909160044108024,2.18489948677068,2.264492753623193,Bull,0.999999959454727,5.414184655150302e-75,1.7460100833837513e-242,4.0544254647213505e-08
2017-05-09,9316.849609375,0.0003005549701442118,11.109999656677246,6.5,7.1144,0.7070999999999996,1.0909160044108024,2.18489948677068,2.264492753623193,Bull,0.9999999619831222,4.939498868709274e-75,2.226535631490989e-242,3.801827288260529e-08
2017-05-10,9407.2998046875,0.009661416055306064,10.949999809265137,6.5,7.1144,0.7070999999999996,1.0909160044108024,2.18489948677068,2.264492753623193,Bull,0.9999999348765435,1.503034962046049e-74,5.665551641786072e-242,6.512362120617953e-08
2017-05-11,9422.400390625,0.0016039118008357616,10.84000015258789,6.5,7.1144,0.7070999999999996,1.0909160044108024,2.18489948677068,2.264492753623193,Bull,0.9999999671672418,6.87948776952295e-75,2.223812362611161e-242,3.2833791579927186e-08
2017-05-12,9400.900390625,-0.0022844037397764944,10.630000114440918,6.5,7.1144,0.7070999999999996,1.0909160044108024,2.18489948677068,2.264492753623193,Bull,0.999999962856237,6.565044297832953e-75,2.8619703118727266e-242,3.714224202156166e-08
2017-05-15,9445.400390625,0.004722420937348687,10.680000305175781,6.5,7.1144,0.7070999999999996,1.0909160044108024,2.18489948677068,2.264492753623193,Bull,0.9999999629908423,8.4488563494711765e-75,3.0654598947688872e-242,3.701008239981208e-08
2017-05-16,9512.25,0.007052549770711115,10.5600004196167,6.5,7.1144,0.7070999999999996,1.0909160044108024,2.18489948677068,2.264492753623193,Bull,0.9999999597384893,1.2828263309898472e-74,4.279550042461648e-242,4.0261995069665246e-08
2017-05-17,9525.75,0.0014182164368899746,10.640000343322754,6.5,7.1144,0.7070999999999996,1.0909160044108024,2.18489948677068,2.264492753623193,Bull,0.9999999710780689,8.836539256022433e-75,2.666354854449765e-242,2.892062505758812e-08
2017-05-18,9429.4501953125,-0.01016086690923151,11.789999961853027,6.5,7.1144,0.7070999999999996,1.0909160044108024,2.18489948677068,2.264492753623193,Bull,0.9999999134088322,1.4736325205686056e-74,6.0394372768315784e-242,8.659218107739531e-08
2017-05-19,9427.900390625,-0.00016437141409942322,11.300000190734863,6.5,7.1144,0.7070999999999996,1.0909160044108024,2.18489948677068,2.264492753623193,Bull,0.999999967814802,4.925338558885096e-75,1.643249407911835e-242,3.218616294971676e-08
2017-05-22,9438.25,0.0010971618691591547,11.199999809265137,6.5,7.1144,0.7070999999999996,1.0909160044108024,2.18489948677068,2.264492753623193,Bull,0.999999968498742,5.032346320568817e-75,1.6925981897366572e-242,3.150303354545895e-08
2017-05-23,9386.150390625,-0.005535341505865151,12.199999809265137,6.5,7.1144,0.7070999999999996,1.0909160044108024,2.18489948677068,2.264492753623193,Bull,0.9999999373249031,7.313082403653357e-75,2.4266520631533455e-242,6.267378646045574e-08
2017-05-24,9360.5498046875,-0.002731211528938736,11.829999923706055,6.5,7.1144,0.7070999999999996,1.0909160044108024,2.18489948677068,2.264492753623193,Bull,0.999999950265193,4.831507717438053e-75,2.296485349687352e-242,4.9733360049339605e-08
2017-05-25,9509.75,0.01581355951256376,10.449999809265137,6.5,7.1144,0.7070999999999996,1.0909160044108024,2.18489948677068,2.264492753623193,Bull,0.9999997630511924,7.840633347087473e-74,5.3166451136460615e-241,2.369475090973063e-07
2017-05-26,9595.099609375,0.008934922695320598,10.859999656677246,6.5,7.1144,0.7070999999999996,1.0909160044108024,2.18489948677068,2.264492753623193,Bull,0.9999999409810716,2.3273015001325654e-74,4.7493788619580374e-242,5.9020505534881904e-08
2017-05-29,9604.900390625,0.001020914802213731,11.789999961853027,6.5,7.1144,0.7070999999999996,1.0909160044108024,2.18489948677068,2.264492753623193,Bull,0.9999999655119615,1.2203297234843163e-74,1.233556376838301e-242,3.448927603463215e-08
2017-05-30,9624.5498046875,0.0020436799494468433,11.770000457763672,6.5,7.1144,0.7070999999999996,1.0909160044108024,2.18489948677068,2.264492753623193,Bull,0.9999999681276682,1.2171939775699641e-74,1.2302546993646878e-242,3.187212209956399e-08
2017-05-31,9621.25,-0.0003429116745806887,11.760000228881836,6.5,7.1144,0.7070999999999996,1.0909160044108024,2.18489948677068,2.264492753623193,Bull,0.9999999680258048,1.1402535099302564e-74,1.2098470900174773e-242,3.197492627931196e-08
2017-06-01,9616.099609375,-0.0005354574151470177,11.3100004196167,6.5,6.58302,0.30123999999999995,1.0830389642991545,-0.585805093018332,0.8952551477170889,Bull,0.9999999499414128,2.642206995738159e-93,7.028175365963063e-244,5.0056924761412605e-08
2017-06-02,9653.5,0.003881807442491232,10.8100004196167,6.5,6.58302,0.30123999999999995,1.0830389642991545,-0.585805093018332,0.8952551477170889,Bull,0.9999999535575637,3.046262892462339e-93,1.0551223458210511e-243,4.6442841091892685e-08
2017-06-05,9675.099609375,0.00223499051174814,11.020000457763672,6.5,6.58302,0.30123999999999995,1.0830389642991545,-0.585805093018332,0.8952551477170889,Bull,0.9999999581341408,2.903948900260922e-93,8.322372362708567e-244,4.1864728819586457e-08
2017-06-06,9637.150390625,-0.003930072114359614,11.130000114440918,6.5,6.58302,0.30123999999999995,1.0830389642991545,-0.585805093018332,0.8952551477170889,Bull,0.9999999495121313,2.602435628971783e-93,9.39615173984032e-244,5.0488250445437384e-08
2017-06-07,9663.900390625,0.002771871586730097,10.890000343322754,6.5,6.58302,0.30123999999999995,1.0830389642991545,-0.585805093018332,0.8952551477170889,Bull,0.999999957923138,2.582233531665033e-93,9.355682752284746e-244,4.2078228960175586e-08
2017-06-08,9647.25,-0.0017244332330555142,11.069999694824219,6.5,6.58302,0.30123999999999995,1.0830389642991545,-0.585805093018332,0.8952551477170889,Bull,0.9999999572719398,2.217631845720344e-93,8.272971992684738e-244,4.272705626429987e-08
2017-06-09,9668.25,0.0021744203643893584,10.859999656677246,6.5,6.58302,0.30123999999999995,1.0830389642991545,-0.585805093018332,0.8952551477170889,Bull,0.9999999577157732,2.5072747038019154e-93,9.363768133515396e-244,4.228557833816327e-08
2017-06-12,9616.400390625,-0.005377306123000276,11.420000076293945,6.5,6.58302,0.30123999999999995,1.0830389642991545,-0.585805093018332,0.8952551477170889,Bull,0.9999999416868394,2.3766640989757806e-93,1.0298049584111487e-243,5.8313268353379075e-08
2017-06-13,9606.900390625,-0.0009883839285963953,11.34000015258789,6.5,6.58302,0.30123999999999995,1.0830389642991545,-0.585805093018332,0.8952551477170889,Bull,0.9999999563369794,1.6227454404326488e-93,7.283940865384938e-244,4.366210193138974e-08
2017-06-14,9618.150390625,0.001170348147540874,11.180000305175781,6.5,6.58302,0.30123999999999995,1.0830389642991545,-0.585805093018332,0.8952551477170889,Bull,0.9999999575557021,1.6678396699039016e-93,7.613789348498616e-244,4.2443039782982944e-08
2017-06-15,9578.0498046875,-0.00417797729350316,11.329999923706055,6.5,6.58302,0.30123999999999995,1.0830389642991545,-0.585805093018332,0.8952551477170889,Bull,0.999999942770957,1.7168893270744284e-93,1.245876704507199e-243,5.722965004697126e-08
2017-06-16,9588.0498046875,0.0010435092284018055,10.920000076293945,6.5,6.58302,0.30123999999999995,1.0830389642991545,-0.585805093018332,0.8952551477170889,Bull,0.9999999529463832,1.4788973141271156e-93,1.1455955762930741e-243,4.705541225172142e-08
2017-06-19,9657.5498046875,0.0072224616043765726,10.630000114440918,6.5,6.58302,0.30123999999999995,1.0830389642991545,-0.585805093018332,0.8952551477170889,Bull,0.9999999369320014,3.244734162567607e-93,2.1177945882552828e-243,6.30674280913406e-08
2017-06-20,9653.5,-0.00041942875067181194,10.65999984741211,6.5,6.58302,0.30123999999999995,1.0830389642991545,-0.585805093018332,0.8952551477170889,Bull,0.9999999531355581,2.0966106888664576e-93,1.3321555072897775e-243,4.686612201107081e-08
2017-06-21,9633.599609375,-0.0020635967138743832,10.920000076293945,6.5,6.58302,0.30123999999999995,1.0830389642991545,-0.585805093018332,0.8952551477170889,Bull,0.9999999508945633,1.875647717637919e-93,1.238088758604969e-243,4.910647294784099e-08
2017-06-22,9630.0,-0.00037372136982585634,11.210000038146973,6.5,6.58302,0.30123999999999995,1.0830389642991545,-0.585805093018332,0.8952551477170889,Bull,0.9999998973362433,4.017073179389394e-93,4.2347773029379334e-243,1.0266368596029398e-07
2017-06-23,9574.9501953125,-0.005732892290795095,11.5600004196167,6.5,6.58302,0.30123999999999995,1.0830389642991545,-0.585805093018332,0.8952551477170889,Bull,0.9999997749073626,6.395051613072075e-93,1.117203301121536e-242,2.2509438294226147e-07
2017-06-28,9491.25,-0.002120798705808072,11.989999771118164,6.5,6.58302,0.30123999999999995,1.0830389642991545,-0.585805093018332,0.8952551477170889,Bull,0.9999997436280283,4.3739931142042835e-93,9.320061415161289e-243,2.5637167647286536e-07
2017-06-29,9504.099609375,0.001352921804466218,11.380000114440918,6.5,6.58302,0.30123999999999995,1.0830389642991545,-0.585805093018332,0.8952551477170889,Bull,0.9999997845079865,3.909772642859637e-93,1.0097309061580912e-242,2.154928830202884e-07
2017-06-30,9520.900390625,0.0017661798283679123,11.729999542236328,6.5,6.58302,0.30123999999999995,1.0830389642991545,-0.585805093018332,0.8952551477170889,Bull,0.9999997984669083,3.960184953096855e-93,7.798051908760647e-243,2.0153444443771775e-07
2017-07-03,9615.0,0.00983495586260243,11.199999809265137,6.5,6.54905,0.34787500000000016,1.785755965668523,0.176958777076397,1.878354203935606,Bull,0.9999999300998776,1.5014240001239911e-86,2.033317968935232e-185,6.990106867336878e-08
2017-07-04,9613.2998046875,-0.00017684302140083614,11.279999732971191,6.5,6.54905,0.34787500000000016,1.785755965668523,0.176958777076397,1.878354203935606,Bull,0.9999999609644882,6.972001103045767e-87,7.289442683474813e-186,3.9035225227460706e-08
2017-07-05,9637.599609375,0.0025245384198064923,11.149999618530273,6.5,6.54905,0.34787500000000016,1.785755965668523,0.176958777076397,1.878354203935606,Bull,0.9999999612082328,7.975793333387579e-87,7.847523340712486e-186,3.8791733806527374e-08
2017-07-06,9674.5498046875,0.00382663157881288,10.979999542236328,6.5,6.54905,0.34787500000000016,1.785755965668523,0.176958777076397,1.878354203935606,Bull,0.9999999574320109,1.085875280567057e-86,9.999724868864407e-186,4.2566900594457365e-08
2017-07-07,9665.7998046875,-0.000904844097829429,10.869999885559082,6.5,6.54905,0.34787500000000016,1.785755965668523,0.176958777076397,1.878354203935606,Bull,0.9999999579777077,9.55586908746179e-87,9.972498255327101e-186,4.2022864673519216e-08
2017-07-10,9771.0498046875,0.010830050223587575,10.90999984741211,6.5,6.54905,0.34787500000000016,1.785755965668523,0.176958777076397,1.878354203935606,Bull,0.9999999468091133,2.292513044059033e-86,1.7177739341100853e-185,5.319248581453794e-08
2017-07-11,9786.0498046875,0.0015339700917757582,10.890000343322754,6.5,6.54905,0.34787500000000016,1.785755965668523,0.176958777076397,1.878354203935606,Bull,0.999999976862455,8.793076484909346e-87,4.47927149067223e-186,2.3136601746522263e-08
2017-07-12,9816.099609375,0.003065972775967725,11.050000190734863,6.5,6.54905,0.34787500000000016,1.785755965668523,0.176958777076397,1.878354203935606,Bull,0.9999999739775379,1.1482493612666124e-86,5.549579819040395e-186,2.6021546619542844e-08
2017-07-13,9891.7001953125,0.0076721863955028615,11.25,6.5,6.54905,0.34787500000000016,1.785755965668523,0.176958777076397,1.878354203935606,Bull,0.9999999694700823,2.0784018087105725e-86,7.552130595121127e-186,3.052915392082589e-08
2017-07-14,9886.349609375,-0.0005410630593885717,11.170000076293945,6.5,6.54905,0.34787500000000016,1.785755965668523,0.176958777076397,1.878354203935606,Bull,0.9999999793690224,1.179405056858105e-86,3.958829055422357e-186,2.063093056129433e-08
2017-07-17,9915.9501953125,0.0029896131536668747,11.460000038146973,6.5,6.54905,0.34787500000000016,1.785755965668523,0.176958777076397,1.878354203935606,Bull,0.9999999762294468,1.619134258287655e-86,4.721019119538952e-186,2.376888191624392e-08
2017-07-18,9827.150390625,-0.008995588419495522,11.489999771118164,6.5,6.54905,0.34787500000000016,1.785755965668523,0.176958777076397,1.878354203935606,Bull,0.9999999624778872,1.3648475179345261e-86,7.324494298139569e-186,3.7523607270361584e-08
2017-07-19,9899.599609375,0.007345309743460549,11.260000228881836,6.5,6.54905,0.34787500000000016,1.785755965668523,0.176958777076397,1.878354203935606,Bull,0.9999999757783374,1.4513270844559175e-86,4.59734946894923e-186,2.4221705989819014e-08
2017-07-20,9873.2998046875,-0.002660188538483533,11.319999694824219,6.5,6.54905,0.34787500000000016,1.785755965668523,0.176958777076397,1.878354203935606,Bull,0.999999981664587,8.03307426186054e-87,2.591160234606594e-186,1.8337027853252984e-08
2017-07-21,9915.25,0.004239851688892752,11.09000015258789,6.5,6.54905,0.34787500000000016,1.785755965668523,0.176958777076397,1.878354203935606,Bull,0.9999999807441784,1.1318836759278203e-86,3.293469533689108e-186,1.925577517965876e-08
2017-07-24,9966.400390625,0.005145498736317388,11.3100004196167,6.5,6.54905,0.34787500000000016,1.785755965668523,0.176958777076397,1.878354203935606,Bull,0.9999999804567781,1.4834466205564224e-86,3.327958532340065e-186,1.95435829900292e-08
2017-07-25,9964.5498046875,-0.00018569972075426088,10.90999984741211,6.5,6.54905,0.34787500000000016,1.785755965668523,0.176958777076397,1.878354203935606,Bull,0.9999999814681362,1.2894889117077874e-86,3.910475860648857e-186,1.853237797353391e-08
2017-07-26,10020.650390625,0.005614227803035337,11.170000076293945,6.5,6.54905,0.34787500000000016,1.785755965668523,0.176958777076397,1.878354203935606,Bull,0.9999999780011424,2.1522837447595494e-86,5.27046393398308e-186,2.1998761667028765e-08
2017-07-27,10020.5498046875,-1.0037915545995924e-05,11.220000267028809,6.5,6.54905,0.34787500000000016,1.785755965668523,0.176958777076397,1.878354203935606,Bull,0.9999999819337974,1.5917397692175627e-86,3.568989603144358e-186,1.8066535261784098e-08
2017-07-28,10014.5,-0.0006039221195206731,11.140000343322754,6.5,6.54905,0.34787500000000016,1.785755965668523,0.176958777076397,1.878354203935606,Bull,0.9999999822066458,1.4431711941202052e-86,3.5125359305310804e-186,1.7794678039865964e-08
2017-07-31,10077.099609375,0.006231441314613235,11.899999618530273,6.5,6.54905,0.34787500000000016,1.785755965668523,0.176958777076397,1.878354203935606,Bull,0.999999973959348,3.210583678634817e-86,5.303212326598918e-186,2.604212269845678e-08
2017-08-01,10114.650390625,0.003719422490879323,11.90999984741211,6.25,6.6025,0.46335000000000015,2.518064086602312,3.74147431327316,3.237410071942448,Bull,0.999999991250661,3.101657806201846e-76,2.7008478258593403e-129,8.748879905161333e-09
2017-08-02,10081.5,-0.0032828454686495033,11.9399995803833,6.25,6.6025,0.46335000000000015,2.518064086602312,3.74147431327316,3.237410071942448,Bull,0.9999999918691174,2.0709846552535016e-76,2.134386300130834e-129,8.130604857644096e-09
2017-08-03,10013.650390625,-0.006752859858295522,11.640000343322754,6.25,6.6025,0.46335000000000015,2.518064086602312,3.74147431327316,3.237410071942448,Bull,0.9999999904612196,1.451594845539188e-76,2.6301753372347565e-129,9.540444368135773e-09
2017-08-04,10066.400390625,0.005253982862758577,11.390000343322754,6.25,6.6025,0.46335000000000015,2.518064086602312,3.74147431327316,3.237410071942448,Bull,0.9999999930550985,1.5100288732053014e-76,1.9620369133664826e-129,6.9442878152781905e-09
2017-08-07,10057.400390625,-0.0008944632972548343,11.899999618530273,6.25,6.6025,0.46335000000000015,2.518064086602312,3.74147431327316,3.237410071942448,Bull,0.9999999928550096,1.3413398490655044e-76,1.6661789335020953e-129,7.144814259421546e-09
2017-08-08,9978.5498046875,-0.007870951189924851,12.770000457763672,6.25,6.6025,0.46335000000000015,2.518064086602312,3.74147431327316,3.237410071942448,Bull,0.9999999838400982,1.8024527292753768e-76,2.8506006005931337e-129,1.6159528650324007e-08
2017-08-09,9908.0498046875,-0.007090231284273741,13.449999809265137,6.25,6.6025,0.46335000000000015,2.518064086602312,3.74147431327316,3.237410071942448,Bull,0.9999999740248317,1.8332028352104116e-76,3.080327427193035e-129,2.5976493107013857e-08
2017-08-10,9820.25,-0.008900958038211523,13.800000190734863,6.25,6.6025,0.46335000000000015,2.518064086602312,3.74147431327316,3.237410071942448,Bull,0.9999999287538256,2.9702425716730905e-76,8.751105313338486e-129,7.124646651768634e-08
2017-08-11,9710.7998046875,-0.01120793220489222,15.199999809265137,6.25,6.6025,0.46335000000000015,2.518064086602312,3.74147431327316,3.237410071942448,Bull,0.999998858821269,3.0797861297443705e-75,1.374111605641092e-127,1.1411789916536804e-06
2017-08-14,9794.150390625,0.008546660459731773,14.380000114440918,6.25,6.6025,0.46335000000000015,2.518064086602312,3.74147431327316,3.237410071942448,Bull,0.9999998573766891,5.572045411740738e-76,1.1326563272667619e-128,1.4262421305181078e-07
2017-08-17,9904.150390625,0.0006919277268328227,14.34000015258789,6.25,6.6025,0.46335000000000015,2.518064086602312,3.74147431327316,3.237410071942448,Bull,0.999999962867151,2.448759370122264e-76,2.2186242481602966e-129,3.7131821524625775e-08
2017-08-18,9837.400390625,-0.006762412448120804,14.569999694824219,6.25,6.6025,0.46335000000000015,2.518064086602312,3.74147431327316,3.237410071942448,Bull,0.9999998971179647,4.556558824417099e-76,7.920550604314438e-129,1.0288270821133352e-07
2017-08-21,9754.349609375,-0.008478188903126932,14.819999694824219,6.25,6.6025,0.46335000000000015,2.518064086602312,3.74147431327316,3.237410071942448,Bull,0.9999996451552481,9.921447194578609e-76,3.0120438785536907e-128,3.548462445472941e-07
2017-08-22,9765.5498046875,0.0011475670344457027,14.109999656677246,6.25,6.6025,0.46335000000000015,2.518064086602312,3.74147431327316,3.237410071942448,Bull,0.9999999185020021,2.0798608258326226e-76,5.3017833279682304e-129,8.14973169712833e-08
2017-08-23,9852.5,0.008864363739937172,13.180000305175781,6.25,6.6025,0.46335000000000015,2.518064086602312,3.74147431327316,3.237410071942448,Bull,0.9999999558531282,1.8863390594808622e-76,4.400322507767272e-129,4.4145737504877716e-08
2017-08-24,9857.0498046875,0.0004616853061997081,12.569999694824219,6.25,6.6025,0.46335000000000015,2.518064086602312,3.74147431327316,3.237410071942448,Bull,0.9999999807369024,6.94229824531478e-77,1.6047687620120802e-129,1.926287833310156e-08
2017-08-29,9796.0498046875,-0.011847608353940924,13.539999961853027,6.25,6.6025,0.46335000000000015,2.518064086602312,3.74147431327316,3.237410071942448,Bull,0.9999997908780861,6.096273347507292e-76,2.6467303499999645e-128,2.0912359277390842e-07
2017-08-30,9884.400390625,0.0089785730092648,12.890000343322754,6.25,6.6025,0.46335000000000015,2.518064086602312,3.74147431327316,3.237410071942448,Bull,0.9999999446226882,2.6167327208424306e-76,5.049718422304142e-129,5.5376157020170163e-08
2017-08-31,9917.900390625,0.0033834484516002566,11.949999809265137,6.25,6.6025,0.46335000000000015,2.518064086602312,3.74147431327316,3.237410071942448,Bull,0.9999999771061996,1.1128793520466156e-76,2.0702154313864725e-129,2.2894300720301115e-08
2017-09-01,9974.400390625,0.005680605029627355,11.680000305175781,6.25,6.72384,0.6239999999999997,2.8881353628831707,4.38430838966175,3.1418312387791802,Bull,0.999999981151632,1.721756642473511e-67,6.098457997633201e-107,1.8849626408211346e-08
2017-09-04,9912.849609375,-0.006189993868598528,13.170000076293945,6.25,6.72384,0.6239999999999997,2.8881353628831707,4.38430838966175,3.1418312387791802,Bull,0.9999999527753982,2.9109020723147538e-67,9.418276714462368e-107,4.722561406020606e-08
2017-09-05,9952.2001953125,0.003961795997934277,12.890000343322754,6.25,6.72384,0.6239999999999997,2.8881353628831707,4.38430838966175,3.1418312387791802,Bull,0.9999999711326386,2.1998008633224643e-67,5.2651545763357673e-107,2.886696137630234e-08
2017-09-06,9916.2001953125,-0.0036238487939692175,13.119999885559082,6.25,6.72384,0.6239999999999997,2.8881353628831707,4.38430838966175,3.1418312387791802,Bull,0.9999999624888012,2.164200273773235e-67,6.531238005434821e-107,3.750955095176382e-08
2017-09-07,9929.900390625,0.001380643762176384,13.010000228881836,6.25,6.72384,0.6239999999999997,2.8881353628831707,4.38430838966175,3.1418312387791802,Bull,0.9999999743922675,1.5467047862823127e-67,4.361180547830319e-107,2.5608183449260854e-08
2017-09-08,9934.7998046875,0.0004932784400140928,12.960000038146973,6.25,6.72384,0.6239999999999997,2.8881353628831707,4.38430838966175,3.1418312387791802,Bull,0.9999999748615668,1.4928642440757784e-67,4.272548007939945e-107,2.5140225726193835e-08
2017-09-11,10006.0498046875,0.007146165244692658,12.359999656677246,6.25,6.72384,0.6239999999999997,2.8881353628831707,4.38430838966175,3.1418312387791802,Bull,0.9999999759602364,2.238154869234609e-67,6.156283374429538e-107,2.4039402297169377e-08
2017-09-12,10093.0498046875,0.008657158285843384,11.760000228881836,6.25,6.72384,0.6239999999999997,2.8881353628831707,4.38430838966175,3.1418312387791802,Bull,0.9999999734100132,4.175630912865423e-67,9.802446804325068e-107,2.6588562854003605e-08
2017-09-13,10079.2998046875,-0.0013632524119145414,11.760000228881836,6.25,6.72384,0.6239999999999997,2.8881353628831707,4.38430838966175,3.1418312387791802,Bull,0.9999999874380593,1.5037658478444175e-67,3.454154360875958e-107,1.2560388783488378e-08
2017-09-14,10086.599609375,0.0007239751479918529,11.470000267028809,6.25,6.72384,0.6239999999999997,2.8881353628831707,4.38430838966175,3.1418312387791802,Bull,0.9999999919418769,9.656002549403791e-68,2.863179031123516e-107,8.05747292980436e-09
2017-09-15,10085.400390625,-0.0001188993408102696,11.680000305175781,6.25,6.72384,0.6239999999999997,2.8881353628831707,4.38430838966175,3.1418312387791802,Bull,0.999999992447556,8.529626896679048e-68,2.5838509495171413e-107,7.551209835593201e-09
2017-09-18,10153.099609375,0.006690166885736892,11.4399995803833,6.25,6.72384,0.6239999999999997,2.8881353628831707,4.38430838966175,3.1418312387791802,Bull,0.9999999898136593,1.7196305624226167e-67,4.8329066585320223e-107,1.0187682934014745e-08
2017-09-19,10147.5498046875,-0.0005467613092135457,11.470000267028809,6.25,6.72384,0.6239999999999997,2.8881353628831707,4.38430838966175,3.1418312387791802,Bull,0.9999999928804755,1.00618261196258e-67,2.8959918614890437e-107,7.1178060999086965e-09
2017-09-20,10141.150390625,-0.000630835313560427,11.630000114440918,6.25,6.72384,0.6239999999999997,2.8881353628831707,4.38430838966175,3.1418312387791802,Bull,0.9999999931969796,8.786851065629701e-68,2.939877529093466e-107,6.804769573964904e-09
2017-09-21,10121.900390625,-0.001900010615274047,11.630000114440918,6.25,6.72384,0.6239999999999997,2.8881353628831707,4.38430838966175,3.1418312387791802,Bull,0.999999992793164,7.744550489961228e-68,3.0179006238919514e-107,7.2071379785346405e-09
2017-09-22,9964.400390625,-0.01568265154818977,12.8100004196167,6.25,6.72384,0.6239999999999997,2.8881353628831707,4.38430838966175,3.1418312387791802,Bull,0.9999998244129683,9.053724547058927e-67,1.1701150535333653e-105,1.7558850682564775e-07
2017-09-25,9872.599609375,-0.009255576609087487,13.34000015258789,6.25,6.72384,0.6239999999999997,2.8881353628831707,4.38430838966175,3.1418312387791802,Bull,0.9999998662097004,3.621815223970571e-67,3.363842239159127e-106,1.3379167936936297e-07
2017-09-26,9871.5,-0.00011138612526191736,12.930000305175781,6.25,6.72384,0.6239999999999997,2.8881353628831707,4.38430838966175,3.1418312387791802,Bull,0.9999999654901336,8.098755106065402e-68,7.138530139605309e-107,3.451114961816059e-08
2017-09-27,9735.75,-0.013847140123069935,13.859999656677246,6.25,6.72384,0.6239999999999997,2.8881353628831707,4.38430838966175,3.1418312387791802,Bull,0.9999983100256669,2.4784881232199545e-66,8.257166549025986e-105,1.6899728916836834e-06
2017-09-28,9768.9501953125,0.0034043309606841105,13.170000076293945,6.25,6.72384,0.6239999999999997,2.8881353628831707,4.38430838966175,3.1418312387791802,Bull,0.9999998552302818,2.002876310719661e-67,3.053017238079173e-106,1.447705316093315e-07
2017-09-29,9788.599609375,0.0020093949262780385,12.489999771118164,6.25,6.72384,0.6239999999999997,2.8881353628831707,4.38430838966175,3.1418312387791802,Bull,0.9999999226747635,1.085097637023228e-67,1.975316953238775e-106,7.73269232081448e-08
2017-10-04,9914.900390625,0.005603258200374948,11.800000190734863,6.25,6.94395,0.8565000000000005,3.2374303672247473,1.66262765080434,3.6771300448430466,Bull,0.9999999237188633,5.07095967663679e-56,1.2181408840200552e-87,7.628212979136038e-08
2017-10-05,9888.7001953125,-0.0026460047490028745,11.710000038146973,6.25,6.94395,0.8565000000000005,3.2374303672247473,1.66262765080434,3.6771300448430466,Bull,0.9999999189349216,4.244758292287927e-56,1.2769799159573909e-87,8.106659484626038e-08
2017-10-06,9979.7001953125,0.009160338481321154,11.119999885559082,6.25,6.94395,0.8565000000000005,3.2374303672247473,1.66262765080434,3.6771300448430466,Bull,0.9999999049105145,8.953882691684124e-56,2.382937051324346e-87,9.508849947170424e-08
2017-10-09,9988.75,0.0009064103842389305,11.390000343322754,6.25,6.94395,0.8565000000000005,3.2374303672247473,1.66262765080434,3.6771300448430466,Bull,0.9999999472420328,4.383523406177444e-56,7.781404947228747e-88,5.2758314182876944e-08
2017-10-10,10016.9501953125,0.0028192178944088774,11.109999656677246,6.25,6.94395,0.8565000000000005,3.2374303672247473,1.66262765080434,3.6771300448430466,Bull,0.9999999488318294,4.848398554582288e-56,8.696470330843994e-88,5.116699911729986e-08
2017-10-11,9984.7998046875,-0.00321476053982032,11.729999542236328,6.25,6.94395,0.8565000000000005,3.2374303672247473,1.66262765080434,3.6771300448430466,Bull,0.9999999400279211,4.470736526322839e-56,8.226770644915622e-88,5.997280550562655e-08
2017-10-12,10096.400390625,0.011115046293774924,11.039999961853027,6.25,6.94395,0.8565000000000005,3.2374303672247473,1.66262765080434,3.6771300448430466,Bull,0.9999998961575384,1.6588946664026858e-55,3.0247577877948265e-87,1.0384208235516788e-07
2017-10-13,10167.4501953125,0.007012497012134821,11.260000228881836,6.25,6.94395,0.8565000000000005,3.2374303672247473,1.66262765080434,3.6771300448430466,Bull,0.9999999329375009,1.3563712648434939e-55,1.188489481258594e-87,6.706266846981284e-08
2017-10-16,10230.849609375,0.006216166917771876,11.3100004196167,6.25,6.94395,0.8565000000000005,3.2374303672247473,1.66262765080434,3.6771300448430466,Bull,0.9999999360115928,1.6180200919953522e-55,1.0856415760792778e-87,6.39878838133749e-08
2017-10-17,10234.4501953125,0.0003518722920273383,11.609999656677246,6.25,6.94395,0.8565000000000005,3.2374303672247473,1.66262765080434,3.6771300448430466,Bull,0.9999999480714918,1.1827008305710201e-55,6.372515260885303e-88,5.192986738010886e-08
2017-10-18,10210.849609375,-0.0023086574073600593,11.539999961853027,6.25,6.94395,0.8565000000000005,3.2374303672247473,1.66262765080434,3.6771300448430466,Bull,0.9999999504107121,9.252824333891637e-56,6.532474753072459e-88,4.9588710387069336e-08
2017-10-19,10146.5498046875,-0.006317115188263494,12.399999618530273,6.25,6.94395,0.8565000000000005,3.2374303672247473,1.66262765080434,3.6771300448430466,Bull,0.9999998946550532,1.3672951196099173e-55,1.120332611184507e-87,1.0534469037704651e-07
2017-10-24,10207.7001953125,0.002241072913402321,11.59000015258789,6.25,6.94395,0.8565000000000005,3.2374303672247473,1.66262765080434,3.6771300448430466,Bull,0.9999999421597766,9.879808538998755e-56,6.972602553164943e-88,5.784088562961929e-08
2017-10-25,10295.349609375,0.008549942456258083,11.760000228881836,6.25,6.94395,0.8565000000000005,3.2374303672247473,1.66262765080434,3.6771300448430466,Bull,0.9999998861822015,3.1789190825991885e-55,1.7801426698632514e-87,1.1381945235447603e-07
2017-10-26,10343.7998046875,0.004694988474485417,11.619999885559082,6.25,6.94395,0.8565000000000005,3.2374303672247473,1.66262765080434,3.6771300448430466,Bull,0.9999999696046875,9.05478931923717e-56,5.053321163747745e-88,3.039352114272197e-08
2017-10-27,10323.0498046875,-0.0020080474155119445,11.479999542236328,6.25,6.94395,0.8565000000000005,3.2374303672247473,1.66262765080434,3.6771300448430466,Bull,0.9999999770116121,5.404752907304092e-56,4.2043934512199833e-88,2.2986819107923536e-08
2017-10-30,10363.650390625,0.003925288971653147,12.109999656677246,6.25,6.94395,0.8565000000000005,3.2374303672247473,1.66262765080434,3.6771300448430466,Bull,0.9999999740612114,7.5046470240952845e-56,3.805206618404525e-88,2.5938132444910186e-08
2017-10-31,10335.2998046875,-0.0027393276855447964,12.4399995803833,6.25,6.94395,0.8565000000000005,3.2374303672247473,1.66262765080434,3.6771300448430466,Bull,0.9999999715182644,6.538906888096842e-56,5.386626963142178e-88,2.8480603852304097e-08
2017-11-01,10440.5,0.010127272636955603,12.140000343322754,6.25,7.16575,1.0576499999999998,3.971174327182325,10.1469600157905,4.021447721179627,Bull,0.9999999668689276,2.232053306600228e-44,2.4123056380407503e-56,3.3129728660445504e-08
2017-11-02,10423.7998046875,-0.001600839619376669,12.010000228881836,6.25,7.16575,1.0576499999999998,3.971174327182325,10.1469600157905,4.021447721179627,Bull,0.9999999836363714,7.844153765126899e-45,7.435086825519768e-57,1.6364471428977816e-08
2017-11-03,10452.5,0.002749549839980272,11.90999984741211,6.25,7.16575,1.0576499999999998,3.971174327182325,10.1469600157905,4.021447721179627,Bull,0.9999999839019439,8.701958059738849e-45,7.942018847656194e-57,1.6097950460368283e-08
2017-11-06,10451.7998046875,-6.699055402996047e-05,13.020000457763672,6.25,7.16575,1.0576499999999998,3.971174327182325,10.1469600157905,4.021447721179627,Bull,0.9999999761348594,1.2494142683585453e-44,7.837811050887895e-57,2.3866099647444528e-08
2017-11-07,10350.150390625,-0.009773143593572503,13.239999771118164,6.25,7.16575,1.0576499999999998,3.971174327182325,10.1469600157905,4.021447721179627,Bull,0.9999999289393625,2.0753131819115777e-44,2.8806712715705347e-56,7.106203930586145e-08
2017-11-08,10303.150390625,-0.004551338464517429,13.609999656677246,6.25,7.16575,1.0576499999999998,3.971174327182325,10.1469600157905,4.021447721179627,Bull,0.9999999452447825,1.1396188345286969e-44,1.2947612230080716e-56,5.4756592037246104e-08
2017-11-09,10308.9501953125,0.0005627572809849458,13.270000457763672,6.25,7.16575,1.0576499999999998,3.971174327182325,10.1469600157905,4.021447721179627,Bull,0.999999964584277,7.050231640546438e-45,8.067486990011778e-57,3.541466824311114e-08
2017-11-10,10321.75,0.0012408504033945,13.479999542236328,6.25,7.16575,1.0576499999999998,3.971174327182325,10.1469600157905,4.021447721179627,Bull,0.9999999608626248,8.162450081490088e-45,8.660486141006032e-57,3.9137939365960214e-08
2017-11-13,10224.9501953125,-0.009422488277922888,14.050000190734863,6.25,7.16575,1.0576499999999998,3.971174327182325,10.1469600157905,4.021447721179627,Bull,0.9999997822051465,2.902977759932491e-44,7.059790214166643e-56,2.177963297351099e-07
2017-11-14,10186.599609375,-0.003757738283689395,14.170000076293945,6.25,7.16575,1.0576499999999998,3.971174327182325,10.1469600157905,4.021447721179627,Bull,0.9999998412167896,1.611280970599291e-44,3.74955133746079e-56,1.587839569021688e-07
2017-11-15,10118.0498046875,-0.0067521545169891405,14.270000457763672,6.25,7.16575,1.0576499999999998,3.971174327182325,10.1469600157905,4.021447721179627,Bull,0.9999995864419307,3.0098096603457694e-44,1.25245004851605e-55,4.135569158688228e-07
2017-11-16,10214.75,0.009511815914835575,13.460000038146973,6.25,7.16575,1.0576499999999998,3.971174327182325,10.1469600157905,4.021447721179627,Bull,0.999999855372163,1.6812748035477966e-44,4.597739536394878e-56,1.4462634861901555e-07
2017-11-17,10283.599609375,0.006717601133431633,13.710000038146973,6.25,7.16575,1.0576499999999998,3.971174327182325,10.1469600157905,4.021447721179627,Bull,0.9999999069696103,1.4214052138345298e-44,2.002760672687598e-56,9.302894014961394e-08
2017-11-20,10298.75,0.001472173357154509,13.430000305175781,6.25,7.16575,1.0576499999999998,3.971174327182325,10.1469600157905,4.021447721179627,Bull,0.9999999477804535,7.512434281814136e-45,1.0317455489365696e-56,5.2218111373312755e-08
2017-11-21,10326.900390625,0.0027296504663746014,13.720000267028809,6.25,7.16575,1.0576499999999998,3.971174327182325,10.1469600157905,4.021447721179627,Bull,0.9999999394640345,1.0084549765409245e-44,1.1163325397217181e-56,6.053767391090285e-08
2017-11-22,10342.2998046875,0.0014900834832817704,14.039999961853027,6.25,7.16575,1.0576499999999998,3.971174327182325,10.1469600157905,4.021447721179627,Bull,0.9999999316132767,1.218102056907598e-44,1.2626920464844513e-56,6.83872801705405e-08
2017-11-23,10348.75,0.0006234768735595227,13.869999885559082,6.25,7.16575,1.0576499999999998,3.971174327182325,10.1469600157905,4.021447721179627,Bull,0.9999999403589772,1.029856258703385e-44,1.1611943618077426e-56,5.963927231093713e-08
2017-11-24,10389.7001953125,0.003949210104835523,13.510000228881836,6.25,7.16575,1.0576499999999998,3.971174327182325,10.1469600157905,4.021447721179627,Bull,0.9999999525061878,9.692192437540345e-45,1.0312766528914193e-56,4.7493296171624633e-08
2017-11-27,10399.5498046875,0.0009475676238426342,13.029999732971191,6.25,7.16575,1.0576499999999998,3.971174327182325,10.1469600157905,4.021447721179627,Bull,0.9999999666979426,6.398178032118022e-45,7.834008016279174e-57,3.3301504879494085e-08
2017-11-28,10370.25,-0.0028213872448567432,13.149999618530273,6.25,7.16575,1.0576499999999998,3.971174327182325,10.1469600157905,4.021447721179627,Bull,0.9999999570463851,6.795693042943369e-45,1.0242479665775832e-56,4.2953463996007546e-08
2017-11-29,10361.2998046875,-0.0008634372203591307,13.0600004196167,6.25,7.16575,1.0576499999999998,3.971174327182325,10.1469600157905,4.021447721179627,Bull,0.9999999587344073,6.035395727477063e-45,1.1919780118376755e-56,4.126500729599127e-08
2017-11-30,10226.5498046875,-0.013090432150481796,13.550000190734863,6.25,7.16575,1.0576499999999998,3.971174327182325,10.1469600157905,4.021447721179627,Bull,0.9999995012441438,4.2670662228752865e-44,2.535033742736882e-55,4.987564960248725e-07
2017-12-01,10121.7998046875,-0.010295766224326257,14.800000190734863,6.25,7.35076,1.1847400000000006,4.000057036389215,8.77332875466674,3.5810205908684,Bull,0.9999976109130674,1.999849338733534e-39,5.045493356028562e-53,2.3890857028412987e-06
2017-12-04,10127.75,0.0005876866933977984,14.859999656677246,6.25,7.35076,1.1847400000000006,4.000057036389215,8.77332875466674,3.5810205908684,Bull,0.9999990684486666,7.323014374755444e-40,1.1030668048159196e-53,9.315515254401146e-07
2017-12-05,10118.25,-0.000938457048031478,15.010000228881836,6.25,7.35076,1.1847400000000006,4.000057036389215,8.77332875466674,3.5810205908684,Bull,0.9999988377646719,8.64916467224027e-40,1.5341151476995773e-53,1.1622367207405949e-06
2017-12-06,10044.099609375,-0.007355365457362713,15.09000015258789,6.25,7.35076,1.1847400000000006,4.000057036389215,8.77332875466674,3.5810205908684,Bull,0.9999950974390354,2.7927251643915736e-39,9.85800706114812e-53,4.902560565669634e-06
2017-12-07,10166.7001953125,0.012132334291871919,14.270000457763672,6.25,7.35076,1.1847400000000006,4.000057036389215,8.77332875466674,3.5810205908684,Bull,0.9999983897736687,1.6004981445679728e-39,3.293534289432916e-53,1.6102255555689314e-06
2017-12-08,10265.650390625,0.009685715646246356,13.670000076293945,6.25,7.35076,1.1847400000000006,4.000057036389215,8.77332875466674,3.5810205908684,Bull,0.9999995308063453,6.2904429350665765e-40,6.715261523728088e-54,4.691942569428429e-07
2017-12-11,10322.25,0.005498351059959995,14.149999618530273,6.25,7.35076,1.1847400000000006,4.000057036389215,8.77332875466674,3.5810205908684,Bull,0.9999997288505623,4.385097453608059e-40,2.567728260152471e-54,2.711505404969105e-07
2017-12-12,10240.150390625,-0.007985453457626933,15.260000228881836,6.25,7.35076,1.1847400000000006,4.000057036389215,8.77332875466674,3.5810205908684,Bull,0.9999976098907978,2.9572105557582636e-39,2.5793457876427667e-53,2.3901109386693236e-06
2017-12-13,10192.9501953125,-0.0046199820794001496,15.949999809265137,6.25,7.35076,1.1847400000000006,4.000057036389215,8.77332875466674,3.5810205908684,Bull,0.9999949015748738,5.478686356328628e-39,4.810600657972854e-53,5.098423724818197e-06
2017-12-14,10252.099609375,0.005786200538018408,16.40999984741211,6.25,7.35076,1.1847400000000006,4.000057036389215,8.77332875466674,3.5810205908684,Bull,0.9999946238821298,8.62987938658648e-39,5.1991838515776225e-53,5.376116513667191e-06
2017-12-15,10333.25,0.007884326721783314,14.9399995803833,6.25,7.35076,1.1847400000000006,4.000057036389215,8.77332875466674,3.5810205908684,Bull,0.9999992509186163,1.3301067552478583e-39,7.365122593801639e-54,7.490812799976375e-07
2017-12-18,10388.75,0.005356638616709943,13.119999885559082,6.25,7.35076,1.1847400000000006,4.000057036389215,8.77332875466674,3.5810205908684,Bull,0.9999998739658702,2.2152301276521175e-40,1.4127719796522956e-54,1.260339176115645e-07
2017-12-19,10463.2001953125,0.007140867974318959,12.1899995803833,6.25,7.35076,1.1847400000000006,4.000057036389215,8.77332875466674,3.5810205908684,Bull,0.9999998966595793,2.4499191687457214e-40,1.6633363371449882e-54,1.0333904333088813e-07
2017-12-20,10444.2001953125,-0.0018175387542658723,12.1899995803833,6.25,7.35076,1.1847400000000006,4.000057036389215,8.77332875466674,3.5810205908684,Bull,0.9999999166757368,1.5845072985949548e-40,1.089770182556421e-54,8.3325704889433e-08
2017-12-21,10440.2998046875,-0.00037352013889224483,12.09000015258789,6.25,7.35076,1.1847400000000006,4.000057036389215,8.77332875466674,3.5810205908684,Bull,0.9999999194624284,1.4578080774141661e-40,1.0741199456796811e-54,8.053812649264634e-08
2017-12-22,10493.0,0.0050350692095142814,11.59000015258789,6.25,7.35076,1.1847400000000006,4.000057036389215,8.77332875466674,3.5810205908684,Bull,0.9999999199135378,1.8222414050759048e-40,1.4642030399486875e-54,8.00864843334838e-08
2017-12-27,10490.75,-0.0038768496273459364,12.489999771118164,6.25,7.35076,1.1847400000000006,4.000057036389215,8.77332875466674,3.5810205908684,Bull,0.9999998892381033,2.3536390684897565e-40,1.3445993140097062e-54,1.1076044186382909e-07
2017-12-28,10477.900390625,-0.0012256021006669842,12.300000190734863,6.25,7.35076,1.1847400000000006,4.000057036389215,8.77332875466674,3.5810205908684,Bull,0.9999999087594956,1.7485540428836234e-40,1.1117906086007419e-54,9.124156038742192e-08
2017-12-29,10530.7001953125,0.005026504801246669,12.670000076293945,6.25,7.35076,1.1847400000000006,4.000057036389215,8.77332875466674,3.5810205908684,Bull,0.9999998866478628,2.7989030840518187e-40,1.3226460649006642e-54,1.1335052842758141e-07
2018-01-03,10443.2001953125,9.576067320342099e-05,13.619999885559082,6.25,7.219725,0.884125,5.109551727592332,8.28606808282954,3.0195381882770933,Bull,0.9999998322237075,7.536571459087479e-49,7.501207146153094e-29,1.6777601762391533e-07
2018-01-04,10504.7998046875,0.005881209368789884,13.420000076293945,6.25,7.219725,0.884125,5.109551727592332,8.28606808282954,3.0195381882770933,Bull,0.9999998684907128,8.041402477799878e-49,8.164453663333215e-29,1.315095761966557e-07
2018-01-05,10558.849609375,0.005132056867763014,13.109999656677246,6.25,7.219725,0.884125,5.109551727592332,8.28606808282954,3.0195381882770933,Bull,0.9999999039464502,6.861054072044638e-49,6.165390956524473e-29,9.605350405695035e-08
2018-01-08,10623.599609375,0.006113570815585057,13.739999771118164,6.25,7.219725,0.884125,5.109551727592332,8.28606808282954,3.0195381882770933,Bull,0.9999998676503398,1.2526983020101638e-48,7.827586038683739e-29,1.3235138846485808e-07
2018-01-09,10637.0,0.001260584616212523,13.850000381469727,6.25,7.219725,0.884125,5.109551727592332,8.28606808282954,3.0195381882770933,Bull,0.9999998932726214,9.820645263828942e-49,6.271245141027941e-29,1.0672872732427753e-07
2018-01-10,10632.2001953125,-0.0004513385294137436,14.039999961853027,6.25,7.219725,0.884125,5.109551727592332,8.28606808282954,3.0195381882770933,Bull,0.9999998643652454,1.2062156802562349e-48,9.009125448530905e-29,1.3563513897471245e-07
2018-01-11,10651.2001953125,0.0017854294613236375,14.010000228881836,6.25,7.219725,0.884125,5.109551727592332,8.28606808282954,3.0195381882770933,Bull,0.9999998550956767,1.3776795401102554e-48,1.124949481069878e-28,1.4490399593362544e-07
2018-01-12,10681.25,0.0028172876803263624,13.729999542236328,6.25,7.219725,0.884125,5.109551727592332,8.28606808282954,3.0195381882770933,Bull,0.9999998816492804,1.1953270693741313e-48,1.0365651232648295e-28,1.1835148574900879e-07
2018-01-15,10741.5498046875,0.005629512900836509,14.3100004196167,6.25,7.219725,0.884125,5.109551727592332,8.28606808282954,3.0195381882770933,Bull,0.999999711879396,4.1046900270329903e-48,3.5767514427157423e-28,2.8812046528464744e-07
2018-01-16,10700.4501953125,-0.00383356587156863,14.09000015258789,6.25,7.219725,0.884125,5.109551727592332,8.28606808282954,3.0195381882770933,Bull,0.9999997389350369,2.646998751304672e-48,3.28512143204587e-28,2.610634283421388e-07
2018-01-17,10788.5498046875,0.00819955353642979,13.859999656677246,6.25,7.219725,0.884125,5.109551727592332,8.28606808282954,3.0195381882770933,Bull,0.999999768071602,3.6793812935736473e-48,3.637073019720002e-28,2.3192974511461307e-07
2018-01-18,10817.0,0.002633602200690908,13.960000038146973,6.25,7.219725,0.884125,5.109551727592332,8.28606808282954,3.0195381882770933,Bull,0.9999998152307115,2.9632031356917824e-48,2.426560671586918e-28,1.847687441026886e-07
2018-01-19,10894.7001953125,0.007157479729840962,13.979999542236328,6.25,7.219725,0.884125,5.109551727592332,8.28606808282954,3.0195381882770933,Bull,0.9999997908453443,4.7981746022079915e-48,3.4144638398462485e-28,2.0915636861141176e-07
2018-01-22,10966.2001953125,0.006541382438729125,15.390000343322754,6.25,7.219725,0.884125,5.109551727592332,8.28606808282954,3.0195381882770933,Bull,0.9999992548876482,2.7182020390844676e-47,1.0920841232570678e-27,7.451133680930421e-07
2018-01-23,11083.7001953125,0.010657745398174344,16.229999542236328,6.25,7.219725,0.884125,5.109551727592332,8.28606808282954,3.0195381882770933,Bull,0.9999969091561542,2.1518987225107505e-46,5.878054499943032e-27,3.09084535694974e-06
2018-01-24,11086.0,0.000207472782716017,18.040000915527344,6.25,7.219725,0.884125,5.109551727592332,8.28606808282954,3.0195381882770933,Bull,0.9999729118966562,2.586829604553506e-45,4.447083855617946e-26,2.7088104671698106e-05
2018-01-25,11069.650390625,-0.0014758864718050037,17.510000228881836,6.25,7.219725,0.884125,5.109551727592332,8.28606808282954,3.0195381882770933,Bull,0.9999895370603407,6.750619741219859e-46,1.2990552413138711e-26,1.0462941317799325e-05
2018-01-30,11049.650390625,-0.007281350035077295,16.420000076293945,6.25,7.219725,0.884125,5.109551727592332,8.28606808282954,3.0195381882770933,Bull,0.9999977923604814,9.96058941797377e-47,2.659512953213332e-27,2.2076397885828376e-06
2018-01-31,11027.7001953125,-0.0019884815852113905,15.930000305175781,6.25,7.219725,0.884125,5.109551727592332,8.28606808282954,3.0195381882770933,Bull,0.9999990289111506,2.3012928160769575e-47,6.019874157840071e-28,9.71088463740954e-07
2018-02-01,11016.900390625,-0.000979814128127614,14.109999656677246,6.25,7.571275,1.1933499999999997,4.744522413620378,8.42229595482862,2.743362831858409,Bull,0.9999094707107583,1.7618294680988464e-36,4.1738966035524323e-32,9.05292879851476e-05
2018-02-02,10760.599609375,-0.023539213933076866,15.25,6.25,7.571275,1.1933499999999997,4.744522413620378,8.42229595482862,2.743362831858409,Bull,0.8134241038128821,1.7192307025872e-33,5.574851029594702e-28,0.18657589618695
2018-02-05,10666.5498046875,-0.00877862069830589,16.049999237060547,6.25,7.571275,1.1933499999999997,4.744522413620378,8.42229595482862,2.743362831858409,Bull,0.6813188358657685,5.362916937355711e-34,3.7357081733331977e-29,0.3186811641344116
2018-02-06,10498.25,-0.01590408165467595,20.020000457763672,6.25,7.571275,1.1933499999999997,4.744522413620378,8.42229595482862,2.743362831858409,Sideways,1.6955895247516892e-05,4.96822236431504e-33,1.7978618544205424e-27,0.9999830441029717
2018-02-07,10476.7001953125,-0.0020548141539544224,19.469999313354492,6.25,7.571275,1.1933499999999997,4.744522413620378,8.42229595482862,2.743362831858409,Sideways,1.693221046469108e-07,6.013867061028231e-35,8.613617090942318e-30,0.9999998306775667
2018-02-08,10576.849609375,0.009513851145813865,17.770000457763672,6.25,7.571275,1.1933499999999997,4.744522413620378,8.42229595482862,2.743362831858409,Sideways,6.10717964024051e-06,6.271687863572169e-35,5.6748023636249e-30,0.9999938928199341
2018-02-09,10454.9501953125,-0.0115920444485001,19.229999542236328,6.25,7.571275,1.1933499999999997,4.744522413620378,8.42229595482862,2.743362831858409,Sideways,1.6792800420931275e-08,5.65705952892667e-35,1.6135547727322757e-29,0.9999999832070899
2018-02-12,10539.75,0.008078254517088934,17.8799991607666,6.25,7.571275,1.1933499999999997,4.744522413620378,8.42229595482862,2.743362831858409,Sideways,1.2969889457842738e-06,5.363349315036792e-35,5.721187678555337e-30,0.9999987030104647
2018-02-15,10545.5,0.004238223668407977,16.31999969482422,6.25,7.571275,1.1933499999999997,4.744522413620378,8.42229595482862,2.743362831858409,Sideways,2.145308355476829e-05,3.3763872184444876e-35,3.492304389446978e-30,0.9999785469163002
2018-02-16,10452.2998046875,-0.008877197442514924,16.3799991607666,6.25,7.571275,1.1933499999999997,4.744522413620378,8.42229595482862,2.743362831858409,Sideways,2.7086660635335167e-06,2.2945242955815125e-35,6.214753959824407e-30,0.9999972913356336
2018-02-19,10378.400390625,-0.007095270288084443,16.670000076293945,6.25,7.571275,1.1933499999999997,4.744522413620378,8.42229595482862,2.743362831858409,Sideways,5.273391150256937e-07,1.771476417081878e-35,6.920480315465727e-30,0.999999472660559
2018-02-20,10360.400390625,-0.0017358770846747271,16.8700008392334,6.25,7.571275,1.1933499999999997,4.744522413620378,8.42229595482862,2.743362831858409,Sideways,8.445197940187993e-07,1.6199143541822717e-35,5.788151275679665e-30,0.9999991554799563
2018-02-21,10397.4501953125,0.003569718731482044,15.920000076293945,6.25,7.571275,1.1933499999999997,4.744522413620378,8.42229595482862,2.743362831858409,Sideways,1.1330699659387864e-05,1.5628375775056156e-35,5.010138932966678e-30,0.9999886692990738
2018-02-22,10382.7001953125,-0.0014196242279203768,14.829999923706055,6.25,7.571275,1.1933499999999997,4.744522413620378,8.42229595482862,2.743362831858409,Sideways,0.00022283963658141734,1.2033817025810134e-35,5.6485431969086135e-30,0.9997771603626078
2018-02-23,10491.0498046875,0.010381515779008083,14.199999809265137,6.25,7.571275,1.1933499999999997,4.744522413620378,8.42229595482862,2.743362831858409,Sideways,0.0016772954761322893,2.2652657802041946e-35,8.600012621675221e-30,0.9983227045256277
2018-02-26,10582.599609375,0.008688611908417675,13.699999809265137,6.25,7.571275,1.1933499999999997,4.744522413620378,8.42229595482862,2.743362831858409,Sideways,0.005544231677923806,2.556815572210242e-35,5.5203645994114356e-30,0.9944557683236297
2018-02-27,10554.2998046875,-0.002677764703635068,13.920000076293945,6.25,7.571275,1.1933499999999997,4.744522413620378,8.42229595482862,2.743362831858409,Sideways,0.00595396103469501,1.9979327607467598e-35,4.0831739862638776e-30,0.994046038966027
2018-02-28,10492.849609375,-0.0058393057141950064,13.8100004196167,6.25,7.571275,1.1933499999999997,4.744522413620378,8.42229595482862,2.743362831858409,Sideways,0.0036359766374373164,1.7098636818973788e-35,6.22565485383162e-30,0.9963640233624779
2018-03-01,10458.349609375,-0.003293370543887722,14.069999694824219,6.25,7.60806,1.3758600000000003,4.363664017643254,5.78896566231135,2.738515901060068,Sideways,0.0012407795482991214,4.97749067741003e-31,1.3577178358432764e-38,0.9987592204529026
2018-03-06,10249.25,-0.01063665692404489,16.25,6.25,7.60806,1.3758600000000003,4.363664017643254,5.78896566231135,2.738515901060068,Sideways,3.8923306260819204e-07,3.4113063836792096e-31,3.883182308444129e-38,0.9999996107654472
2018-03-07,10154.2001953125,-0.009317099938461516,15.699999809265137,6.25,7.60806,1.3758600000000003,4.363664017643254,5.78896566231135,2.738515901060068,Sideways,1.4597619259707447e-08,2.025347614681317e-31,4.612964206194867e-38,0.9999999854007912
2018-03-08,10242.650390625,0.00867298109371104,14.59000015258789,6.25,7.60806,1.3758600000000003,4.363664017643254,5.78896566231135,2.738515901060068,Sideways,2.6637671717514765e-06,2.2087457160756735e-31,3.0363258230846527e-38,0.9999973362318095
2018-03-09,10226.849609375,-0.0015438368683495453,14.529999732971191,6.25,7.60806,1.3758600000000003,4.363664017643254,5.78896566231135,2.738515901060068,Sideways,4.234917358081649e-06,1.7938841075560254e-31,2.388785609496351e-38,0.9999957650814937
2018-03-12,10421.400390625,0.018844845326350685,14.489999771118164,6.25,7.60806,1.3758600000000003,4.363664017643254,5.78896566231135,2.738515901060068,Sideways,8.96262574250242e-06,5.901215552023153e-31,6.363577394620821e-38,0.9999910373736942
2018-03-13,10426.849609375,0.000522750722395459,14.460000038146973,6.25,7.60806,1.3758600000000003,4.363664017643254,5.78896566231135,2.738515901060068,Sideways,0.0001438251591956948,3.644850875652459e-31,1.1624454377833347e-38,0.9998561748408623
2018-03-14,10410.900390625,-0.0015308007692338495,14.359999656677246,6.25,7.60806,1.3758600000000003,4.363664017643254,5.78896566231135,2.738515901060068,Sideways,0.0001931080054355733,3.273011755551778e-31,1.2778092747399797e-38,0.9998068919953035
2018-03-15,10360.150390625,-0.004886618546444992,14.329999923706055,6.25,7.60806,1.3758600000000003,4.363664017643254,5.78896566231135,2.738515901060068,Sideways,0.00010570946118155325,2.6591257679524983e-31,1.7600767043322867e-38,0.9998942905400997
2018-03-16,10195.150390625,-0.0160545978679463,15.220000267028809,6.25,7.60806,1.3758600000000003,4.363664017643254,5.78896566231135,2.738515901060068,Sideways,7.626315131859868e-08,2.2336155679923033e-31,9.68998944233493e-38,0.9999999237370532
2018-03-19,10094.25,-0.00994620052782473,15.819999694824219,6.25,7.60806,1.3758600000000003,4.363664017643254,5.78896566231135,2.738515901060068,Sideways,7.094307042367665e-09,1.5986455211237364e-31,6.847717279784172e-38,0.9999999929059413
2018-03-20,10124.349609375,0.002977420018466655,15.609999656677246,6.25,7.60806,1.3758600000000003,4.363664017643254,5.78896566231135,2.738515901060068,Sideways,5.579150581459363e-08,1.5912609648191991e-31,3.6899995721441064e-38,0.9999999442079586
2018-03-21,10155.25,0.003047438325629427,15.109999656677246,6.25,7.60806,1.3758600000000003,4.363664017643254,5.78896566231135,2.738515901060068,Sideways,2.2736913446062174e-07,1.5801192138022526e-31,3.279867477444656e-38,0.9999997726299884
2018-03-22,10114.75,-0.003996058598285198,15.25,6.25,7.60806,1.3758600000000003,4.363664017643254,5.78896566231135,2.738515901060068,Sideways,6.071078088542893e-08,1.3999575027388684e-31,4.171436448636818e-38,0.9999999392894116
2018-03-23,9998.0498046875,-0.011604700101594518,15.550000190734863,6.25,7.60806,1.3758600000000003,4.363664017643254,5.78896566231135,2.738515901060068,Sideways,4.587524394382217e-10,1.2116633212897148e-31,1.3757957421300264e-37,0.9999999995416147
2018-03-26,10130.650390625,0.01317546616079525,15.199999809265137,6.25,7.60806,1.3758600000000003,4.363664017643254,5.78896566231135,2.738515901060068,Sideways,5.540037227072286e-09,2.0143820148185924e-31,8.26775375582224e-38,0.9999999944593583
2018-03-27,10184.150390625,0.005267107884641591,15.550000190734863,6.25,7.60806,1.3758600000000003,4.363664017643254,5.78896566231135,2.738515901060068,Sideways,6.285457630581782e-08,1.9914719093493055e-31,3.174022466049212e-38,0.9999999371466421
2018-03-28,10113.7001953125,-0.006941668814759831,15.760000228881836,6.25,7.60806,1.3758600000000003,4.363664017643254,5.78896566231135,2.738515901060068,Sideways,1.0287538412997257e-08,1.5965339166211574e-31,5.044954863073558e-38,0.9999999897117959
2018-04-03,10245.0,0.0032458864317621047,15.1899995803833,6.25,7.547875,1.4191000000000003,3.971174327182325,4.71874029818389,3.621908127208484,Sideways,4.181432049021735e-07,3.1007719005960473e-31,2.2533572780663134e-51,0.9999995818580792
2018-04-04,10128.400390625,-0.011446384030859532,16.34000015258789,6.25,7.547875,1.4191000000000003,3.971174327182325,4.71874029818389,3.621908127208484,Sideways,1.3822824115452192e-09,2.9887061681353994e-31,7.382043060257607e-51,0.999999998617568
2018-04-05,10325.150390625,0.019239306758980577,14.800000190734863,6.25,7.547875,1.4191000000000003,3.971174327182325,4.71874029818389,3.621908127208484,Sideways,7.741085703522364e-09,6.962693522816569e-31,1.1049088316601292e-50,0.9999999922583811
2018-04-06,10331.599609375,0.0006244175835545499,14.75,6.25,7.547875,1.4191000000000003,3.971174327182325,4.71874029818389,3.621908127208484,Sideways,3.0392628966199556e-07,4.103553915440862e-31,1.7793373882568413e-51,0.9999996960723827
2018-04-09,10379.349609375,0.004611095715747583,14.869999885559082,6.25,7.547875,1.4191000000000003,3.971174327182325,4.71874029818389,3.621908127208484,Sideways,9.722230124291073e-07,4.970432518623545e-31,1.5868806365177283e-51,0.9999990277761023
2018-04-10,10402.25,0.0022039111834326382,14.5,6.25,7.547875,1.4191000000000003,3.971174327182325,4.71874029818389,3.621908127208484,Sideways,1.4726988870382561e-05,4.9807061823917395e-31,1.4632234777588967e-51,0.9999852730099833
2018-04-11,10417.150390625,0.001431395034394698,14.720000267028809,6.25,7.547875,1.4191000000000003,3.971174327182325,4.71874029818389,3.621908127208484,Sideways,0.0007106354369406014,1.6063312492225548e-30,5.0000203320390765e-51,0.9992893645647025
2018-04-12,10458.650390625,0.0039759006232568585,14.5600004196167,6.25,7.547875,1.4191000000000003,3.971174327182325,4.71874029818389,3.621908127208484,Sideways,0.041162435723146935,4.665332907537565e-30,1.322990361650448e-50,0.9588375642762333
2018-04-13,10480.599609375,0.002096467331850084,14.140000343322754,6.25,7.547875,1.4191000000000003,3.971174327182325,4.71874029818389,3.621908127208484,Sideways,0.18714421828695435,7.66477886082096e-30,2.1078868276814628e-50,0.8128557817146386
2018-04-16,10528.349609375,0.004545689717794212,14.260000228881836,6.25,7.547875,1.4191000000000003,3.971174327182325,4.71874029818389,3.621908127208484,Sideways,0.4423107589777688,1.1410415755530766e-29,2.3511570467275995e-50,0.557689241021667
2018-04-17,10548.7001953125,0.0019310664870136763,14.039999961853027,6.25,7.547875,1.4191000000000003,3.971174327182325,4.71874029818389,3.621908127208484,Bull,0.7548975996871232,7.121159452606317e-30,1.3430359710076725e-50,0.24510240031285158
2018-04-18,10526.2001953125,-0.0021352422200410556,14.109999656677246,6.25,7.547875,1.4191000000000003,3.971174327182325,4.71874029818389,3.621908127208484,Bull,0.9499091492735507,1.5018227682892682e-30,3.75479684827538e-51,0.0500908507271846
2018-04-19,10565.2998046875,0.0037076219486611,13.75,6.25,7.547875,1.4191000000000003,3.971174327182325,4.71874029818389,3.621908127208484,Bull,0.9967902169941016,1.336977155842832e-31,3.162750469341359e-52,0.003209783004424905
2018-04-20,10564.0498046875,-0.00011831883371402492,12.9399995803833,6.25,7.547875,1.4191000000000003,3.971174327182325,4.71874029818389,3.621908127208484,Bull,0.9998656021116539,2.0092053945258855e-32,6.2993683141645155e-53,0.00013439788773809765
2018-04-23,10584.7001953125,0.0019528716532068399,13.149999618530273,6.25,7.547875,1.4191000000000003,3.971174327182325,4.71874029818389,3.621908127208484,Bull,0.9999885866669629,1.596617038573733e-32,4.124789339531539e-53,1.1413334008372539e-05
2018-04-24,10614.349609375,0.002797241731914462,11.899999618530273,6.25,7.547875,1.4191000000000003,3.971174327182325,4.71874029818389,3.621908127208484,Bull,0.9999970198413235,6.737490652811172e-33,2.5225637338314853e-53,2.9801582267356546e-06
2018-04-25,10570.5498046875,-0.004135008266019891,12.399999618530273,6.25,7.547875,1.4191000000000003,3.971174327182325,4.71874029818389,3.621908127208484,Bull,0.9999958553793874,8.137715096087964e-33,4.111184902618516e-53,4.144619423642891e-06
2018-04-26,10617.7998046875,0.004460005540255803,12.039999961853027,6.25,7.547875,1.4191000000000003,3.971174327182325,4.71874029818389,3.621908127208484,Bull,0.999998472770387,3.630877858878939e-33,1.7565621034755858e-53,1.5272285821171333e-06
2018-04-27,10692.2998046875,0.006992018327494462,12.020000457763672,6.25,7.547875,1.4191000000000003,3.971174327182325,4.71874029818389,3.621908127208484,Bull,0.9999991435110163,2.8430510061345156e-33,9.608931105719027e-54,8.564872216279934e-07
2018-04-30,10739.349609375,0.004390691482923282,12.359999656677246,6.25,7.547875,1.4191000000000003,3.971174327182325,4.71874029818389,3.621908127208484,Bull,0.9999995456274642,1.7204414245020523e-33,3.943031208486594e-54,4.543726912874963e-07
2018-05-03,10679.650390625,-0.003589119852419833,12.989999771118164,6.25,7.846075,1.5415,3.956890682655101,3.51553579560322,4.782993799822854,Bull,0.999996786774933,2.922131138513307e-29,6.37396511001238e-55,3.2132232779662444e-06
2018-05-04,10618.25,-0.005765879228025447,13.25,6.25,7.846075,1.5415,3.956890682655101,3.51553579560322,4.782993799822854,Bull,0.9999913507427912,6.286157481204678e-29,2.4819828336148957e-54,8.649258852061914e-06
2018-05-07,10715.5,0.009117072584576636,13.760000228881836,6.25,7.846075,1.5415,3.956890682655101,3.51553579560322,4.782993799822854,Bull,0.9999894436780441,1.3840602894093663e-28,5.154803192762531e-54,1.055632316172392e-05
2018-05-08,10717.7998046875,0.00021460108497364168,14.0600004196167,6.25,7.846075,1.5415,3.956890682655101,3.51553579560322,4.782993799822854,Bull,0.9999924196814298,8.810326538727775e-29,2.3378328676002698e-54,7.580319756636001e-06
2018-05-09,10741.7001953125,0.002227489038162844,14.270000457763672,6.25,7.846075,1.5415,3.956890682655101,3.51553579560322,4.782993799822854,Bull,0.999992092822479,1.038963386775634e-28,2.3626159212831392e-54,7.907177773641435e-06
2018-05-10,10716.5498046875,-0.002344124254457977,14.430000305175781,6.25,7.846075,1.5415,3.956890682655101,3.51553579560322,4.782993799822854,Bull,0.9999889808411834,1.3228075943514062e-28,3.335018069810377e-54,1.1019157141314855e-05
2018-05-11,10806.5,0.008358547680564028,13.979999542236328,6.25,7.846075,1.5415,3.956890682655101,3.51553579560322,4.782993799822854,Bull,0.9999956265660468,7.656065268704647e-29,1.3651080925765412e-54,4.37343229227299e-06
2018-05-14,10806.599609375,9.217500201396874e-06,14.25,6.25,7.846075,1.5415,3.956890682655101,3.51553579560322,4.782993799822854,Bull,0.9999966219713982,5.563463864996267e-29,7.653781057182123e-55,3.3780285384201394e-06
2018-05-15,10801.849609375,-0.00043964284789006357,13.170000076293945,6.25,7.846075,1.5415,3.956890682655101,3.51553579560322,4.782993799822854,Bull,0.9999983258544861,2.3549719004061105e-29,4.766455141075113e-55,1.6741440851974454e-06
2018-05-16,10741.099609375,-0.005639911268794516,13.4399995803833,6.25,7.846075,1.5415,3.956890682655101,3.51553579560322,4.782993799822854,Bull,0.999995948322089,4.4576830448855787e-29,1.2491559946739717e-54,4.051679427554005e-06
2018-05-17,10682.7001953125,-0.005451839472282671,13.40999984741211,6.25,7.846075,1.5415,3.956890682655101,3.51553579560322,4.782993799822854,Bull,0.9999914030819409,5.521067310910028e-29,2.007754832517792e-54,8.596917308757254e-06
2018-05-18,10596.400390625,-0.008111271197454395,14.149999618530273,6.25,7.846075,1.5415,3.956890682655101,3.51553579560322,4.782993799822854,Bull,0.9999213297293168,2.655337426993365e-28,1.3149682888551261e-53,7.867027051860551e-05
2018-05-21,10516.7001953125,-0.007549869197766206,14.40999984741211,6.25,7.846075,1.5415,3.956890682655101,3.51553579560322,4.782993799822854,Bull,0.9997404208422218,7.025694380339582e-28,4.7714596394472405e-53,0.0002595791583474298
2018-05-22,10536.7001953125,0.0018999311888009693,13.600000381469727,6.25,7.846075,1.5415,3.956890682655101,3.51553579560322,4.782993799822854,Bull,0.9997378969362528,1.665835974126539e-28,9.526916510973452e-54,0.000262103063636497
2018-05-23,10430.349609375,-0.010144631600820039,14.15999984741211,6.25,7.846075,1.5415,3.956890682655101,3.51553579560322,4.782993799822854,Bull,0.9989668703620709,2.686682038796697e-27,3.654684328363871e-52,0.0010331296383346733
2018-05-24,10513.849609375,0.007973610404251362,13.149999618530273,6.25,7.846075,1.5415,3.956890682655101,3.51553579560322,4.782993799822854,Bull,0.9997024148927532,2.9481413800462067e-28,2.241709857332856e-53,0.0002975851069587948
2018-05-25,10605.150390625,0.008646370571623485,12.649999618530273,6.25,7.846075,1.5415,3.956890682655101,3.51553579560322,4.782993799822854,Bull,0.9999615697051453,1.0629751392890273e-28,5.35823443504508e-54,3.843029365564635e-05
2018-05-28,10688.650390625,0.00784269833741265,13.0600004196167,6.25,7.846075,1.5415,3.956890682655101,3.51553579560322,4.782993799822854,Bull,0.9999908892474497,6.594183291538755e-29,1.5835231441309495e-54,9.11075250571779e-06
2018-05-29,10633.2998046875,-0.005191899405584954,13.069999694824219,6.25,7.846075,1.5415,3.956890682655101,3.51553579560322,4.782993799822854,Bull,0.9999870132821522,7.799086511914835e-29,2.611227150207832e-54,1.298671933798067e-05
2018-05-30,10614.349609375,-0.0017837455774774606,13.40999984741211,6.25,7.846075,1.5415,3.956890682655101,3.51553579560322,4.782993799822854,Bull,0.9999847444268629,8.650845094735913e-29,2.653120578009263e-54,1.5255571591594377e-05
2018-05-31,10736.150390625,0.011409765823805856,13.220000267028809,6.25,7.846075,1.5415,3.956890682655101,3.51553579560322,4.782993799822854,Bull,0.9999878429273408,1.298285299401953e-28,2.678518847090858e-54,1.2157073666144982e-05
2018-06-01,10696.2001953125,-0.003728031736138272,13.569999694824219,6.45,7.93574,1.4469599999999998,3.928532416134267,7.27484606508,5.67879325643299,Bull,0.9999930530489395,7.681883255131798e-32,2.7777254865373374e-61,6.946950003995528e-06
2018-06-04,10628.5,-0.00634948413268003,13.880000114440918,6.45,7.93574,1.4469599999999998,3.928532416134267,7.27484606508,5.67879325643299,Bull,0.9999796976031625,1.92620092925271e-31,1.1276582833042007e-60,2.03023960814139e-05
2018-06-05,10593.150390625,-0.003331469647161854,13.319999694824219,6.45,7.93574,1.4469599999999998,3.928532416134267,7.27484606508,5.67879325643299,Bull,0.9999826465005367,1.330163129415436e-31,1.0203626462998468e-60,1.735349850114541e-05
2018-06-06,10684.650390625,0.00860056590990892,12.550000190734863,6.45,7.93574,1.4469599999999998,3.928532416134267,7.27484606508,5.67879325643299,Bull,0.9999927299441486,8.408628522473248e-32,5.385447377484368e-61,7.270054720701146e-06
2018-06-07,10768.349609375,0.007803071219768874,12.779999732971191,6.45,7.93574,1.4469599999999998,3.928532416134267,7.27484606508,5.67879325643299,Bull,0.9999962395884485,6.174813786336383e-32,2.0426118316605485e-61,3.760409765898344e-06
2018-06-08,10767.650390625,-6.49348765086917e-05,12.699999809265137,6.45,7.93574,1.4469599999999998,3.928532416134267,7.27484606508,5.67879325643299,Bull,0.9999980693483387,2.832950893811115e-32,8.767899707774067e-62,1.9306524029030522e-06
2018-06-11,10786.9501953125,0.0017907833428202438,13.180000305175781,6.45,7.93574,1.4469599999999998,3.928532416134267,7.27484606508,5.67879325643299,Bull,0.9999978913751368,3.495325355221155e-32,8.127273099380025e-62,2.1086253364356075e-06
2018-06-12,10842.849609375,0.005168752278609608,12.729999542236328,6.45,7.93574,1.4469599999999998,3.928532416134267,7.27484606508,5.67879325643299,Bull,0.9999985707009937,2.94254452472284e-32,6.2470751010116046e-62,1.429299051287347e-06
2018-06-13,10856.7001953125,0.001276578356983104,12.640000343322754,6.45,7.93574,1.4469599999999998,3.928532416134267,7.27484606508,5.67879325643299,Bull,0.9999990288929607,1.9774964157837203e-32,3.94351189193109e-62,9.711080495372802e-07
2018-06-14,10808.0498046875,-0.004491210136474933,12.100000381469727,6.45,7.93574,1.4469599999999998,3.928532416134267,7.27484606508,5.67879325643299,Bull,0.9999985888945,2.3019976012031797e-32,8.639634838541135e-62,1.4111042930948767e-06
2018-06-15,10817.7001953125,0.0008924907821071907,12.069999694824219,6.45,7.93574,1.4469599999999998,3.928532416134267,7.27484606508,5.67879325643299,Bull,0.9999991497028509,1.4170631362498858e-32,4.997889074069567e-62,8.502965715333884e-07
2018-06-18,10799.849609375,-0.0016514905857463397,12.380000114440918,6.45,7.93574,1.4469599999999998,3.928532416134267,7.27484606508,5.67879325643299,Bull,0.9999989944413354,1.5141277367722775e-32,5.838403562573799e-62,1.0055575830295914e-06
2018-06-19,10710.4501953125,-0.00831229035595547,12.920000076293945,6.45,7.93574,1.4469599999999998,3.928532416134267,7.27484606508,5.67879325643299,Bull,0.9999935833535668,7.664605884989367e-32,4.953813678571056e-61,6.4166474351483815e-06
2018-06-20,10772.0498046875,0.005734879851344152,12.170000076293945,6.45,7.93574,1.4469599999999998,3.928532416134267,7.27484606508,5.67879325643299,Bull,0.999998590684383,1.9829517962793723e-32,1.0981278931137754e-61,1.4093166579079219e-06
2018-06-21,10741.099609375,-0.002877330145384961,12.449999809265137,6.45,7.93574,1.4469599999999998,3.928532416134267,7.27484606508,5.67879325643299,Bull,0.9999982315254959,2.1429989746865167e-32,1.289455308884515e-61,1.7684761479963234e-06
2018-06-22,10821.849609375,0.00748973404895337,12.020000457763672,6.45,7.93574,1.4469599999999998,3.928532416134267,7.27484606508,5.67879325643299,Bull,0.9999989734247532,1.786216998236698e-32,9.37523692721903e-62,1.0265755338144522e-06
2018-06-25,10762.4501953125,-0.0055039602444048865,12.579999923706055,6.45,7.93574,1.4469599999999998,3.928532416134267,7.27484606508,5.67879325643299,Bull,0.9999981043529038,2.473637096517565e-32,1.4858964174080063e-61,1.8956479123162398e-06
2018-06-26,10769.150390625,0.0006223592623338975,12.800000190734863,6.45,7.93574,1.4469599999999998,3.928532416134267,7.27484606508,5.67879325643299,Bull,0.9999984699509578,1.8905185658260812e-32,9.09709649693971e-62,1.5300492697966968e-06
2018-06-27,10671.400390625,-0.009118299083682797,13.510000228881836,6.45,7.93574,1.4469599999999998,3.928532416134267,7.27484606508,5.67879325643299,Bull,0.9999830113035114,1.4806540552278468e-31,1.2867623264052294e-60,1.6988694754140872e-05
2018-06-28,10589.099609375,-0.007742169031781291,13.949999809265137,6.45,7.93574,1.4469599999999998,3.928532416134267,7.27484606508,5.67879325643299,Bull,0.999955564065707,3.2938180672046918e-31,4.2013219316122723e-60,4.443593402423012e-05
2018-06-29,10714.2998046875,0.011754146307527904,12.9399995803833,6.45,7.93574,1.4469599999999998,3.928532416134267,7.27484606508,5.67879325643299,Bull,0.9999874163359471,1.2134465769211254e-31,1.0063470557387936e-60,1.2583665181929704e-05
2018-07-02,10657.2998046875,-0.005334194556937323,13.369999885559082,6.5,7.800625,1.2476250000000002,5.614035409561802,6.95985592276909,5.267778753292363,Bull,0.9999670847752214,8.347327963590295e-34,1.756053253155112e-25,3.291522302848251e-05
2018-07-03,10699.900390625,0.003989347109783859,13.0,6.5,7.800625,1.2476250000000002,5.614035409561802,6.95985592276909,5.267778753292363,Bull,0.9999854296881594,3.968312500196495e-34,6.650344764666626e-26,1.4570312623105659e-05
2018-07-04,10769.900390625,0.0065208102070441875,12.65999984741211,6.5,7.800625,1.2476250000000002,5.614035409561802,6.95985592276909,5.267778753292363,Bull,0.999993282036313,2.5377904944621477e-34,3.686745204744137e-26,6.717962330427281e-06
2018-07-05,10749.75,-0.0018727438548922296,12.579999923706055,6.5,7.800625,1.2476250000000002,5.614035409561802,6.95985592276909,5.267778753292363,Bull,0.9999943256313613,1.8981487859528407e-34,3.2018097042765443e-26,5.674368883257623e-06
2018-07-06,10772.650390625,0.002128052526818883,12.4399995803833,6.5,7.800625,1.2476250000000002,5.614035409561802,6.95985592276909,5.267778753292363,Bull,0.999995729433091,1.565082553205609e-34,2.401868090870563e-26,4.2705668706481044e-06
2018-07-09,10852.900390625,0.007421810355794803,12.390000343322754,6.5,7.800625,1.2476250000000002,5.614035409561802,6.95985592276909,5.267778753292363,Bull,0.99999657257509,1.8038615541256004e-34,1.991823488350681e-26,3.4274231021106756e-06
2018-07-10,10947.25,0.008655921796766377,12.399999618530273,6.5,7.800625,1.2476250000000002,5.614035409561802,6.95985592276909,5.267778753292363,Bull,0.9999974461203107,1.9524664534608023e-34,1.33179090267838e-26,2.5538779554480143e-06
2018-07-11,10948.2998046875,9.589206004582807e-05,12.779999732971191,6.5,7.800625,1.2476250000000002,5.614035409561802,6.95985592276909,5.267778753292363,Bull,0.9999981967464806,1.2359740445208586e-34,5.8789416287690905e-27,1.8032527399665657e-06
2018-07-12,11023.2001953125,0.006817985187144955,12.510000228881836,6.5,7.800625,1.2476250000000002,5.614035409561802,6.95985592276909,5.267778753292363,Bull,0.999998294862597,1.6587447927043833e-34,6.825770399803788e-27,1.7051380003006168e-06
2018-07-13,11018.900390625,-0.00039014473464332456,12.300000190734863,6.5,7.800625,1.2476250000000002,5.614035409561802,6.95985592276909,5.267778753292363,Bull,0.9999987443196613,1.0586230891776456e-34,4.3637272767159006e-27,1.2556819261276245e-06
2018-07-16,10936.849609375,-0.007474230051277428,12.949999809265137,6.5,7.800625,1.2476250000000002,5.614035409561802,6.95985592276909,5.267778753292363,Bull,0.9999954212685457,3.0273739381259824e-34,1.81197901686681e-26,4.578730725877615e-06
2018-07-17,11008.0498046875,0.006489019959189796,12.829999923706055,6.5,7.800625,1.2476250000000002,5.614035409561802,6.95985592276909,5.267778753292363,Bull,0.9999978249203203,1.8969324287178068e-34,7.576341567712075e-27,2.1750784935650556e-06
2018-07-18,10980.4501953125,-0.0025103689537061304,13.680000305175781,6.5,7.800625,1.2476250000000002,5.614035409561802,6.95985592276909,5.267778753292363,Bull,0.9999967648889231,2.505708063868218e-34,8.139617943119027e-27,3.2351106699644705e-06
2018-07-19,10957.099609375,-0.00212882431847883,13.59000015258789,6.5,7.800625,1.2476250000000002,5.614035409561802,6.95985592276909,5.267778753292363,Bull,0.9999966693959308,2.310732447149786e-34,8.802606071544978e-27,3.3306048881341877e-06
2018-07-20,11010.2001953125,0.004834521296150269,13.539999961853027,6.5,7.800625,1.2476250000000002,5.614035409561802,6.95985592276909,5.267778753292363,Bull,0.9999973291632356,2.358745990611061e-34,7.436252354642579e-27,2.670836616666903e-06
2018-07-23,11084.75,0.0067481562013002455,13.010000228881836,6.5,7.800625,1.2476250000000002,5.614035409561802,6.95985592276909,5.267778753292363,Bull,0.9999981085656753,2.196469304493858e-34,6.4046297129813875e-27,1.8914333499278085e-06
2018-07-24,11134.2998046875,0.004460126536742217,12.470000267028809,6.5,7.800625,1.2476250000000002,5.614035409561802,6.95985592276909,5.267778753292363,Bull,0.9999989160356981,1.3370890061801845e-34,3.8522581548076004e-27,1.0839639991450195e-06
2018-07-25,11132.0,-0.00020657268750096133,12.210000038146973,6.5,7.800625,1.2476250000000002,5.614035409561802,6.95985592276909,5.267778753292363,Bull,0.9999992225460412,8.913400640224628e-35,3.3325466665238684e-27,7.774548082510116e-07
2018-07-26,11167.2998046875,0.0031660038191820943,12.029999732971191,6.5,7.800625,1.2476250000000002,5.614035409561802,6.95985592276909,5.267778753292363,Bull,0.9999993009953583,9.033794221581909e-35,4.042453388856617e-27,6.990033008409324e-07
2018-07-27,11278.349609375,0.00989507665693427,12.3100004196167,6.5,7.800625,1.2476250000000002,5.614035409561802,6.95985592276909,5.267778753292363,Bull,0.9999989409412743,2.1918962865438092e-34,9.00022132771593e-27,1.0590586045042145e-06
2018-07-30,11319.5498046875,0.0036463779405013436,12.59000015258789,6.5,7.800625,1.2476250000000002,5.614035409561802,6.95985592276909,5.267778753292363,Bull,0.9999993501771607,1.3627717253068441e-34,3.98156131777549e-27,6.498244552974146e-07
2018-07-31,11356.5,0.003258965149071806,12.479999542236328,6.5,7.800625,1.2476250000000002,5.614035409561802,6.95985592276909,5.267778753292363,Bull,0.9999994311294157,1.3044879448696787e-34,3.642540560054885e-27,5.688690474556611e-07
2018-08-01,11346.2001953125,-0.0009073639087465626,12.529999732971191,6.75,7.82458,1.06224,5.614035409561802,5.21054142118318,4.616724738675959,Bull,0.9999997069826779,5.532448423361274e-42,4.102146948031362e-30,2.930185014116924e-07
2018-08-02,11244.7001953125,-0.008985979419681003,12.5600004196167,6.75,7.82458,1.06224,5.614035409561802,5.21054142118318,4.616724738675959,Bull,0.999999332085504,8.083966579140046e-42,1.134907919027383e-29,6.679145958760599e-07
2018-08-03,11360.7998046875,0.010271892255968624,12.079999923706055,6.75,7.82458,1.06224,5.614035409561802,5.21054142118318,4.616724738675959,Bull,0.9999995438921491,9.835574448215683e-42,8.342251894977407e-30,4.5610845567540653e-07
2018-08-06,11387.099609375,0.0023122852731850252,12.5600004196167,6.75,7.82458,1.06224,5.614035409561802,5.21054142118318,4.616724738675959,Bull,0.9999997558443581,4.934825306109448e-42,2.4508824841382517e-30,2.441544416558876e-07
2018-08-07,11389.4501953125,0.00020640403976921495,12.579999923706055,6.75,7.82458,1.06224,5.614035409561802,5.21054142118318,4.616724738675959,Bull,0.9999997536433815,4.845491899745364e-42,2.5890004158294365e-30,2.4635613700689925e-07
2018-08-08,11450.0,0.005302224530419492,12.539999961853027,6.75,7.82458,1.06224,5.614035409561802,5.21054142118318,4.616724738675959,Bull,0.9999997489394761,6.258586650418987e-42,3.0673571690069357e-30,2.5106069193727175e-07
2018-08-09,11470.7001953125,0.0018062450766348273,12.680000305175781,6.75,7.82458,1.06224,5.614035409561802,5.21054142118318,4.616724738675959,Bull,0.9999997778868666,5.603243397776143e-42,2.4363224778435063e-30,2.221118837360265e-07
2018-08-10,11429.5,-0.003598242758917501,12.850000381469727,6.75,7.82458,1.06224,5.614035409561802,5.21054142118318,4.616724738675959,Bull,0.9999997129780652,5.74475498470503e-42,3.0119851392589128e-30,2.8702181864725913e-07
2018-08-13,11355.75,-0.006473508743511776,13.399999618530273,6.75,7.82458,1.06224,5.614035409561802,5.21054142118318,4.616724738675959,Bull,0.9999993954299506,9.018343690650912e-42,6.731588063477948e-30,6.045692717945721e-07
2018-08-14,11435.099609375,0.00696331478277028,13.279999732971191,6.75,7.82458,1.06224,5.614035409561802,5.21054142118318,4.616724738675959,Bull,0.9999995642429934,9.665517190329303e-42,4.741469610571546e-30,4.3575862567882774e-07
2018-08-17,11470.75,0.007499242877784467,13.15999984741211,6.75,7.82458,1.06224,5.614035409561802,5.21054142118318,4.616724738675959,Bull,0.9999995750950795,1.0885121044243915e-41,4.848119634216481e-30,4.2490343219011857e-07
2018-08-20,11551.75,0.007036623669863275,13.029999732971191,6.75,7.82458,1.06224,5.614035409561802,5.21054142118318,4.616724738675959,Bull,0.9999996795486881,1.0526272356021584e-41,3.876505155031386e-30,3.2045048293917853e-07
2018-08-21,11570.900390625,0.001656418678663017,12.899999618530273,6.75,7.82458,1.06224,5.614035409561802,5.21054142118318,4.616724738675959,Bull,0.9999997857012434,6.747449584073473e-42,2.2099192177774453e-30,2.1429987612856764e-07
2018-08-24,11557.099609375,-0.0022169894415104054,12.40999984741211,6.75,7.82458,1.06224,5.614035409561802,5.21054142118318,4.616724738675959,Bull,0.9999998092571514,5.216447861949316e-42,2.3404800274151804e-30,1.9074107398818456e-07
2018-08-27,11691.9501953125,0.011600654595540067,12.239999771118164,6.75,7.82458,1.06224,5.614035409561802,5.21054142118318,4.616724738675959,Bull,0.9999996386359924,1.9980453194441197e-41,8.197887483584551e-30,3.61364031829595e-07
2018-08-28,11738.5,0.003973450407027797,12.430000305175781,6.75,7.82458,1.06224,5.614035409561802,5.21054142118318,4.616724738675959,Bull,0.9999998493003772,8.30678012861572e-42,1.9109375706082363e-30,1.5070141117462085e-07
2018-08-29,11691.900390625,-0.003977710157774837,12.4399995803833,6.75,7.82458,1.06224,5.614035409561802,5.21054142118318,4.616724738675959,Bull,0.9999998262246814,6.99918934930424e-42,2.0415162230284013e-30,1.7377712575113583e-07
2018-08-30,11676.7998046875,-0.0012923772322029556,12.40999984741211,6.75,7.82458,1.06224,5.614035409561802,5.21054142118318,4.616724738675959,Bull,0.9999998542334758,5.2672455827055894e-42,1.712229238535942e-30,1.457652285304246e-07
2018-08-31,11680.5,0.0003168341695652239,12.600000381469727,6.75,7.82458,1.06224,5.614035409561802,5.21054142118318,4.616724738675959,Bull,0.9999998470921244,5.5448086030039004e-42,1.6465078651007456e-30,1.52906186161577e-07
2018-09-03,11582.349609375,-0.008438430776075216,13.390000343322754,6.75,8.019075,0.9994000000000005,5.614035409561802,5.45973989821384,5.22193211488251,Bull,0.9999993054446034,9.841919065137375e-44,5.008482580025708e-31,6.945554606964906e-07
2018-09-04,11520.2998046875,-0.005371674285373425,13.779999732971191,6.75,8.019075,0.9994000000000005,5.614035409561802,5.45973989821384,5.22193211488251,Bull,0.9999991645094122,8.656785670147497e-44,4.307965099449521e-31,8.354918299598732e-07
2018-09-05,11476.9501953125,-0.003769986473883496,13.649999618530273,6.75,8.019075,0.9994000000000005,5.614035409561802,5.45973989821384,5.22193211488251,Bull,0.9999992641535734,5.99386227783129e-44,4.138680829951047e-31,7.358473249846823e-07
2018-09-06,11536.900390625,0.005209934834070753,13.720000267028809,6.75,8.019075,0.9994000000000005,5.614035409561802,5.45973989821384,5.22193211488251,Bull,0.9999994402752893,6.32769427718034e-44,3.4463136886946847e-31,5.59723875436386e-07
2018-09-07,11589.099609375,0.0045143394792379185,13.890000343322754,6.75,8.019075,0.9994000000000005,5.614035409561802,5.45973989821384,5.22193211488251,Bull,0.9999993534731673,7.37126798904485e-44,2.8428801511626875e-31,6.465256358409158e-07
2018-09-10,11438.099609375,-0.013115113390097494,15.199999809265137,6.75,8.019075,0.9994000000000005,5.614035409561802,5.45973989821384,5.22193211488251,Bull,0.9999486131489354,1.9070276502463625e-42,1.8332007614319893e-29,5.138685190363287e-05
2018-09-11,11287.5,-0.013253935347788789,15.329999923706055,6.75,8.019075,0.9994000000000005,5.614035409561802,5.45973989821384,5.22193211488251,Bull,0.9996698369693789,6.363044426481266e-42,1.2473032476564063e-28,0.00033016302997354954
2018-09-12,11369.900390625,0.007273628261968242,14.25,6.75,8.019075,0.9994000000000005,5.614035409561802,5.45973989821384,5.22193211488251,Bull,0.9995387800973877,6.9096969703490616e-43,5.1796014201379526e-30,0.0004612199012894103
2018-09-17,11377.75,-0.012008224872722099,14.5,6.75,8.019075,0.9994000000000005,5.614035409561802,5.45973989821384,5.22193211488251,Bull,0.9925444582127737,1.018930933356258e-41,9.334615715737862e-29,0.0074555417876184076
2018-09-18,11278.900390625,-0.008725935642451747,14.420000076293945,6.75,8.019075,0.9994000000000005,5.614035409561802,5.45973989821384,5.22193211488251,Bull,0.957577232774683,2.618249526661846e-41,3.076345142859858e-28,0.04242276722384258
2018-09-19,11234.349609375,-0.003957743942134398,14.010000228881836,6.75,8.019075,0.9994000000000005,5.614035409561802,5.45973989821384,5.22193211488251,Bull,0.8350843996995678,6.389306178249359e-41,8.61933273197499e-28,0.16491560030002417
2018-09-24,10967.400390625,-0.015893165427847328,17.43000030517578,6.75,8.019075,0.9994000000000005,5.614035409561802,5.45973989821384,5.22193211488251,Sideways,0.00014012061180086673,4.032361381402646e-40,3.9812898526791564e-26,0.9998598793888925
2018-09-25,11067.4501953125,0.009081113743931286,16.68000030517578,6.75,8.019075,0.9994000000000005,5.614035409561802,5.45973989821384,5.22193211488251,Sideways,3.996471261413938e-06,7.462257690190961e-42,1.7735256595290337e-28,0.9999960035281953
2018-09-26,11053.7998046875,-0.001234142949208208,17.09000015258789,6.75,8.019075,0.9994000000000005,5.614035409561802,5.45973989821384,5.22193211488251,Sideways,1.8184886268048658e-06,6.709144218671944e-42,1.3510657908098851e-28,0.999998181510653
2018-09-27,10977.5498046875,-0.006921982157626523,16.920000076293945,6.75,8.019075,0.9994000000000005,5.614035409561802,5.45973989821384,5.22193211488251,Sideways,4.0844608372980445e-07,5.087208643895013e-42,2.1272962826154164e-28,0.9999995915532888
2018-09-28,10930.4501953125,-0.004299770124143364,17.0,6.75,8.019075,0.9994000000000005,5.614035409561802,5.45973989821384,5.22193211488251,Sideways,5.554003209052775e-07,4.194427065810975e-42,2.3678699063917525e-28,0.9999994446008437
2018-10-01,11008.2998046875,0.007097025685968254,16.84000015258789,6.75,7.92485,0.9363250000000001,5.22651257350637,8.04365937161211,5.536332179930792,Sideways,3.5829971342409968e-06,1.3011891886295498e-44,3.0118858556284475e-33,0.9999964170011096
2018-10-04,10599.25,-0.024141915818458322,18.920000076293945,6.75,7.92485,0.9363250000000001,5.22651257350637,8.04365937161211,5.536332179930792,Sideways,1.77176554733188e-14,1.2611543821452156e-44,3.8758938778130864e-31,1.0
2018-10-05,10316.4501953125,-0.027043516339215604,19.729999542236328,6.75,7.92485,0.9363250000000001,5.22651257350637,8.04365937161211,5.536332179930792,Sideways,1.2946712978982064e-20,1.2520402441240826e-44,6.54955646119953e-30,1.0
2018-10-08,10348.0498046875,0.003058349730753957,20.149999618530273,6.75,7.92485,0.9363250000000001,5.22651257350637,8.04365937161211,5.536332179930792,Sideways,4.842912578994953e-18,8.155335337262904e-45,1.7699854185508693e-31,1.0
2018-10-09,10301.0498046875,-0.004552264462335634,19.760000228881836,6.75,7.92485,0.9363250000000001,5.22651257350637,8.04365937161211,5.536332179930792,Sideways,2.5668031054120028e-18,6.287398877523509e-45,2.11289647408925e-31,1.0
2018-10-10,10460.099609375,0.015322168649223668,17.90999984741211,6.75,7.92485,0.9363250000000001,5.22651257350637,8.04365937161211,5.536332179930792,Sideways,1.6768757400179542e-16,7.412608365221684e-45,1.418376667527093e-31,1.0
2018-10-11,10234.650390625,-0.021788921165731508,20.549999237060547,6.75,7.92485,0.9363250000000001,5.22651257350637,8.04365937161211,5.536332179930792,Sideways,3.896727147176202e-24,1.5202805084231037e-44,7.77517838482391e-30,1.0
2018-10-12,10472.5,0.022973713528550762,18.6299991607666,6.75,7.92485,0.9363250000000001,5.22651257350637,8.04365937161211,5.536332179930792,Sideways,1.8244192690588663e-21,2.0363909428049285e-44,1.6469776232496033e-30,1.0
2018-10-15,10512.5,0.003812251460013522,18.889999389648438,6.75,7.92485,0.9363250000000001,5.22651257350637,8.04365937161211,5.536332179930792,Sideways,1.7961737522431492e-19,1.2359742309822e-44,1.2151949621773045e-31,1.0
2018-10-16,10584.75,0.006849260681022563,17.3700008392334,6.75,7.92485,0.9363250000000001,5.22651257350637,8.04365937161211,5.536332179930792,Sideways,1.366911883847633e-17,9.794829658790136e-45,6.48232342621448e-32,1.0
2018-10-17,10453.0498046875,-0.012520502809902525,17.979999542236328,6.75,7.92485,0.9363250000000001,5.22651257350637,8.04365937161211,5.536332179930792,Sideways,4.683141949583446e-20,8.914380139624716e-45,2.7508212366991276e-31,1.0
2018-10-22,10245.25,-0.005674293551714025,21.360000610351562,6.75,7.92485,0.9363250000000001,5.22651257350637,8.04365937161211,5.536332179930792,Sideways,2.158576501027622e-25,1.8377275651377494e-44,2.2515068941388346e-30,1.0
2018-10-23,10146.7998046875,-0.009655817945697833,19.040000915527344,6.75,7.92485,0.9363250000000001,5.22651257350637,8.04365937161211,5.536332179930792,Sideways,2.058321433263776e-24,6.577677094692819e-45,1.743599235629242e-30,1.0
2018-10-24,10224.75,0.007652886157385112,18.8799991607666,6.75,7.92485,0.9363250000000001,5.22651257350637,8.04365937161211,5.536332179930792,Sideways,2.9627656412114096e-23,7.609423315644789e-45,8.448294906733554e-31,1.0
2018-10-25,10124.900390625,-0.009813476770964884,18.959999084472656,6.75,7.92485,0.9363250000000001,5.22651257350637,8.04365937161211,5.536332179930792,Sideways,3.2355396682910875e-25,6.626394415227444e-45,2.325454892136128e-30,1.0
2018-10-26,10030.0,-0.009417173007402645,19.229999542236328,6.75,7.92485,0.9363250000000001,5.22651257350637,8.04365937161211,5.536332179930792,Sideways,1.7314101044502152e-26,6.102756067657522e-45,4.4338437106530436e-30,1.0
2018-10-29,10250.849609375,0.021779988895005153,19.829999923706055,6.75,7.92485,0.9363250000000001,5.22651257350637,8.04365937161211,5.536332179930792,Sideways,1.0368885987046464e-26,2.2538118998919696e-44,1.2083760583893849e-29,1.0
2018-10-30,10198.400390625,-0.005129707325392901,20.5,6.75,7.92485,0.9363250000000001,5.22651257350637,8.04365937161211,5.536332179930792,Sideways,8.844942419657017e-27,1.4452104265841446e-44,2.9279040829153495e-30,1.0
2018-10-31,10386.599609375,0.018285592676591408,19.799999237060547,6.75,7.92485,0.9363250000000001,5.22651257350637,8.04365937161211,5.536332179930792,Sideways,6.182051781147891e-26,2.859564551436959e-44,4.112275065094137e-30,1.0
2018-11-01,10380.4501953125,-0.0005922280054286613,19.190000534057617,6.75,7.78462,0.9144200000000007,4.8610770724977215,-0.884852288075788,4.4673539518900185,Sideways,1.3496975060394783e-24,2.2236357069627866e-46,1.2814130044936437e-35,1.0
2018-11-02,10553.0,0.016485931474334168,18.229999542236328,6.75,7.78462,0.9144200000000007,4.8610770724977215,-0.884852288075788,4.4673539518900185,Sideways,1.7899040655306432e-23,3.8336614796421666e-46,1.692903585145798e-35,1.0
2018-11-05,10524.0,-0.0027518165109068284,19.479999542236328,6.75,7.78462,0.9144200000000007,4.8610770724977215,-0.884852288075788,4.4673539518900185,Sideways,7.9659981202895015e-22,2.821804681617852e-46,4.42738432475426e-36,1.0
2018-11-06,10530.0,0.0005699629678378127,18.510000228881836,6.75,7.78462,0.9144200000000007,4.8610770724977215,-0.884852288075788,4.4673539518900185,Sideways,9.443122313493333e-18,1.454983883715164e-46,1.2010684635739652e-36,1.0
2018-11-07,10598.400390625,0.006474757039787639,17.719999313354492,6.75,7.78462,0.9144200000000007,4.8610770724977215,-0.884852288075788,4.4673539518900185,Sideways,1.6555230585305138e-16,1.457215829404589e-46,8.257644651079307e-37,1.0
2018-11-12,10482.2001953125,-0.009778218363148,19.3700008392334,6.75,7.78462,0.9144200000000007,4.8610770724977215,-0.884852288075788,4.4673539518900185,Sideways,6.0584974609633e-20,1.9497255772806358e-46,3.986580083955473e-36,1.0
2018-11-13,10582.5,0.009523094254035388,18.700000762939453,6.75,7.78462,0.9144200000000007,4.8610770724977215,-0.884852288075788,4.4673539518900185,Sideways,1.4823611150961764e-17,2.0020854106363485e-46,1.4616573705407854e-36,1.0
2018-11-14,10576.2998046875,-0.000586063060967349,18.829999923706055,6.75,7.78462,0.9144200000000007,4.8610770724977215,-0.884852288075788,4.4673539518900185,Sideways,1.6182701731999647e-15,1.4196190916049195e-46,6.562035472096797e-37,1.0
2018-11-15,10616.7001953125,0.003812621107308771,18.450000762939453,6.75,7.78462,0.9144200000000007,4.8610770724977215,-0.884852288075788,4.4673539518900185,Sideways,2.40348154558351e-13,1.2252904475731771e-46,3.827649192477288e-37,1.0
2018-11-16,10682.2001953125,0.006150571652505879,18.350000381469727,6.75,7.78462,0.9144200000000007,4.8610770724977215,-0.884852288075788,4.4673539518900185,Sideways,1.072564978362364e-12,1.4567024315252992e-46,3.0344766153999817e-37,1.0
2018-11-19,10763.400390625,0.007572703131144189,19.260000228881836,6.75,7.78462,0.9144200000000007,4.8610770724977215,-0.884852288075788,4.4673539518900185,Sideways,7.714229428020048e-13,2.5196050684397387e-46,3.2296819375215736e-37,1.0
2018-11-20,10656.2001953125,-0.010009625523730635,19.329999923706055,6.75,7.78462,0.9144200000000007,4.8610770724977215,-0.884852288075788,4.4673539518900185,Sideways,5.178745524201849e-14,1.841557385131374e-46,6.843086634229596e-37,1.0
2018-11-21,10600.0498046875,-0.005283201056794732,19.559999465942383,6.75,7.78462,0.9144200000000007,4.8610770724977215,-0.884852288075788,4.4673539518900185,Sideways,1.529587961239723e-14,1.6454519084935911e-46,6.8847462711562025e-37,1.0
2018-11-22,10526.75,-0.006939063131569403,19.15999984741211,6.75,7.78462,0.9144200000000007,4.8610770724977215,-0.884852288075788,4.4673539518900185,Sideways,6.969390805743307e-15,1.202968786576158e-46,9.23430769968344e-37,1.0
2018-11-27,10685.599609375,0.005348559924642655,18.31999969482422,6.75,7.78462,0.9144200000000007,4.8610770724977215,-0.884852288075788,4.4673539518900185,Sideways,3.438538348571045e-12,1.3722485199172062e-46,2.6725025426189527e-37,0.999999999996362
2018-11-28,10728.849609375,0.004039334223781422,17.959999084472656,6.75,7.78462,0.9144200000000007,4.8610770724977215,-0.884852288075788,4.4673539518900185,Sideways,5.047084296493986e-11,1.2942906916900712e-46,1.7870678555692734e-37,0.9999999999490683
2018-11-29,10858.7001953125,0.01203028163822991,18.700000762939453,6.75,7.78462,0.9144200000000007,4.8610770724977215,-0.884852288075788,4.4673539518900185,Sideways,1.0482191930732675e-10,2.7506362132475085e-46,2.3639313613207445e-37,0.9999999998944986
2018-11-30,10876.75,0.0016608635822544591,19.15999984741211,6.75,7.78462,0.9144200000000007,4.8610770724977215,-0.884852288075788,4.4673539518900185,Sideways,1.1163388495438884e-09,2.5242815923110358e-46,1.337904084809379e-37,0.9999999988831405
2018-12-03,10883.75,0.0006433675918710725,18.219999313354492,6.75,7.37335,0.7063750000000004,5.244785606363234,2.62077575091408,3.457216940363006,Sideways,3.749584680475028e-08,1.2080884091837275e-54,3.212546495976662e-31,0.9999999625033531
2018-12-04,10869.5,-0.0013101492455916805,18.110000610351562,6.75,7.37335,0.7063750000000004,5.244785606363234,2.62077575091408,3.457216940363006,Sideways,9.640471147371863e-08,1.069813405412271e-54,3.709856959268949e-31,0.9999999035935663
2018-12-05,10782.900390625,-0.007999119688821785,18.389999389648438,6.75,7.37335,0.7063750000000004,5.244785606363234,2.62077575091408,3.457216940363006,Sideways,3.836489990865465e-09,9.561974383042162e-55,7.508886479779548e-31,0.9999999961619324
2018-12-06,10601.150390625,-0.016999059579474705,19.309999465942383,6.75,7.37335,0.7063750000000004,5.244785606363234,2.62077575091408,3.457216940363006,Sideways,8.988355425679671e-13,1.014583433794043e-54,7.369533395017511e-30,1.0
2018-12-07,10693.7001953125,0.008692278636606364,18.59000015258789,6.75,7.37335,0.7063750000000004,5.244785606363234,2.62077575091408,3.457216940363006,Sideways,2.333951852267088e-10,9.037173353105738e-55,1.132126214005281e-30,0.9999999997671694
2018-12-10,10488.4501953125,-0.019380130942287622,20.440000534057617,6.75,7.37335,0.7063750000000004,5.244785606363234,2.62077575091408,3.457216940363006,Sideways,1.430440057412294e-16,1.4548787720778772e-54,3.378923200643405e-29,1.0
2018-12-11,10549.150390625,0.005770654643792864,17.950000762939453,6.75,7.37335,0.7063750000000004,5.244785606363234,2.62077575091408,3.457216940363006,Sideways,4.7010016825579505e-12,5.349795261332618e-55,1.5074772797434452e-30,0.999999999996362
2018-12-12,10737.599609375,0.01770623905775317,15.8100004196167,6.75,7.37335,0.7063750000000004,5.244785606363234,2.62077575091408,3.457216940363006,Sideways,4.059151964237074e-10,7.785931471684605e-55,1.7875257663715977e-30,0.9999999995925464
2018-12-13,10791.5498046875,0.005011838341027756,15.550000190734863,6.75,7.37335,0.7063750000000004,5.244785606363234,2.62077575091408,3.457216940363006,Sideways,2.3937671970857537e-08,5.764507178324565e-55,3.487690287256023e-31,0.9999999760620998
2018-12-14,10805.4501953125,0.0012872521687673252,15.15999984741211,6.75,7.37335,0.7063750000000004,5.244785606363234,2.62077575091408,3.457216940363006,Sideways,5.8381109254837535e-08,5.35077486329919e-55,3.0032016874834484e-31,0.9999999416177178
2018-12-17,10888.349609375,0.007642719885813293,14.539999961853027,6.75,7.37335,0.7063750000000004,5.244785606363234,2.62077575091408,3.457216940363006,Sideways,2.944288883957008e-07,6.887515221179844e-55,3.0195835996224745e-31,0.9999997055711425
2018-12-18,10908.7001953125,0.0018672794743268973,14.579999923706055,6.75,7.37335,0.7063750000000004,5.244785606363234,2.62077575091408,3.457216940363006,Sideways,7.21562020342973e-07,6.666753257943997e-55,2.152798223712615e-31,0.9999992784362678
2018-12-19,10967.2998046875,0.005357446474361821,14.65999984741211,6.75,7.37335,0.7063750000000004,5.244785606363234,2.62077575091408,3.457216940363006,Sideways,1.8885910177987194e-06,8.385671549499654e-55,1.9411647882694237e-31,0.9999981114105693
2018-12-20,10951.7001953125,-0.0014233871991216722,14.329999923706055,6.75,7.37335,0.7063750000000004,5.244785606363234,2.62077575091408,3.457216940363006,Sideways,4.344874347735953e-06,6.918631149748302e-55,1.871504993909186e-31,0.999995655124056
2018-12-21,10754.0,-0.01821693480035375,15.989999771118164,6.75,7.37335,0.7063750000000004,5.244785606363234,2.62077575091408,3.457216940363006,Sideways,1.0123841366310664e-10,7.490239126277132e-55,2.164336358137088e-30,0.9999999998981366
2018-12-24,10663.5,-0.0084510833319759,15.75,6.75,7.37335,0.7063750000000004,5.244785606363234,2.62077575091408,3.457216940363006,Sideways,1.386219771250402e-10,4.4469728112568366e-55,8.871162346553726e-31,0.9999999998617568
2018-12-27,10779.7998046875,0.004644453671963747,16.06999969482422,6.75,7.37335,0.7063750000000004,5.244785606363234,2.62077575091408,3.457216940363006,Sideways,2.258489957144345e-09,6.480623929790081e-55,3.996521489801112e-31,0.9999999977408152
2018-12-28,10859.900390625,0.007403148015077441,15.270000457763672,6.75,7.37335,0.7063750000000004,5.244785606363234,2.62077575091408,3.457216940363006,Sideways,1.8736701056129695e-08,7.419570176248347e-55,3.4285422406565813e-31,0.9999999812644094
2018-12-31,10862.5498046875,0.00024393326275947618,16.0,6.75,7.37335,0.7063750000000004,5.244785606363234,2.62077575091408,3.457216940363006,Sideways,3.026402571727066e-08,7.433293665381663e-55,2.5061306561622866e-31,0.9999999697356547
2019-01-03,10672.25,-0.011204533761500678,16.790000915527344,6.75,7.34735,0.7115,6.5971371256887235,0.882263444751175,2.758620689655178,Sideways,2.2155784319488843e-12,2.900335853636455e-53,2.6949045187655224e-27,0.999999999996362
2019-01-04,10727.349609375,0.005149603931252372,16.15999984741211,6.75,7.34735,0.7115,6.5971371256887235,0.882263444751175,2.758620689655178,Sideways,4.2742686937761534e-11,2.8319001645868864e-53,1.1726738154380852e-27,0.9999999999563443
2019-01-07,10771.7998046875,0.0041350713736188,16.299999237060547,6.75,7.34735,0.7115,6.5971371256887235,0.882263444751175,2.758620689655178,Sideways,8.37409115047369e-11,3.255191529880137e-53,9.451021112508217e-28,0.9999999999163265
2019-01-08,10802.150390625,0.0028136345625500237,15.699999809265137,6.75,7.34735,0.7115,6.5971371256887235,0.882263444751175,2.758620689655178,Sideways,5.384441603646827e-10,3.017119366435522e-53,7.61322666137089e-28,0.9999999994615791
2019-01-09,10855.150390625,0.004894433183399924,15.270000457763672,6.75,7.34735,0.7115,6.5971371256887235,0.882263444751175,2.758620689655178,Sideways,1.623139393395438e-08,3.0445537283087337e-53,6.0715361781876865e-28,0.9999999837673387
2019-01-10,10821.599609375,-0.003095557040757343,15.350000381469727,6.75,7.34735,0.7115,6.5971371256887235,0.882263444751175,2.758620689655178,Sideways,1.0131815522480736e-08,2.6189930264876343e-53,6.562767149270388e-28,0.999999989868229
2019-01-11,10794.9501953125,-0.002465650421033224,15.350000381469727,6.75,7.34735,0.7115,6.5971371256887235,0.882263444751175,2.758620689655178,Sideways,5.472606256136348e-08,2.20905530284212e-53,7.399674478428535e-28,0.9999999452738862
2019-01-14,10737.599609375,-0.005326886232360374,16.15999984741211,6.75,7.34735,0.7115,6.5971371256887235,0.882263444751175,2.758620689655178,Sideways,4.098923477857279e-09,2.248770582777763e-53,1.0760870970251953e-27,0.9999999958999979
2019-01-15,10886.7998046875,0.013799464213669708,15.579999923706055,6.75,7.34735,0.7115,6.5971371256887235,0.882263444751175,2.758620689655178,Sideways,1.0422532283712322e-07,3.894525098027619e-53,1.2618778373097843e-27,0.9999998957755506
2019-01-16,10890.2998046875,0.000321438583917674,16.079999923706055,6.75,7.34735,0.7115,6.5971371256887235,0.882263444751175,2.758620689655178,Sideways,2.4722495365528e-07,3.26837859802535e-53,5.2141699144167945e-28,0.9999997527739047
2019-01-17,10905.2001953125,0.001367290766106507,16.239999771118164,6.75,7.34735,0.7115,6.5971371256887235,0.882263444751175,2.758620689655178,Sideways,2.5573065128905963e-07,3.544015376792624e-53,5.031235253058536e-28,0.9999997442683125
2019-01-18,10906.9501953125,0.0001604610249256087,16.6200008392334,6.75,7.34735,0.7115,6.5971371256887235,0.882263444751175,2.758620689655178,Sideways,1.8387166884719267e-07,3.8056761116336123e-53,5.332290010409145e-28,0.999999816129292
2019-01-21,10961.849609375,0.005020808629692447,18.149999618530273,6.75,7.34735,0.7115,6.5971371256887235,0.882263444751175,2.758620689655178,Sideways,2.6965143710026605e-08,7.13107356444821e-53,6.5872608070155e-28,0.9999999730353014
2019-01-22,10922.75,-0.003573257146616415,17.989999771118164,6.75,7.34735,0.7115,6.5971371256887235,0.882263444751175,2.758620689655178,Sideways,1.918052595031258e-08,5.680116920733166e-53,7.072285236924849e-28,0.999999980820576
2019-01-23,10831.5,-0.008389214537151498,18.09000015258789,6.75,7.34735,0.7115,6.5971371256887235,0.882263444751175,2.758620689655178,Sideways,1.2487568281283619e-09,4.718068133840886e-53,1.3516887486080745e-27,0.9999999987521733
2019-01-24,10849.7998046875,0.0016880730581589696,17.43000030517578,6.75,7.34735,0.7115,6.5971371256887235,0.882263444751175,2.758620689655178,Sideways,3.331988374424428e-08,3.8801747944771404e-53,9.801118064252822e-28,0.9999999666797527
2019-01-25,10780.5498046875,-0.006403062164968701,17.690000534057617,6.75,7.34735,0.7115,6.5971371256887235,0.882263444751175,2.758620689655178,Sideways,3.500952670185325e-09,3.4536986032050905e-53,1.794481825250263e-27,0.9999999965002644
2019-01-28,10661.5498046875,-0.011099773244971002,18.899999618530273,6.75,7.34735,0.7115,6.5971371256887235,0.882263444751175,2.758620689655178,Sideways,8.061637050746614e-12,3.99392942568859e-53,6.054033927978553e-27,0.999999999992724
2019-01-29,10652.2001953125,-0.0008773312978436732,18.43000030517578,6.75,7.34735,0.7115,6.5971371256887235,0.882263444751175,2.758620689655178,Sideways,6.021839792048454e-11,3.0602965127635233e-53,3.0811603662128013e-27,0.9999999999381544
2019-01-30,10651.7998046875,-3.758830501756102e-05,17.850000381469727,6.75,7.34735,0.7115,6.5971371256887235,0.882263444751175,2.758620689655178,Sideways,1.8482411967961787e-10,2.569409996133923e-53,2.6119212498256936e-27,0.9999999998144631
2019-01-31,10830.9501953125,0.016678920874278535,17.1200008392334,6.75,7.34735,0.7115,6.5971371256887235,0.882263444751175,2.758620689655178,Sideways,2.9501019734233666e-09,4.923749045201725e-53,3.2157000764936736e-27,0.9999999970495992
2019-02-01,10893.650390625,0.005772292029816439,15.720000267028809,6.5625,7.4312,0.9506499999999996,6.968622707366312,-0.171489799783564,2.9285099052541064,Sideways,9.431175895939524e-08,2.8076806606604045e-43,1.7282373517875207e-31,0.9999999056890418
2019-02-04,10912.25,0.0017059248691862574,15.720000267028809,6.5625,7.4312,0.9506499999999996,6.968622707366312,-0.171489799783564,2.9285099052541064,Sideways,1.646372282069411e-07,2.790597026044873e-43,1.423326411498348e-31,0.9999998353632826
2019-02-05,10934.349609375,0.0020231630833451035,15.779999732971191,6.5625,7.4312,0.9506499999999996,6.968622707366312,-0.171489799783564,2.9285099052541064,Sideways,2.2432218591247752e-07,3.0036888316773137e-43,1.3287009259760782e-31,0.999999775678614
2019-02-06,11062.4501953125,0.011647333726075786,15.630000114440918,6.5625,7.4312,0.9506499999999996,6.968622707366312,-0.171489799783564,2.9285099052541064,Sideways,5.987206729917144e-07,5.2525876810560026e-43,1.4918727966418864e-31,0.999999401279817
2019-02-07,11069.400390625,0.0006280717930916961,15.4399995803833,6.5625,7.4312,0.9506499999999996,6.968622707366312,-0.171489799783564,2.9285099052541064,Sideways,2.277121578372721e-06,4.188078670327375e-43,7.88508250283412e-32,0.9999977228788799
2019-02-08,10943.599609375,-0.011429805188104512,15.569999694824219,6.5625,7.4312,0.9506499999999996,6.968622707366312,-0.171489799783564,2.9285099052541064,Sideways,4.0767017702892205e-08,3.2379707777146405e-43,2.2133076119762565e-31,0.9999999592328103
2019-02-11,10888.7998046875,-0.005020054711538446,15.84000015258789,6.5625,7.4312,0.9506499999999996,6.968622707366312,-0.171489799783564,2.9285099052541064,Sideways,2.671080079884873e-08,2.6673521997141446e-43,1.6066448743705645e-31,0.9999999732899599
2019-02-12,10831.400390625,-0.005285360831624847,15.75,6.5625,7.4312,0.9506499999999996,6.968622707366312,-0.171489799783564,2.9285099052541064,Sideways,1.7386448575453553e-08,2.1933819657546524e-43,2.2423944824649917e-31,0.9999999826140994
2019-02-15,10724.400390625,-0.0020166713974639474,16.459999084472656,6.5625,7.4312,0.9506499999999996,6.968622707366312,-0.171489799783564,2.9285099052541064,Sideways,8.147320201776682e-10,1.923969088390992e-43,3.312194662759717e-31,0.9999999991850927
2019-02-18,10640.9501953125,-0.007811771620307167,18.0,6.5625,7.4312,0.9506499999999996,6.968622707366312,-0.171489799783564,2.9285099052541064,Sideways,4.062930939479633e-12,2.4758907521152787e-43,8.649400436022944e-31,0.999999999996362
2019-02-19,10604.349609375,-0.003445526538395949,18.469999313354492,6.5625,7.4312,0.9506499999999996,6.968622707366312,-0.171489799783564,2.9285099052541064,Sideways,9.89003612305091e-13,2.5554311001008217e-43,9.31638580714879e-31,1.0
2019-02-20,10735.4501953125,0.01228711014362708,17.059999465942383,6.5625,7.4312,0.9506499999999996,6.968622707366312,-0.171489799783564,2.9285099052541064,Sideways,6.50997181005794e-11,2.9584374424427353e-43,6.148246036651111e-31,0.9999999999345164
2019-02-21,10789.849609375,0.005054473607434973,16.049999237060547,6.5625,7.4312,0.9506499999999996,6.968622707366312,-0.171489799783564,2.9285099052541064,Sideways,2.2319733298549992e-09,2.2535963924929337e-43,2.369395477356938e-31,0.999999997766281
2019-02-22,10791.650390625,0.00016688193630472358,15.449999809265137,6.5625,7.4312,0.9506499999999996,6.968622707366312,-0.171489799783564,2.9285099052541064,Sideways,7.90320713844682e-09,1.8856456115150187e-43,2.144922913136442e-31,0.99999999209831
2019-02-25,10880.099609375,0.008162673513503154,15.359999656677246,6.5625,7.4312,0.9506499999999996,6.968622707366312,-0.171489799783564,2.9285099052541064,Sideways,2.5536121064416935e-08,2.6417957342427207e-43,1.9712577269122904e-31,0.9999999744650271
2019-02-26,10835.2998046875,-0.004126092031890748,17.110000610351562,6.5625,7.4312,0.9506499999999996,6.968622707366312,-0.171489799783564,2.9285099052541064,Sideways,1.2843551499500158e-09,3.0391643203748344e-43,2.1986888521389816e-31,0.9999999987157935
2019-02-27,10806.650390625,-0.0026475831003447124,18.899999618530273,6.5625,7.4312,0.9506499999999996,6.968622707366312,-0.171489799783564,2.9285099052541064,Sideways,4.440569230719153e-11,4.683592068625572e-43,4.091394448797088e-31,0.9999999999563443
2019-02-28,10792.5,-0.0013102730795938819,18.280000686645508,6.5625,7.4312,0.9506499999999996,6.968622707366312,-0.171489799783564,2.9285099052541064,Sideways,1.2489895223350535e-10,3.697809027890994e-43,3.4274537623877973e-31,0.9999999998763087
2019-03-01,10863.5,0.006557097745663337,16.270000457763672,6.5,7.41366,1.05736,7.665521412488241,3.40738001837879,3.095442820292349,Sideways,3.7387127177648334e-09,4.161014124381588e-40,2.9759030257638794e-49,0.9999999962601578
2019-03-06,11053.0,0.0059481541776258,15.609999656677246,6.5,7.41366,1.05736,7.665521412488241,3.40738001837879,3.095442820292349,Sideways,5.483406897445576e-07,6.040966924560201e-40,1.6612186535041013e-49,0.9999994516585187
2019-03-07,11058.2001953125,0.00047036753884395607,15.289999961853027,6.5,7.41366,1.05736,7.665521412488241,3.40738001837879,3.095442820292349,Sideways,1.1428538181235705e-06,5.395962974043177e-40,1.448133982169705e-49,0.9999988571478007
2019-03-08,11035.400390625,-0.002063929117607768,14.9399995803833,6.5,7.41366,1.05736,7.665521412488241,3.40738001837879,3.095442820292349,Sideways,1.085221378745092e-06,4.6975412697110966e-40,1.6324550704820683e-49,0.9999989147769588
2019-03-11,11168.0498046875,0.01194868284879883,14.899999618530273,6.5,7.41366,1.05736,7.665521412488241,3.40738001837879,3.095442820292349,Sideways,2.069524291229356e-06,8.912425197463647e-40,1.8601082877508138e-49,0.9999979304760515
2019-03-12,11301.2001953125,0.011851926453906937,15.100000381469727,6.5,7.41366,1.05736,7.665521412488241,3.40738001837879,3.095442820292349,Sideways,8.38224803801364e-06,1.4451624061286292e-39,1.3132162326386715e-49,0.9999916177536099
2019-03-13,11341.7001953125,0.0035772840485137174,15.279999732971191,6.5,7.41366,1.05736,7.665521412488241,3.40738001837879,3.095442820292349,Sideways,2.8030629108142013e-05,1.429923020992651e-39,6.542459228842987e-50,0.9999719693696172
2019-03-14,11343.25,0.00013663725743869715,15.149999618530273,6.5,7.41366,1.05736,7.665521412488241,3.40738001837879,3.095442820292349,Sideways,5.3824828280259346e-05,1.3370848389896858e-39,7.248063031829059e-50,0.999946175172919
2019-03-15,11426.849609375,0.0073429617299341126,15.869999885559082,6.5,7.41366,1.05736,7.665521412488241,3.40738001837879,3.095442820292349,Sideways,3.3738735280291176e-05,2.2767111627192068e-39,8.103529383068157e-50,0.999966261266129
2019-03-18,11462.2001953125,0.003088866890158751,16.899999618530273,6.5,7.41366,1.05736,7.665521412488241,3.40738001837879,3.095442820292349,Sideways,1.4824707729214479e-05,3.034241907428851e-39,7.39481400671184e-50,0.9999851752916785
2019-03-19,11532.400390625,0.006105817158639563,16.489999771118164,6.5,7.41366,1.05736,7.665521412488241,3.40738001837879,3.095442820292349,Sideways,3.5800882518286425e-05,3.762276857499923e-39,7.457661717088343e-50,0.9999641991168033
2019-03-20,11521.0498046875,-0.000984719142560533,16.030000686645508,6.5,7.41366,1.05736,7.665521412488241,3.40738001837879,3.095442820292349,Sideways,7.061042511712803e-05,2.9957796127519045e-39,7.381104697343682e-50,0.9999293895754082
2019-03-25,11354.25,-0.00900007950222714,16.670000076293945,6.5,7.41366,1.05736,7.665521412488241,3.40738001837879,3.095442820292349,Sideways,4.519411333832538e-06,1.9053728601977493e-39,1.2958835113896816e-49,0.9999954805891583
2019-03-26,11483.25,0.011297328693216403,16.489999771118164,6.5,7.41366,1.05736,7.665521412488241,3.40738001837879,3.095442820292349,Sideways,1.0305007531170675e-05,3.40279197280351e-39,1.2437503911223665e-49,0.9999896949942747
2019-03-27,11445.0498046875,-0.003332146821462826,17.049999237060547,6.5,7.41366,1.05736,7.665521412488241,3.40738001837879,3.095442820292349,Sideways,7.14127473916139e-06,2.7274936292684432e-39,7.942597010046371e-50,0.9999928587240324
2019-03-28,11570.0,0.010858236155870985,16.649999618530273,6.5,7.41366,1.05736,7.665521412488241,3.40738001837879,3.095442820292349,Sideways,1.1242393877889965e-05,4.812709238847201e-39,9.682602517967426e-50,0.9999887576063747
2019-04-02,11713.2001953125,0.0037677868730356698,18.079999923706055,6.25,7.421075,1.1165000000000003,8.333287948515466,2.12393798910653,3.239556692242118,Sideways,2.0029323065189053e-07,8.849524518740158e-38,4.3431159472541004e-77,0.9999997997074589
2019-04-03,11643.9501953125,-0.005929679070481917,18.780000686645508,6.25,7.421075,1.1165000000000003,8.333287948515466,2.12393798910653,3.239556692242118,Sideways,2.793410212950152e-08,7.88574826972476e-38,6.19162263475382e-77,0.9999999720675992
2019-04-04,11598.0,-0.00395407913661549,18.649999618530273,6.25,7.421075,1.1165000000000003,8.333287948515466,2.12393798910653,3.239556692242118,Sideways,3.616789311686926e-08,6.075399521981932e-38,5.4370773908086696e-77,0.9999999638312154
2019-04-05,11665.9501953125,0.005841689650914404,18.389999389648438,6.25,7.421075,1.1165000000000003,8.333287948515466,2.12393798910653,3.239556692242118,Sideways,7.352971104621909e-08,7.780531389331757e-38,5.102392003889358e-77,0.999999926469175
2019-04-08,11604.5,-0.005281405184150887,20.149999618530273,6.25,7.421075,1.1165000000000003,8.333287948515466,2.12393798910653,3.239556692242118,Sideways,9.01916425609294e-10,1.0425098482606153e-37,1.0523194499675165e-76,0.9999999990977813
2019-04-09,11671.9501953125,0.005795590267793092,20.280000686645508,6.25,7.421075,1.1165000000000003,8.333287948515466,2.12393798910653,3.239556692242118,Sideways,8.470094323636679e-10,1.5096647611321304e-37,1.0665097340970616e-76,0.9999999991523509
2019-04-10,11584.2998046875,-0.007537827950835446,21.1299991607666,6.25,7.421075,1.1165000000000003,8.333287948515466,2.12393798910653,3.239556692242118,Sideways,3.4775390562982857e-11,1.4395896496898412e-37,2.0094465212878345e-76,0.9999999999636202
2019-04-11,11596.7001953125,0.001069875484907893,20.959999084472656,6.25,7.421075,1.1165000000000003,8.333287948515466,2.12393798910653,3.239556692242118,Sideways,1.0648076827905276e-10,1.3561541311087924e-37,1.3441737738555497e-76,0.9999999998944986
2019-04-12,11643.4501953125,0.004023215192085498,21.0,6.25,7.421075,1.1165000000000003,8.333287948515466,2.12393798910653,3.239556692242118,Sideways,1.3067230393597096e-10,1.6815579727655655e-37,1.5408768287140695e-76,0.9999999998690328
2019-04-15,11690.349609375,0.004019874826265466,21.389999389648438,6.25,7.421075,1.1165000000000003,8.333287948515466,2.12393798910653,3.239556692242118,Sideways,5.843971295574756e-11,2.376151050730724e-37,2.1500040471687912e-76,0.9999999999417923
2019-04-16,11787.150390625,0.008246306446581041,21.690000534057617,6.25,7.421075,1.1165000000000003,8.333287948515466,2.12393798910653,3.239556692242118,Sideways,1.8757888599559692e-11,4.131441865955285e-37,3.15442237195305e-76,0.9999999999818101
2019-04-23,11575.9501953125,-0.001596865278055509,24.649999618530273,6.25,7.421075,1.1165000000000003,8.333287948515466,2.12393798910653,3.239556692242118,Sideways,7.027370582799082e-16,7.234123464341822e-37,3.5102657135282033e-75,1.0
2019-04-24,11726.150390625,0.01289173694761699,23.709999084472656,6.25,7.421075,1.1165000000000003,8.333287948515466,2.12393798910653,3.239556692242118,Sideways,9.17564480146749e-15,9.837197668124076e-37,2.374534839860283e-75,1.0
2019-04-25,11641.7998046875,-0.007219371112150696,23.229999542236328,6.25,7.421075,1.1165000000000003,8.333287948515466,2.12393798910653,3.239556692242118,Sideways,5.759002059717074e-14,4.245343634718216e-37,9.302614121659225e-76,1.0
2019-04-26,11754.650390625,0.00964688746996101,21.719999313354492,6.25,7.421075,1.1165000000000003,8.333287948515466,2.12393798910653,3.239556692242118,Sideways,6.851356319537541e-12,3.573346598547165e-37,2.962110555913833e-76,0.999999999992724
2019-05-03,11712.25,-0.0010666895238500144,24.030000686645508,6.25,7.3271,0.9542199999999994,8.650538436837119,4.63655565014884,2.789518174133554,Sideways,5.159726448220141e-15,1.3712721514107176e-43,1.82672296990186e-91,1.0
2019-05-06,11598.25,-0.00978107795702945,26.43000030517578,6.25,7.3271,0.9542199999999994,8.650538436837119,4.63655565014884,2.789518174133554,Sideways,1.0189526918459505e-19,4.077475933644735e-43,4.590760787704553e-90,1.0
2019-05-07,11497.900390625,-0.008689780690377916,26.479999542236328,6.25,7.3271,0.9542199999999994,8.650538436837119,4.63655565014884,2.789518174133554,Sideways,5.513253472413601e-20,2.8163598258763724e-43,5.121009945208609e-90,1.0
2019-05-08,11359.4501953125,-0.012114430150335101,26.3700008392334,6.25,7.3271,0.9542199999999994,8.650538436837119,4.63655565014884,2.789518174133554,Sideways,8.013745680564207e-21,1.7434630084457901e-43,7.821162053798422e-90,1.0
2019-05-09,11301.7998046875,-0.005088026035289156,25.489999771118164,6.25,7.3271,0.9542199999999994,8.650538436837119,4.63655565014884,2.789518174133554,Sideways,7.281591683523225e-19,7.20641791567977e-44,1.8109357528183943e-90,1.0
2019-05-10,11278.900390625,-0.0020282295690185756,26.34000015258789,6.25,7.3271,0.9542199999999994,8.650538436837119,4.63655565014884,2.789518174133554,Sideways,2.1891570150222338e-20,1.1475790425814687e-43,4.7239284680485665e-90,1.0
2019-05-13,11148.2001953125,-0.011655690801341047,27.3799991607666,6.25,7.3271,0.9542199999999994,8.650538436837119,4.63655565014884,2.789518174133554,Sideways,8.310841188939402e-24,1.7802317246067006e-43,4.972630859359657e-89,1.0
2019-05-14,11222.0498046875,0.006602508032110876,27.1299991607666,6.25,7.3271,0.9542199999999994,8.650538436837119,4.63655565014884,2.789518174133554,Sideways,1.5232697195055673e-22,1.83393159370194e-43,1.681647608072229e-89,1.0
2019-05-15,11157.0,-0.0058134718372332824,28.65999984741211,6.25,7.3271,0.9542199999999994,8.650538436837119,4.63655565014884,2.789518174133554,Sideways,4.796773824156733e-26,4.3504490899820935e-43,1.760662521094086e-88,1.0
2019-05-16,11257.099609375,0.00893190238330833,28.3700008392334,6.25,7.3271,0.9542199999999994,8.650538436837119,4.63655565014884,2.789518174133554,Sideways,4.293518303789307e-25,5.356378670909093e-43,9.972374545132102e-89,1.0
2019-05-17,11407.150390625,0.013241380029110123,28.079999923706055,6.25,7.3271,0.9542199999999994,8.650538436837119,4.63655565014884,2.789518174133554,Sideways,1.936106075571161e-24,8.135962615391667e-43,7.014388725289902e-89,1.0
2019-05-20,11828.25,0.03625035203017847,23.68000030517578,6.25,7.3271,0.9542199999999994,8.650538436837119,4.63655565014884,2.789518174133554,Sideways,4.0483020586052664e-23,1.27265738784598e-42,1.0302629492696044e-88,1.0
2019-05-21,11709.099609375,-0.010124454145348287,25.649999618530273,6.25,7.3271,0.9542199999999994,8.650538436837119,4.63655565014884,2.789518174133554,Sideways,6.530393295487679e-23,5.408379678442131e-43,2.800781839075794e-90,1.0
2019-05-22,11737.900390625,0.0024566721316128274,27.6299991607666,6.25,7.3271,0.9542199999999994,8.650538436837119,4.63655565014884,2.789518174133554,Sideways,3.472007774598529e-26,2.211638464911745e-42,1.984549067216083e-89,1.0
2019-05-23,11657.0498046875,-0.006911825598039294,19.40999984741211,6.25,7.3271,0.9542199999999994,8.650538436837119,4.63655565014884,2.789518174133554,Sideways,2.3958412218781054e-14,1.8407846281571081e-44,1.680812057063044e-92,1.0
2019-05-24,11844.099609375,0.01591868987483049,16.469999313354492,6.25,7.3271,0.9542199999999994,8.650538436837119,4.63655565014884,2.789518174133554,Sideways,6.006399795543128e-13,2.406797623431209e-44,2.0444457262069543e-92,1.0
2019-05-27,11924.75,0.00678625187736734,16.190000534057617,6.25,7.3271,0.9542199999999994,8.650538436837119,4.63655565014884,2.789518174133554,Sideways,4.442673226367172e-12,2.2003642094582364e-44,7.744409022259463e-93,0.999999999996362
2019-05-28,11928.75,0.00033538055526396364,15.920000076293945,6.25,7.3271,0.9542199999999994,8.650538436837119,4.63655565014884,2.789518174133554,Sideways,2.6101669278498063e-11,1.7948016994685108e-44,5.495776069294639e-93,0.9999999999745341
2019-05-29,11861.099609375,-0.005687347678687314,16.40999984741211,6.25,7.3271,0.9542199999999994,8.650538436837119,4.63655565014884,2.789518174133554,Sideways,1.0370898213456848e-11,1.451343567677443e-44,6.742226056232986e-93,0.9999999999890861
2019-05-30,11945.900390625,0.007124050901094894,15.609999656677246,6.25,7.3271,0.9542199999999994,8.650538436837119,4.63655565014884,2.789518174133554,Sideways,4.633302699857027e-11,1.829260318771491e-44,6.54262278338678e-93,0.9999999999527063
2019-05-31,11922.7998046875,-0.001935638971628022,16.06999969482422,6.25,7.3271,0.9542199999999994,8.650538436837119,4.63655565014884,2.789518174133554,Sideways,3.1329113169397285e-11,1.6136904827797895e-44,5.418818821939161e-93,0.9999999999672582
2019-06-03,12088.5498046875,0.013806190447529239,15.970000267028809,6.0,6.96805,0.9632749999999994,8.591089371297155,0.51894544724318,2.015113350125941,Sideways,3.6026864141878538e-12,9.128844058286679e-44,3.7899112530074034e-91,0.999999999996362
2019-06-04,12021.650390625,-0.0055494840533033855,15.630000114440918,6.0,6.96805,0.9632749999999994,8.591089371297155,0.51894544724318,2.015113350125941,Sideways,2.4809823524844826e-11,4.536112708343634e-44,1.7141305901285158e-91,0.9999999999745341
2019-06-07,11870.650390625,0.0022686976453037896,14.859999656677246,6.0,6.96805,0.9632749999999994,8.591089371297155,0.51894544724318,2.015113350125941,Sideways,2.917377003127876e-10,1.8503199495125814e-44,1.3747222920682052e-91,0.9999999997089617
2019-06-10,11922.7001953125,0.004375162508348263,14.979999542236328,6.0,6.96805,0.9632749999999994,8.591089371297155,0.51894544724318,2.015113350125941,Sideways,4.818733167268511e-10,2.324779222673753e-44,1.3301801824230128e-91,0.9999999995197868
2019-06-11,11965.599609375,0.003591671280959742,14.489999771118164,6.0,6.96805,0.9632749999999994,8.591089371297155,0.51894544724318,2.015113350125941,Sideways,1.1651920894767948e-09,2.5105858198487017e-44,1.2996274280361843e-91,0.9999999988358468
2019-06-12,11906.2001953125,-0.0049765444699523915,14.119999885559082,6.0,6.96805,0.9632749999999994,8.591089371297155,0.51894544724318,2.015113350125941,Sideways,3.707500942101039e-09,1.6633240802020873e-44,1.3834649584573657e-91,0.9999999962928996
2019-06-13,11914.0498046875,0.0006590703001973485,13.65999984741211,6.0,6.96805,0.9632749999999994,8.591089371297155,0.51894544724318,2.015113350125941,Sideways,6.797700840553933e-09,1.6096008545324453e-44,1.317230471940986e-91,0.9999999932006176
2019-06-14,11823.2998046875,-0.00764621523730026,13.899999618530273,6.0,6.96805,0.9632749999999994,8.591089371297155,0.51894544724318,2.015113350125941,Sideways,1.570899417888007e-09,1.1558859218384785e-44,1.8866034625050962e-91,0.9999999984283932
2019-06-17,11672.150390625,-0.012866448437943826,14.649999618530273,6.0,6.96805,0.9632749999999994,8.591089371297155,0.51894544724318,2.015113350125941,Sideways,1.9712953975055397e-11,8.289522140234843e-45,4.153441776826146e-91,0.9999999999818101
2019-06-18,11691.5,0.0016563861789982873,14.600000381469727,6.0,6.96805,0.9632749999999994,8.591089371297155,0.51894544724318,2.015113350125941,Sideways,2.7735887374087675e-10,7.499991647346688e-45,1.598876681238881e-91,0.9999999997235136
2019-06-19,11691.4501953125,-4.259914774167141e-06,14.729999542236328,6.0,6.96805,0.9632749999999994,8.591089371297155,0.51894544724318,2.015113350125941,Sideways,6.261841270884109e-07,5.250546264901888e-45,1.1673479271528594e-91,0.9999993738167319
2019-06-20,11831.75,0.011928773907426743,14.0,6.0,6.96805,0.9632749999999994,8.591089371297155,0.51894544724318,2.015113350125941,Sideways,1.084221544364571e-06,1.0190026742216765e-44,2.0808520129476793e-91,0.9999989157774019
2019-06-21,11724.099609375,-0.009140077037704798,14.609999656677246,6.0,6.96805,0.9632749999999994,8.591089371297155,0.51894544724318,2.015113350125941,Sideways,2.44488433863412e-07,6.14905437931043e-45,1.6783140608082525e-91,0.9999997555133021
2019-06-24,11699.650390625,-0.0020875587921609646,15.220000267028809,6.0,6.96805,0.9632749999999994,8.591089371297155,0.51894544724318,2.015113350125941,Sideways,2.7994245945891893e-07,5.743558214651544e-45,1.1198440762170194e-91,0.99999972005757
2019-06-25,11796.4501953125,0.00823969509310694,15.010000228881836,6.0,6.96805,0.9632749999999994,8.591089371297155,0.51894544724318,2.015113350125941,Sideways,1.0020859362499223e-06,8.803471093654598e-45,1.425308688498356e-91,0.9999989979156017
2019-06-26,11847.5498046875,0.0043224233576614314,14.75,6.0,6.96805,0.9632749999999994,8.591089371297155,0.51894544724318,2.015113350125941,Sideways,4.1917026459860186e-06,9.592762854535986e-45,1.1196383437365864e-91,0.9999958082968619
2019-06-27,11841.5498046875,-0.0005065621089227406,14.649999618530273,6.0,6.96805,0.9632749999999994,8.591089371297155,0.51894544724318,2.015113350125941,Sideways,0.00011412659292156377,1.1899628687462835e-44,1.569307663465885e-91,0.9998858734079912
2019-06-28,11788.849609375,-0.004460380187531091,14.949999809265137,6.0,6.96805,0.9632749999999994,8.591089371297155,0.51894544724318,2.015113350125941,Sideways,0.007098488671394599,3.815191559035643e-43,8.583114773614216e-90,0.9929015113298288
2019-07-01,11865.599609375,0.006489288220080564,14.600000381469727,6.0,6.597725,0.7684499999999996,5.980012488937558,4.54376398578773,1.1676396997497784,Bull,0.9780413481780397,1.2699050041024032e-49,1.203879045927132e-18,0.021958651822495578
2019-07-02,11910.2998046875,0.003760130979735517,14.25,6.0,6.597725,0.7684499999999996,5.980012488937558,4.54376398578773,1.1676396997497784,Bull,0.9997508584218405,2.5315425627320577e-51,1.9522288835541726e-20,0.0002491415795752306
2019-07-03,11916.75,0.0005414178862205623,13.699999809265137,6.0,6.597725,0.7684499999999996,5.980012488937558,4.54376398578773,1.1676396997497784,Bull,0.9999981999369824,3.2862508231609667e-52,3.4153939716529775e-21,1.8000634579212902e-06
2019-07-04,11946.75,0.0025143014062712723,13.529999732971191,6.0,6.597725,0.7684499999999996,5.980012488937558,4.54376398578773,1.1676396997497784,Bull,0.9999987489071468,2.8996816964001123e-52,2.8816424783455302e-21,1.2510911958705029e-06
2019-07-05,11811.150390625,-0.011415241213692496,13.069999694824219,6.0,6.597725,0.7684499999999996,5.980012488937558,4.54376398578773,1.1676396997497784,Bull,0.9998031306913358,2.0411590125586398e-51,6.433624255291944e-20,0.00019686931034737582
2019-07-08,11558.599609375,-0.021614318798492883,13.850000381469727,6.0,6.597725,0.7684499999999996,5.980012488937558,4.54376398578773,1.1676396997497784,Bull,0.9902605298911632,8.942680935693188e-49,2.9256977587265443e-16,0.00973947010924603
2019-07-09,11555.900390625,-0.0002335519922360358,13.6899995803833,6.0,6.597725,0.7684499999999996,5.980012488937558,4.54376398578773,1.1676396997497784,Bull,0.995400316292495,1.1002871256501281e-50,5.573720528297047e-19,0.004599683706246879
2019-07-10,11498.900390625,-0.0049447502653284115,13.640000343322754,6.0,6.597725,0.7684499999999996,5.980012488937558,4.54376398578773,1.1676396997497784,Bull,0.9971925417852019,1.828340306397207e-50,1.4997739224598908e-18,0.0028074582164151645
2019-07-11,11582.900390625,0.007278493704286908,12.470000267028809,6.0,6.597725,0.7684499999999996,5.980012488937558,4.54376398578773,1.1676396997497784,Bull,0.9991565092409633,8.07356497313964e-51,6.213198028929656e-19,0.0008434907594519104
2019-07-12,11552.5,-0.002628042532973005,12.0,6.0,6.597725,0.7684499999999996,5.980012488937558,4.54376398578773,1.1676396997497784,Bull,0.9997712015241778,4.5551315507718895e-51,4.694485609326734e-19,0.00022879847650467358
2019-07-15,11588.349609375,0.003098385639232596,12.020000457763672,6.0,6.597725,0.7684499999999996,5.980012488937558,4.54376398578773,1.1676396997497784,Bull,0.9999438661364831,1.7325996744405175e-51,1.4794800186511196e-19,5.613386263096933e-05
2019-07-16,11662.599609375,0.006386857732255645,11.5600004196167,6.0,6.597725,0.7684499999999996,5.980012488937558,4.54376398578773,1.1676396997497784,Bull,0.999821679004,1.9349500896382775e-51,1.376356517365126e-19,0.00017832099542289866
2019-07-17,11687.5,0.00213278748103271,11.800000190734863,6.0,6.597725,0.7684499999999996,5.980012488937558,4.54376398578773,1.1676396997497784,Bull,0.9971343550375008,8.701604259836363e-51,3.5164373108472715e-19,0.002865644964051012
2019-07-18,11596.900390625,-0.007782039913567366,11.75,6.0,6.597725,0.7684499999999996,5.980012488937558,4.54376398578773,1.1676396997497784,Bull,0.9209396457699267,1.5750173982507603e-49,1.463924848928921e-17,0.07906035423019182
2019-07-19,11419.25,-0.015437326885714045,12.520000457763672,6.0,6.597725,0.7684499999999996,5.980012488937558,4.54376398578773,1.1676396997497784,Sideways,0.10686516891677804,1.159946022248958e-48,4.2159492788042355e-16,0.8931348310830082
2019-07-22,11346.2001953125,-0.00641762449493666,13.010000228881836,6.0,6.597725,0.7684499999999996,5.980012488937558,4.54376398578773,1.1676396997497784,Sideways,0.016886046174867553,1.0187871514402408e-49,2.077949236470265e-17,0.9831139538249585
2019-07-23,11331.0498046875,-0.001336175495625011,13.430000305175781,6.0,6.597725,0.7684499999999996,5.980012488937558,4.54376398578773,1.1676396997497784,Sideways,0.0034252128145849455,2.5975130817132234e-50,4.3240063464886125e-18,0.9965747871852689
2019-07-24,11271.2998046875,-0.005287073265915101,12.760000228881836,6.0,6.597725,0.7684499999999996,5.980012488937558,4.54376398578773,1.1676396997497784,Sideways,0.0003919046824067144,1.309339097914793e-50,4.691497473669994e-18,0.9996080953193688
2019-07-25,11252.150390625,-0.001700398341321937,12.640000343322754,6.0,6.597725,0.7684499999999996,5.980012488937558,4.54376398578773,1.1676396997497784,Sideways,6.932182547633942e-05,1.0328440432030713e-50,3.865154224533873e-18,0.9999306781737525
2019-07-26,11284.2998046875,0.0028531055771835417,12.130000114440918,6.0,6.597725,0.7684499999999996,5.980012488937558,4.54376398578773,1.1676396997497784,Sideways,5.177876187024283e-05,1.1193201772016193e-50,4.079624981201919e-18,0.9999482212387814
2019-07-29,11189.2001953125,-0.008463316975262767,13.0600004196167,6.0,6.597725,0.7684499999999996,5.980012488937558,4.54376398578773,1.1676396997497784,Sideways,4.054077903114751e-06,9.126162279552283e-51,6.021527985283621e-18,0.9999959459210327
2019-07-30,11085.400390625,-0.009320082365343962,13.609999656677246,6.0,6.597725,0.7684499999999996,5.980012488937558,4.54376398578773,1.1676396997497784,Sideways,2.779326299538744e-07,7.398155303700597e-51,8.627029565075657e-18,0.9999997220657337
2019-07-31,11118.0,0.002936454076975709,13.59000015258789,6.0,6.597725,0.7684499999999996,5.980012488937558,4.54376398578773,1.1676396997497784,Sideways,1.080942833215549e-06,7.833260031880205e-51,4.877388223694752e-18,0.9999989190588552
2019-08-01,10980.0,-0.012489980449893174,14.5600004196167,5.72,6.61912,1.1301799999999993,6.3122112801681896,-1.41192194401558,1.1656952539550458,Sideways,2.570115620364115e-10,2.5574660634807573e-36,5.667940125250606e-17,0.9999999997417035
2019-08-02,10997.349609375,0.001578863082899198,15.1899995803833,5.72,6.61912,1.1301799999999993,6.3122112801681896,-1.41192194401558,1.1656952539550458,Sideways,9.472064088416099e-10,2.6396518700731007e-36,2.2445875153318044e-17,0.9999999990541255
2019-08-05,10862.599609375,-0.012328638591802651,16.59000015258789,5.72,6.61912,1.1301799999999993,6.3122112801681896,-1.41192194401558,1.1656952539550458,Sideways,3.659636448426796e-12,2.8043779633864757e-36,1.171620338445975e-16,0.999999999996362
2019-08-06,10948.25,0.007853965566277007,16.1200008392334,5.72,6.61912,1.1301799999999993,6.3122112801681896,-1.41192194401558,1.1656952539550458,Sideways,1.151673102806303e-10,3.0524262859176486e-36,4.01866838177856e-17,0.9999999998835847
2019-08-07,10855.5,-0.00850776214660283,16.739999771118164,5.72,6.61912,1.1301799999999993,6.3122112801681896,-1.41192194401558,1.1656952539550458,Sideways,3.177908732924245e-12,2.7081753091411514e-36,7.366163774825365e-17,0.999999999996362
2019-08-08,11032.4501953125,0.016169083798241606,16.09000015258789,5.72,6.61912,1.1301799999999993,6.3122112801681896,-1.41192194401558,1.1656952539550458,Sideways,5.387264510461905e-11,5.028065428057453e-36,6.167907434747757e-17,0.9999999999454303
2019-08-09,11109.650390625,0.006973187375465333,15.850000381469727,5.72,6.61912,1.1301799999999993,6.3122112801681896,-1.41192194401558,1.1656952539550458,Sideways,1.26873295793717e-09,4.4547367121244266e-36,1.5499870070047238e-17,0.9999999987303454
2019-08-14,11029.400390625,0.009432964697282421,16.360000610351562,5.72,6.61912,1.1301799999999993,6.3122112801681896,-1.41192194401558,1.1656952539550458,Sideways,4.7763209541374566e-11,4.407914612300153e-36,2.7299938667032824e-17,0.9999999999527063
2019-08-19,11053.900390625,0.0005520467691192048,16.75,5.72,6.61912,1.1301799999999993,6.3122112801681896,-1.41192194401558,1.1656952539550458,Sideways,1.184517300448304e-10,4.3784933650480225e-36,1.692505827155937e-17,0.9999999998799467
2019-08-20,11017.0,-0.0033438078514244876,16.6299991607666,5.72,6.61912,1.1301799999999993,6.3122112801681896,-1.41192194401558,1.1656952539550458,Sideways,6.015835849052964e-11,3.853473855872944e-36,2.1039979524372205e-17,0.9999999999381544
2019-08-21,10918.7001953125,-0.008962600859057328,17.020000457763672,5.72,6.61912,1.1301799999999993,6.3122112801681896,-1.41192194401558,1.1656952539550458,Sideways,1.589893344556855e-12,3.576788971753753e-36,5.0786717205737756e-17,1.0
2019-08-22,10741.349609375,-0.016376190359974212,17.850000381469727,5.72,6.61912,1.1301799999999993,6.3122112801681896,-1.41192194401558,1.1656952539550458,Sideways,5.993690966518314e-16,3.772188736559294e-36,4.036241765535851e-16,1.0
2019-08-23,10829.349609375,0.008159261534645986,17.350000381469727,5.72,6.61912,1.1301799999999993,6.3122112801681896,-1.41192194401558,1.1656952539550458,Sideways,7.162806232829947e-14,3.556851483872031e-36,7.606258363945873e-17,1.0
2019-08-26,11057.849609375,0.020880542984676998,16.65999984741211,5.72,6.61912,1.1301799999999993,6.3122112801681896,-1.41192194401558,1.1656952539550458,Sideways,1.3377270462862567e-13,9.176970861314149e-36,1.5111475119247531e-16,1.0
2019-08-27,11105.349609375,0.004286391351556263,16.010000228881836,5.72,6.61912,1.1301799999999993,6.3122112801681896,-1.41192194401558,1.1656952539550458,Sideways,2.3130986437058463e-11,5.1561657281112814e-36,1.5777314206900197e-17,0.9999999999781721
2019-08-28,11046.099609375,-0.005349549884040612,16.84000015258789,5.72,6.61912,1.1301799999999993,6.3122112801681896,-1.41192194401558,1.1656952539550458,Sideways,1.303269305208311e-12,5.213725270619933e-36,2.4262254444007546e-17,1.0
2019-08-29,10948.2998046875,-0.008893213897011299,16.43000030517578,5.72,6.61912,1.1301799999999993,6.3122112801681896,-1.41192194401558,1.1656952539550458,Sideways,1.0511881474453254e-13,4.0018599340872246e-36,4.924334979766448e-17,1.0
2019-08-30,11023.25,0.00682250334649108,16.280000686645508,5.72,6.61912,1.1301799999999993,6.3122112801681896,-1.41192194401558,1.1656952539550458,Sideways,1.266496966203925e-12,4.746176295511353e-36,2.7683714376179847e-17,1.0
2019-09-04,10844.650390625,0.004320199886309888,17.239999771118164,5.65,6.81335,1.4686249999999994,6.976695711986669,-4.09101870169242,0.3308519437551727,Sideways,2.30721314654652e-16,3.9989439433444397e-25,1.670706083935273e-26,1.0
2019-09-05,10847.900390625,0.00029964203445609783,17.270000457763672,5.65,6.81335,1.4686249999999994,6.976695711986669,-4.09101870169242,0.3308519437551727,Sideways,2.7059882337375216e-16,3.8889793704087673e-25,1.5275542540969204e-26,1.0
2019-09-06,10946.2001953125,0.00902083303672415,16.270000457763672,5.65,6.81335,1.4686249999999994,6.976695711986669,-4.09101870169242,0.3308519437551727,Sideways,1.9687771631851145e-14,4.110257114418437e-25,1.1221868794306506e-26,1.0
2019-09-09,11003.0498046875,0.005180107429441778,15.850000381469727,5.65,6.81335,1.4686249999999994,6.976695711986669,-4.09101870169242,0.3308519437551727,Sideways,1.788000254926871e-13,3.956289856754804e-25,6.514980550628736e-27,1.0
2019-09-12,10982.7998046875,-0.004805095025496559,14.899999618530273,5.65,6.81335,1.4686249999999994,6.976695711986669,-4.09101870169242,0.3308519437551727,Sideways,8.691995712447043e-13,2.8804339042927127e-25,7.130278927694316e-27,1.0
2019-09-13,11075.900390625,0.008441217109748283,14.119999885559082,5.65,6.81335,1.4686249999999994,6.976695711986669,-4.09101870169242,0.3308519437551727,Sideways,1.0554313188666807e-11,3.605081550026756e-25,6.32204326526338e-27,0.9999999999890861
2019-09-16,11003.5,-0.006558207998363749,14.949999809265137,5.65,6.81335,1.4686249999999994,6.976695711986669,-4.09101870169242,0.3308519437551727,Sideways,1.2756125958080683e-12,3.0427865785643596e-25,7.206246471300868e-27,1.0
2019-09-17,10817.599609375,-0.017039002763312223,16.020000457763672,5.65,6.81335,1.4686249999999994,6.976695711986669,-4.09101870169242,0.3308519437551727,Sideways,1.769551282244792e-16,3.2831550589515372e-25,6.673760844712208e-26,1.0
2019-09-18,10840.650390625,0.002128592102631135,15.350000381469727,5.65,6.81335,1.4686249999999994,6.976695711986669,-4.09101870169242,0.3308519437551727,Sideways,1.2415151012839609e-14,2.374815433025402e-25,1.3535810189094112e-26,1.0
2019-09-19,10704.7998046875,-0.012610772583449698,15.550000190734863,5.65,6.81335,1.4686249999999994,6.976695711986669,-4.09101870169242,0.3308519437551727,Sideways,3.447093533424775e-17,2.1894238881456e-25,6.760174366984594e-26,1.0
2019-09-20,11274.2001953125,0.051824725995144275,15.399999618530273,5.65,6.81335,1.4686249999999994,6.976695711986669,-4.09101870169242,0.3308519437551727,Sideways,1.1130430598694177e-29,5.1365764436330755e-23,1.1219909788922308e-20,1.0
2019-09-23,11600.2001953125,0.028505409421526316,16.790000915527344,5.65,6.81335,1.4686249999999994,6.976695711986669,-4.09101870169242,0.3308519437551727,Sideways,9.713708435046552e-25,2.8440852797773684e-23,1.2178928903472246e-24,1.0
2019-09-24,11588.2001953125,-0.0010350003337080292,16.729999542236328,5.65,6.81335,1.4686249999999994,6.976695711986669,-4.09101870169242,0.3308519437551727,Sideways,1.8616542929880163e-21,8.682802596852132e-24,2.057980575939406e-26,1.0
2019-09-25,11440.2001953125,-0.01285387045749521,16.170000076293945,5.65,6.81335,1.4686249999999994,6.976695711986669,-4.09101870169242,0.3308519437551727,Sideways,5.509688215541845e-22,4.987625770694519e-24,5.557210726599568e-26,1.0
2019-09-26,11571.2001953125,0.011385783826013006,16.34000015258789,5.65,6.81335,1.4686249999999994,6.976695711986669,-4.09101870169242,0.3308519437551727,Sideways,2.73842122400258e-21,8.573195799439722e-24,3.292292845987815e-26,1.0
2019-09-27,11512.400390625,-0.005094519950938459,16.110000610351562,5.65,6.81335,1.4686249999999994,6.976695711986669,-4.09101870169242,0.3308519437551727,Sideways,3.211670495088057e-20,4.8986969514594214e-24,1.7343823052521822e-26,1.0
2019-09-30,11474.4501953125,-0.003301907727659163,15.869999885559082,5.65,6.81335,1.4686249999999994,6.976695711986669,-4.09101870169242,0.3308519437551727,Sideways,2.218418178836672e-20,4.1412043839731666e-24,1.8519792528717394e-26,1.0
2019-10-01,11359.900390625,-0.01003319671254013,16.760000228881836,5.4,6.5418,1.3617500000000007,7.61588028156821,-5.58725544386828,0.0,Sideways,1.5474390803258607e-23,8.12574990034778e-28,2.536768173645149e-47,1.0
2019-10-04,11174.75,-0.012384128036227408,17.579999923706055,5.4,6.5418,1.3617500000000007,7.61588028156821,-5.58725544386828,0.0,Sideways,3.907235428228467e-26,6.725918568800013e-28,8.682060386746605e-47,1.0
2019-10-07,11126.400390625,-0.004336070945390455,17.829999923706055,5.4,6.5418,1.3617500000000007,7.61588028156821,-5.58725544386828,0.0,Sideways,2.6926803985485933e-26,5.777441936267356e-28,5.832711236470044e-47,1.0
2019-10-10,11234.5498046875,-0.006985173448092334,17.229999542236328,5.4,6.5418,1.3617500000000007,7.61588028156821,-5.58725544386828,0.0,Sideways,2.639681578167183e-25,6.7014982354521985e-28,4.194101864733605e-47,1.0
2019-10-11,11305.0498046875,0.006255677219734019,17.139999389648438,5.4,6.5418,1.3617500000000007,7.61588028156821,-5.58725544386828,0.0,Sideways,1.024491678534036e-24,8.389641570626274e-28,3.037422636976694e-47,1.0
2019-10-14,11341.150390625,0.0031882272704231176,17.43000030517578,5.4,6.5418,1.3617500000000007,7.61588028156821,-5.58725544386828,0.0,Sideways,2.3978039905396228e-24,9.221867474860926e-28,2.289122881657473e-47,1.0
2019-10-15,11428.2998046875,0.007654979710518189,16.850000381469727,5.4,6.5418,1.3617500000000007,7.61588028156821,-5.58725544386828,0.0,Sideways,1.2710831526899783e-23,1.1074087516711076e-27,2.0383126658595375e-47,1.0
2019-10-16,11464.0,0.0031189722795879394,16.360000610351562,5.4,6.5418,1.3617500000000007,7.61588028156821,-5.58725544386828,0.0,Sideways,8.488754494110316e-23,9.930249843735258e-28,1.3223524155773104e-47,1.0
2019-10-17,11586.349609375,0.010615956850818441,15.880000114440918,5.4,6.5418,1.3617500000000007,7.61588028156821,-5.58725544386828,0.0,Sideways,2.4254446801849393e-22,1.5399971859376825e-27,1.5924862987653537e-47,1.0
2019-10-18,11661.849609375,0.006495149556810502,15.930000305175781,5.4,6.5418,1.3617500000000007,7.61588028156821,-5.58725544386828,0.0,Sideways,1.3484095098679647e-21,1.7409210487077057e-27,8.98406539661344e-48,1.0
2019-10-23,11604.099609375,0.0013582008758651655,16.540000915527344,5.4,6.5418,1.3617500000000007,7.61588028156821,-5.58725544386828,0.0,Sideways,1.8123845205373986e-20,1.2483793975332065e-27,5.203985693422868e-48,1.0
2019-10-24,11582.599609375,-0.001854512016487498,16.239999771118164,5.4,6.5418,1.3617500000000007,7.61588028156821,-5.58725544386828,0.0,Sideways,1.6433927374172854e-20,1.0784649597165463e-27,5.62857720345339e-48,1.0
2019-10-25,11583.900390625,0.00011229846989121649,15.319999694824219,5.4,6.5418,1.3617500000000007,7.61588028156821,-5.58725544386828,0.0,Sideways,5.806539971438776e-19,8.006295384759398e-28,3.924307246926514e-48,1.0
2019-10-30,11844.099609375,0.004845350178432992,16.65999984741211,5.4,6.5418,1.3617500000000007,7.61588028156821,-5.58725544386828,0.0,Sideways,5.418180956557122e-10,9.713621119001586e-28,2.9670669097714987e-49,0.9999999994579412
2019-10-31,11877.4501953125,0.0028118405572833054,16.280000686645508,5.4,6.5418,1.3617500000000007,7.61588028156821,-5.58725544386828,0.0,Sideways,8.499157594040474e-08,8.094530618640833e-28,2.6708477378081663e-49,0.9999999150095428
2019-11-01,11890.599609375,0.0011064782775295006,15.729999542236328,5.4,6.63498,1.6090199999999992,8.609263497581466,2.99252720242371,0.5756578947368363,Sideways,6.665615971370609e-08,4.0431723131524754e-25,1.414611906412023e-97,0.9999999333449545
2019-11-04,11941.2998046875,0.004254824252091804,15.930000305175781,5.4,6.63498,1.6090199999999992,8.609263497581466,2.99252720242371,0.5756578947368363,Sideways,9.941797672706909e-08,5.107059696701036e-25,1.643526092726621e-97,0.9999999005813202
2019-11-05,11917.2001953125,-0.002020212299297299,15.920000076293945,5.4,6.63498,1.6090199999999992,8.609263497581466,2.99252720242371,0.5756578947368363,Sideways,1.203250506601096e-07,4.344670729727983e-25,1.8057943342321225e-97,0.9999998796738582
2019-11-06,11966.0498046875,0.004090706038353768,15.779999732971191,5.4,6.63498,1.6090199999999992,8.609263497581466,2.99252720242371,0.5756578947368363,Sideways,1.7152963877330771e-07,5.221124722680404e-25,1.836227578002875e-97,0.999999828469314
2019-11-07,12012.0498046875,0.003836839214212366,15.210000038146973,5.4,6.63498,1.6090199999999992,8.609263497581466,2.99252720242371,0.5756578947368363,Sideways,3.8961562426341065e-07,5.477611978227462e-25,1.7899284227773067e-97,0.9999996103834596
2019-11-08,11908.150390625,-0.008687223905779385,15.859999656677246,5.4,6.63498,1.6090199999999992,8.609263497581466,2.99252720242371,0.5756578947368363,Sideways,6.55886906592495e-08,4.120003265744271e-25,2.860540828232151e-97,0.9999999344108822
2019-11-11,11913.4501953125,0.0004449579074941643,16.25,5.4,6.63498,1.6090199999999992,8.609263497581466,2.99252720242371,0.5756578947368363,Sideways,8.247554099216062e-08,4.400443631450335e-25,2.7776903934925704e-97,0.9999999175233859
2019-11-14,11872.099609375,0.0026694246816312177,15.649999618530273,5.4,6.63498,1.6090199999999992,8.609263497581466,2.99252720242371,0.5756578947368363,Sideways,1.3349396567122818e-07,3.395015128661693e-25,3.251602998587996e-97,0.9999998665043766
2019-11-15,11895.4501953125,0.001964913812506188,15.029999732971191,5.4,6.63498,1.6090199999999992,8.609263497581466,2.99252720242371,0.5756578947368363,Sideways,2.3544319712770655e-07,3.3293349273969166e-25,4.110179559107365e-97,0.9999997645573153
2019-11-18,11884.5,-0.0009209603886071214,15.760000228881836,5.4,6.63498,1.6090199999999992,8.609263497581466,2.99252720242371,0.5756578947368363,Sideways,9.041319441938492e-08,3.5472863086971317e-25,4.116527758788885e-97,0.9999999095853168
2019-11-19,11940.099609375,0.004667420332106962,15.40999984741211,5.4,6.63498,1.6090199999999992,8.609263497581466,2.99252720242371,0.5756578947368363,Sideways,1.6214825511088186e-07,4.208235220410259e-25,4.13838620902487e-97,0.9999998378516597
2019-11-20,11999.099609375,0.004929163997457979,15.15999984741211,5.4,6.63498,1.6090199999999992,8.609263497581466,2.99252720242371,0.5756578947368363,Sideways,2.3091769528298175e-07,5.012088267415399e-25,4.299566455509701e-97,0.9999997690829598
2019-11-21,11968.400390625,-0.0025617386493080496,14.979999542236328,5.4,6.63498,1.6090199999999992,8.609263497581466,2.99252720242371,0.5756578947368363,Sideways,2.8900209797766876e-07,4.013226808832051e-25,3.919028432355648e-97,0.9999997109990053
2019-11-22,11914.400390625,-0.004522090396049399,14.869999885559082,5.4,6.63498,1.6090199999999992,8.609263497581466,2.99252720242371,0.5756578947368363,Sideways,1.7675136329246919e-07,3.276465179554898e-25,5.350272309183429e-97,0.9999998232488153
2019-11-25,12073.75,0.013285889135891809,15.0,5.4,6.63498,1.6090199999999992,8.609263497581466,2.99252720242371,0.5756578947368363,Sideways,1.33781103801168e-07,7.379622396038606e-25,6.408626241705272e-97,0.9999998662206143
2019-11-26,12037.7001953125,-0.0029902665544935493,14.84000015258789,5.4,6.63498,1.6090199999999992,8.609263497581466,2.99252720242371,0.5756578947368363,Sideways,4.871865520123263e-07,4.6979109179964475e-25,2.911175191132731e-97,0.9999995128129108
2019-11-27,12100.7001953125,0.005219910352766259,14.619999885559082,5.4,6.63498,1.6090199999999992,8.609263497581466,2.99252720242371,0.5756578947368363,Sideways,6.437402791968041e-07,5.9510342763570465e-25,3.048903401200784e-97,0.9999993562598573
2019-11-28,12151.150390625,0.004160529350791835,13.989999771118164,5.4,6.63498,1.6090199999999992,8.609263497581466,2.99252720242371,0.5756578947368363,Sideways,1.3580868107563396e-06,6.09827554215238e-25,3.18815662733614e-97,0.9999986419143296
2019-11-29,12056.0498046875,-0.00785725523266999,13.899999618530273,5.4,6.63498,1.6090199999999992,8.609263497581466,2.99252720242371,0.5756578947368363,Sideways,7.815320806370989e-07,3.99302019173168e-25,3.7338079968689383e-97,0.9999992184678702
2019-12-02,12048.2001953125,-0.000651305031476376,14.199999809265137,5.4,6.848575,1.8682250000000007,9.634546589903415,-0.792941437398231,2.7568922305764465,Sideways,2.5612542808398386e-09,1.7051800067518785e-22,4.263021253240629e-165,0.9999999974388629
2019-12-03,11994.2001953125,-0.004492071500914214,14.5600004196167,5.4,6.848575,1.8682250000000007,9.634546589903415,-0.792941437398231,2.7568922305764465,Sideways,1.2204093585049177e-09,1.4421216950730994e-22,4.512252092830102e-165,0.9999999987812771
2019-12-04,12043.2001953125,0.0040769856204158446,13.319999694824219,5.4,6.848575,1.8682250000000007,9.634546589903415,-0.792941437398231,2.7568922305764465,Sideways,4.2274451006937316e-09,1.5299295455527498e-22,5.238381019334374e-165,0.9999999957726686
2019-12-05,12018.400390625,-0.002061360247465576,14.3100004196167,5.4,6.848575,1.8682250000000007,9.634546589903415,-0.792941437398231,2.7568922305764465,Sideways,1.890055965955456e-09,1.4665360771640873e-22,4.1942595820941783e-165,0.999999998108251
2019-12-06,11921.5,-0.00809534862199821,13.640000343322754,5.4,6.848575,1.8682250000000007,9.634546589903415,-0.792941437398231,2.7568922305764465,Sideways,1.0884322564818433e-09,9.827774198544666e-23,6.695618096011625e-165,0.9999999989122443
2019-12-09,11937.5,0.0013412131605239934,14.600000381469727,5.4,6.848575,1.8682250000000007,9.634546589903415,-0.792941437398231,2.7568922305764465,Sideways,1.010601273159198e-09,1.124615823939639e-22,4.03650174937408e-165,0.9999999989886419
2019-12-10,11856.7998046875,-0.006783179618895446,14.289999961853027,5.4,6.848575,1.8682250000000007,9.634546589903415,-0.792941437398231,2.7568922305764465,Sideways,5.034825800227787e-10,8.220214376690892e-23,6.462990333264372e-165,0.9999999994979589
2019-12-11,11910.150390625,0.004489484356039674,13.380000114440918,5.4,6.848575,1.8682250000000007,9.634546589903415,-0.792941437398231,2.7568922305764465,Sideways,1.9287680765128587e-09,8.996356288322903e-23,5.886047089677143e-165,0.9999999980718712
2019-12-12,11971.7998046875,0.005162857346029799,13.350000381469727,5.4,6.848575,1.8682250000000007,9.634546589903415,-0.792941437398231,2.7568922305764465,Sideways,2.5400171655444124e-09,1.103958765995796e-22,5.428837369392823e-165,0.9999999974606908
2019-12-13,12086.7001953125,0.009551822783961173,13.300000190734863,5.4,6.848575,1.8682250000000007,9.634546589903415,-0.792941437398231,2.7568922305764465,Sideways,2.220737597936379e-09,1.7858470137084301e-22,5.831913605781494e-165,0.9999999977808329
2019-12-16,12053.9501953125,-0.002713267419203363,13.420000076293945,5.4,6.848575,1.8682250000000007,9.634546589903415,-0.792941437398231,2.7568922305764465,Sideways,3.1022978304138657e-09,1.3542677693229478e-22,3.955432713314663e-165,0.9999999968968041
2019-12-17,12165.0,0.009170552980705609,12.520000457763672,5.4,6.848575,1.8682250000000007,9.634546589903415,-0.792941437398231,2.7568922305764465,Sideways,3.4064064746100056e-09,2.1420127441195586e-22,6.304194575632421e-165,0.9999999965948518
2019-12-18,12221.650390625,0.004646024904610523,12.34000015258789,5.4,6.848575,1.8682250000000007,9.634546589903415,-0.792941437398231,2.7568922305764465,Sideways,6.6438907254157535e-09,2.2241230643749433e-22,5.036698179546211e-165,0.9999999933570507
2019-12-19,12259.7001953125,0.003108475179285728,12.119999885559082,5.4,6.848575,1.8682250000000007,9.634546589903415,-0.792941437398231,2.7568922305764465,Sideways,8.4887693830568e-09,2.357055630434654e-22,5.273190817026757e-165,0.9999999915125954
2019-12-20,12271.7998046875,0.0009864549951019103,12.329999923706055,5.4,6.848575,1.8682250000000007,9.634546589903415,-0.792941437398231,2.7568922305764465,Sideways,9.024447457584758e-09,2.359061266042825e-22,4.896705383424784e-165,0.9999999909741746
2019-12-23,12262.75,-0.0007377192709850936,11.960000038146973,5.4,6.848575,1.8682250000000007,9.634546589903415,-0.792941437398231,2.7568922305764465,Sideways,1.0783651932178897e-08,2.195505034887516e-22,7.189313039458816e-165,0.9999999892170309
2019-12-24,12214.5498046875,-0.003938363953434116,11.630000114440918,5.4,6.848575,1.8682250000000007,9.634546589903415,-0.792941437398231,2.7568922305764465,Sideways,8.779515727817872e-09,1.767513445857237e-22,9.138554685495314e-165,0.9999999912215571
2019-12-27,12245.7998046875,0.009785757510884093,10.529999732971191,5.4,6.848575,1.8682250000000007,9.634546589903415,-0.792941437398231,2.7568922305764465,Sideways,5.163721333767248e-09,2.3008557305774375e-22,2.0400705565573193e-164,0.9999999948377081
2019-12-30,12255.849609375,0.0008203370378256411,11.010000228881836,5.4,6.848575,1.8682250000000007,9.634546589903415,-0.792941437398231,2.7568922305764465,Sideways,1.064012446807213e-08,1.9863699817519869e-22,1.0156195338842896e-164,0.9999999893589121
2019-12-31,12168.4501953125,-0.007156789574995062,11.670000076293945,5.4,6.848575,1.8682250000000007,9.634546589903415,-0.792941437398231,2.7568922305764465,Sideways,6.3439208446299964e-09,1.4279093797517399e-22,1.052329821913921e-164,0.999999993655365
2020-01-01,12182.5,0.0011539431631088094,11.670000076293945,5.4,6.8218,1.7473,7.4919318443080085,1.54395490721768,3.523489932885915,Sideways,4.731366157362119e-05,9.333268971034445e-19,1.2696640386008333e-47,0.9999526863382131
2020-01-02,12282.2001953125,0.008150579934013252,11.489999771118164,5.4,6.8218,1.7473,7.4919318443080085,1.54395490721768,3.523489932885915,Sideways,4.208268629938452e-05,1.4677546641263775e-18,1.7099367387855524e-47,0.9999579173141854
2020-01-03,12226.650390625,-0.004533048142335533,12.699999809265137,5.4,6.8218,1.7473,7.4919318443080085,1.54395490721768,3.523489932885915,Sideways,2.983002476862144e-05,1.0788275633966856e-18,8.592524707844876e-48,0.9999701699754943
2020-01-06,11993.0498046875,-0.01929072847314149,14.779999732971191,5.4,6.8218,1.7473,7.4919318443080085,1.54395490721768,3.523489932885915,Sideways,3.6916548063325196e-08,8.23286127141849e-19,2.9521172047833003e-47,0.9999999630817917
2020-01-07,12052.9501953125,0.004982160403270252,14.609999656677246,5.4,6.8218,1.7473,7.4919318443080085,1.54395490721768,3.523489932885915,Sideways,1.527359049617737e-06,7.333455637809807e-19,4.765954280920436e-48,0.99999847263942
2020-01-08,12025.349609375,-0.0022925703434345888,15.640000343322754,5.4,6.8218,1.7473,7.4919318443080085,1.54395490721768,3.523489932885915,Sideways,4.2639427357293656e-07,7.42333956774592e-19,4.3362484216433506e-48,0.9999995736071469
2020-01-09,12215.900390625,0.015721524760104574,14.0,5.4,6.8218,1.7473,7.4919318443080085,1.54395490721768,3.523489932885915,Sideways,4.757323305939413e-07,1.6134827928093091e-18,1.164756755606612e-47,0.9999995242689005
2020-01-10,12256.7998046875,0.003342455210374022,14.079999923706055,5.4,6.8218,1.7473,7.4919318443080085,1.54395490721768,3.523489932885915,Sideways,2.838698674271392e-06,1.3440070065256053e-18,3.6194607396172294e-48,0.9999971613000799
2020-01-13,12329.5498046875,0.005917935234497193,14.279999732971191,5.4,6.8218,1.7473,7.4919318443080085,1.54395490721768,3.523489932885915,Sideways,2.3726246586244727e-06,1.75500500652691e-18,3.8410513231131296e-48,0.9999976273748823
2020-01-14,12362.2998046875,0.0026526987425187607,13.90999984741211,5.4,6.8218,1.7473,7.4919318443080085,1.54395490721768,3.523489932885915,Sideways,5.3804146249166505e-06,1.693136010033926e-18,3.7055537841913347e-48,0.9999946195857
2020-01-15,12343.2998046875,-0.0015381131440847836,14.119999885559082,5.4,6.8218,1.7473,7.4919318443080085,1.54395490721768,3.523489932885915,Sideways,4.545431974511385e-06,1.5294822815974613e-18,3.572146594473954e-48,0.9999954545668138
2020-01-16,12355.5,0.0009879181499700635,14.180000305175781,5.4,6.8218,1.7473,7.4919318443080085,1.54395490721768,3.523489932885915,Sideways,5.707878209257459e-06,1.5798643425447698e-18,3.5759910921250393e-48,0.9999942921221291
2020-01-17,12352.349609375,-0.00025501131760789477,14.130000114440918,5.4,6.8218,1.7473,7.4919318443080085,1.54395490721768,3.523489932885915,Sideways,5.874141249822659e-06,1.5027893011568916e-18,3.631517691852596e-48,0.9999941258601845
2020-01-20,12224.5498046875,-0.01040008785925209,15.40999984741211,5.4,6.8218,1.7473,7.4919318443080085,1.54395490721768,3.523489932885915,Sideways,2.6686270708402654e-07,1.218622613186889e-18,5.888324436146255e-48,0.9999997331361002
2020-01-21,12169.849609375,-0.004484659455009181,15.859999656677246,5.4,6.8218,1.7473,7.4919318443080085,1.54395490721768,3.523489932885915,Sideways,2.3080927463425552e-07,1.009275989328844e-18,3.9870873217695425e-48,0.9999997691920992
2020-01-22,12106.900390625,-0.005185979163736476,16.360000610351562,5.4,6.8218,1.7473,7.4919318443080085,1.54395490721768,3.523489932885915,Sideways,6.712463700569436e-08,9.01843015781199e-19,4.6280422617349846e-48,0.9999999328756553
2020-01-23,12180.349609375,0.0060483951593072694,15.859999656677246,5.4,6.8218,1.7473,7.4919318443080085,1.54395490721768,3.523489932885915,Sideways,1.852063793834236e-07,1.0959783454743372e-18,4.094488570701075e-48,0.999999814794154
2020-01-24,12248.25,0.005559104211847819,15.5600004196167,5.4,6.8218,1.7473,7.4919318443080085,1.54395490721768,3.523489932885915,Sideways,4.819634405344172e-07,1.261346008234362e-18,3.763046829193623e-48,0.9999995180370458
2020-01-27,12119.0,-0.010608600656474901,17.18000030517578,5.4,6.8218,1.7473,7.4919318443080085,1.54395490721768,3.523489932885915,Sideways,6.33451977940153e-09,1.1871214853462372e-18,7.772938347297929e-48,0.9999999936662789
2020-01-28,12055.7998046875,-0.005228613250633523,17.299999237060547,5.4,6.8218,1.7473,7.4919318443080085,1.54395490721768,3.523489932885915,Sideways,7.94382275222394e-09,9.199370323499357e-19,5.790500699280735e-48,0.9999999920546543
2020-01-29,12129.5,0.006094646255253335,16.5,5.4,6.8218,1.7473,7.4919318443080085,1.54395490721768,3.523489932885915,Sideways,3.939264894432164e-08,1.0174558702975154e-18,4.5850863575382323e-48,0.9999999606079663
2020-01-30,12035.7998046875,-0.007754976405079576,16.799999237060547,5.4,6.8218,1.7473,7.4919318443080085,1.54395490721768,3.523489932885915,Sideways,1.0343030412609293e-08,7.666784466515898e-19,6.594864083111812e-48,0.9999999896572263
2020-01-31,11962.099609375,-0.006142239847635705,17.3700008392334,5.4,6.8218,1.7473,7.4919318443080085,1.54395490721768,3.523489932885915,Sideways,2.447750467409044e-09,6.955974046637893e-19,7.557019150580192e-48,0.9999999975516403
2020-02-03,11707.900390625,-0.02147942474929971,15.779999732971191,5.4,6.65965,1.5721499999999997,6.840433594182427,0.577297988247838,2.259414225941425,Sideways,2.6206449334994103e-10,1.3030657194646418e-22,1.6973714541501486e-26,0.9999999997380655
2020-02-04,11979.650390625,0.02294554852001912,14.380000114440918,5.4,6.65965,1.5721499999999997,6.840433594182427,0.577297988247838,2.259414225941425,Sideways,1.0718389274945012e-09,3.296931618977406e-22,1.1555831185582048e-26,0.9999999989267963
2020-02-05,12089.150390625,0.009098978920125088,14.170000076293945,5.4,6.65965,1.5721499999999997,6.840433594182427,0.577297988247838,2.259414225941425,Sideways,5.4127448988696716e-08,2.6004319543419202e-22,1.1669683836298041e-27,0.9999999458741528
2020-02-06,12137.9501953125,0.00402853577236436,13.779999732971191,5.4,6.65965,1.5721499999999997,6.840433594182427,0.577297988247838,2.259414225941425,Sideways,7.423911499227565e-07,2.4307863738659783e-22,7.821409536927194e-28,0.9999992576088543
2020-02-07,12098.349609375,-0.003267876820959125,13.75,5.4,6.65965,1.5721499999999997,6.840433594182427,0.577297988247838,2.259414225941425,Sideways,5.895936318456603e-07,2.0318539992176741e-22,8.360918257268397e-28,0.9999994104075005
2020-02-10,12031.5,-0.005540836887552729,14.210000038146973,5.4,6.65965,1.5721499999999997,6.840433594182427,0.577297988247838,2.259414225941425,Sideways,2.4665600261107706e-07,1.7433184375012325e-22,9.620332779960324e-28,0.9999997533450673
2020-02-11,12107.900390625,0.0063299538920958175,13.880000114440918,5.4,6.65965,1.5721499999999997,6.840433594182427,0.577297988247838,2.259414225941425,Sideways,4.454740606321257e-07,2.284118312060718e-22,9.068240259269174e-28,0.9999995545259563
2020-02-12,12201.2001953125,0.0076761591804553895,13.619999885559082,5.4,6.65965,1.5721499999999997,6.840433594182427,0.577297988247838,2.259414225941425,Sideways,4.7640281786971845e-07,3.125441869338603e-22,9.294482357616422e-28,0.9999995235958747
2020-02-13,12174.650390625,-0.002178370358219195,13.369999885559082,5.4,6.65965,1.5721499999999997,6.840433594182427,0.577297988247838,2.259414225941425,Sideways,6.707689660637495e-07,2.4920400119257617e-22,8.10012177606386e-28,0.9999993292296925
2020-02-14,12113.4501953125,-0.005039531569823334,13.619999885559082,5.4,6.65965,1.5721499999999997,6.840433594182427,0.577297988247838,2.259414225941425,Sideways,2.911523916119463e-07,2.1149934693873282e-22,9.4555751255511e-28,0.9999997088489605
2020-02-17,12045.7998046875,-0.005600386389670753,14.420000076293945,5.4,6.65965,1.5721499999999997,6.840433594182427,0.577297988247838,2.259414225941425,Sideways,1.4253547708105865e-07,1.8496711839067098e-22,9.365713834907368e-28,0.9999998574640006
2020-02-18,11992.5,-0.004434580853707973,14.510000228881836,5.4,6.65965,1.5721499999999997,6.840433594182427,0.577297988247838,2.259414225941425,Sideways,9.473934229304289e-08,1.5849202518472177e-22,9.758016863832561e-28,0.9999999052597603
2020-02-19,12125.900390625,0.011062238693018929,14.020000457763672,5.4,6.65965,1.5721499999999997,6.840433594182427,0.577297988247838,2.259414225941425,Sideways,9.810035800170622e-08,2.764290913129675e-22,1.3337411331882176e-27,0.9999999018982683
2020-02-20,12080.849609375,-0.003722171151700223,13.699999809265137,5.4,6.65965,1.5721499999999997,6.840433594182427,0.577297988247838,2.259414225941425,Sideways,2.2130104903435073e-07,1.890603838567175e-22,9.368049774206051e-28,0.9999997786981357
2020-02-25,11797.900390625,-0.002666408571566386,16.899999618530273,5.4,6.65965,1.5721499999999997,6.840433594182427,0.577297988247838,2.259414225941425,Sideways,4.833253248003259e-10,1.4881381186339828e-22,1.5843420271023616e-27,0.9999999995161488
2020-02-26,11678.5,-0.010172038146389433,18.260000228881836,5.4,6.65965,1.5721499999999997,6.840433594182427,0.577297988247838,2.259414225941425,Sideways,3.6251873847633153e-12,1.7441654673298238e-22,5.189093062454627e-27,0.999999999996362
2020-02-27,11633.2998046875,-0.0038778860778288546,17.770000457763672,5.4,6.65965,1.5721499999999997,6.840433594182427,0.577297988247838,2.259414225941425,Sideways,1.1045765319674843e-11,1.2680988782230203e-22,3.381006566774018e-27,0.9999999999890861
2020-02-28,11201.75,-0.0378016423222764,23.239999771118164,5.4,6.65965,1.5721499999999997,6.840433594182427,0.577297988247838,2.259414225941425,Sideways,4.4715547694497575e-29,5.065053001930008e-19,5.155635906715843e-17,1.0
2020-03-02,11132.75,-0.0061788013630017435,25.200000762939453,5.2125,6.701575,1.7175500000000001,5.501594303316093,-22.8660756530008,0.417014178482078,HighVol,2.097605361805107e-47,3.5384639226321393e-15,1.0,5.9683252671360395e-15
2020-03-03,11303.2998046875,0.015203486470954998,24.540000915527344,5.2125,6.701575,1.7175500000000001,5.501594303316093,-22.8660756530008,0.417014178482078,HighVol,1.0017077618204089e-48,1.0695586935932258e-16,1.0,2.410385695265733e-19
2020-03-04,11251.0,-0.0046376876143074345,24.229999542236328,5.2125,6.701575,1.7175500000000001,5.501594303316093,-22.8660756530008,0.417014178482078,HighVol,5.142166793379669e-46,2.0520515101270652e-16,1.0,9.908600491065926e-19
2020-03-05,11269.0,0.0015985793812774052,23.25,5.2125,6.701575,1.7175500000000001,5.501594303316093,-22.8660756530008,0.417014178482078,HighVol,1.7079774871035925e-41,4.801773011297563e-16,1.0,4.84700476287683e-18
2020-03-06,10989.4501953125,-0.02511985353017798,25.639999389648438,5.2125,6.701575,1.7175500000000001,5.501594303316093,-22.8660756530008,0.417014178482078,HighVol,2.938099358591125e-55,1.6363210918885276e-18,1.0,2.894502285851601e-21
2020-03-09,10451.4501953125,-0.05019499598647564,30.799999237060547,5.2125,6.701575,1.7175500000000001,5.501594303316093,-22.8660756530008,0.417014178482078,HighVol,2.793544303972007e-98,1.1554579726509116e-25,1.0,3.1647055636335493e-31
2020-03-12,9590.150390625,-0.08666894981793948,41.15999984741211,5.2125,6.701575,1.7175500000000001,5.501594303316093,-22.8660756530008,0.417014178482078,HighVol,3.249310141075792e-223,4.179938103457637e-46,1.0,9.729135946352705e-61
2020-03-13,9955.2001953125,0.03735847654239177,51.470001220703125,5.2125,6.701575,1.7175500000000001,5.501594303316093,-22.8660756530008,0.417014178482078,HighVol,1.975773649948719e-250,4.963986037165967e-44,1.0,2.2545383945897145e-63
2020-03-16,9197.400390625,-0.07917416945110371,58.880001068115234,5.2125,6.701575,1.7175500000000001,5.501594303316093,-22.8660756530008,0.417014178482078,HighVol,0.0,5.866620891712915e-67,1.0,1.83506057870996e-96
2020-03-17,8967.0498046875,-0.02536415171509603,62.93000030517578,5.2125,6.701575,1.7175500000000001,5.501594303316093,-22.8660756530008,0.417014178482078,HighVol,0.0,1.2725787774452977e-63,1.0,1.4764933452533475e-94
2020-03-18,8468.7998046875,-0.05716792711513327,63.959999084472656,5.2125,6.701575,1.7175500000000001,5.501594303316093,-22.8660756530008,0.417014178482078,HighVol,0.0,3.9728464187992025e-73,1.0,2.166490090797128e-107
2020-03-19,8263.4501953125,-0.02454659954775134,72.19999694824219,5.2125,6.701575,1.7175500000000001,5.501594303316093,-22.8660756530008,0.417014178482078,HighVol,0.0,4.4982442266127725e-82,1.0,1.7091582467906892e-124
2020-03-20,8745.4501953125,0.05669138794443699,67.0999984741211,5.2125,6.701575,1.7175500000000001,5.501594303316093,-22.8660756530008,0.417014178482078,HighVol,0.0,3.5014817195322635e-79,1.0,5.138910857353956e-118
2020-03-23,7610.25,-0.13903756461051203,71.98999786376953,5.2125,6.701575,1.7175500000000001,5.501594303316093,-22.8660756530008,0.417014178482078,HighVol,0.0,2.861924828943618e-131,1.0,2.3849393284476745e-189
2020-03-24,7801.0498046875,0.024762292138464665,83.61000061035156,5.2125,6.701575,1.7175500000000001,5.501594303316093,-22.8660756530008,0.417014178482078,HighVol,0.0,2.653840565277847e-120,1.0,1.3725246466832985e-184
2020-03-25,8317.849609375,0.06414544603118057,77.62999725341797,5.2125,6.701575,1.7175500000000001,5.501594303316093,-22.8660756530008,0.417014178482078,HighVol,0.0,7.632685949837774e-117,1.0,6.274694941073387e-176
2020-03-26,8641.4501953125,0.03816665439616388,71.52999877929688,5.2125,6.701575,1.7175500000000001,5.501594303316093,-22.8660756530008,0.417014178482078,HighVol,0.0,1.4031923124673294e-102,1.0,3.5946244695088987e-153
2020-03-27,8660.25,0.002173175106963937,70.38999938964844,5.2125,6.701575,1.7175500000000001,5.501594303316093,-22.8660756530008,0.417014178482078,HighVol,0.0,1.3399811818677176e-98,1.0,4.011713316278405e-147
2020-03-30,8281.099609375,-0.04476782787370225,71.88999938964844,5.2125,6.701575,1.7175500000000001,5.501594303316093,-22.8660756530008,0.417014178482078,HighVol,0.0,4.37029175024737e-107,1.0,5.690612415534783e-159
2020-03-31,8597.75,0.03752477847769833,64.41000366210938,5.2125,6.701575,1.7175500000000001,5.501594303316093,-22.8660756530008,0.417014178482078,HighVol,0.0,1.399624765543598e-94,1.0,2.875560229515816e-138
2020-04-01,8253.7998046875,-0.040826864424490454,60.04999923706055,4.65,6.76515,2.63105,5.448694047827529,-66.7574385347002,-1.5689512799339278,HighVol,0.0,4.05808746370933e-81,1.0,1.003199479510916e-223
2020-04-08,8748.75,-0.004954153987953298,52.2400016784668,4.65,6.76515,2.63105,5.448694047827529,-66.7574385347002,-1.5689512799339278,HighVol,0.0,5.898268807820075e-66,1.0,5.0505045808580707e-200
2020-04-09,9111.900390625,0.0406704613937413,49.75,4.65,6.76515,2.63105,5.448694047827529,-66.7574385347002,-1.5689512799339278,HighVol,0.0,1.539237936012544e-66,1.0,4.2489178153850325e-200
2020-04-16,8992.7998046875,0.007534316783542481,46.099998474121094,4.65,6.76515,2.63105,5.448694047827529,-66.7574385347002,-1.5689512799339278,HighVol,0.0,1.647148518372024e-61,1.0,8.831862185888616e-192
2020-04-17,9266.75,0.03000848934711599,42.59000015258789,4.65,6.76515,2.63105,5.448694047827529,-66.7574385347002,-1.5689512799339278,HighVol,0.0,5.507399692341336e-60,1.0,1.0629560796400447e-188
2020-04-20,9261.849609375,-0.0005289542483047096,43.459999084472656,4.65,6.76515,2.63105,5.448694047827529,-66.7574385347002,-1.5689512799339278,HighVol,0.0,5.367210966480268e-58,1.0,3.128401575074015e-186
2020-04-21,8981.4501953125,-0.030742409586860843,45.20000076293945,4.65,6.76515,2.63105,5.448694047827529,-66.7574385347002,-1.5689512799339278,HighVol,0.0,8.616605184931446e-58,1.0,6.257016896033404e-186
2020-04-22,9187.2998046875,0.022660713376927297,42.81999969482422,4.65,6.76515,2.63105,5.448694047827529,-66.7574385347002,-1.5689512799339278,HighVol,0.0,3.4803931444009606e-53,1.0,3.530041181553271e-179
2020-04-23,9313.900390625,0.013685875581327233,39.22999954223633,4.65,6.76515,2.63105,5.448694047827529,-66.7574385347002,-1.5689512799339278,HighVol,0.0,2.1708821022089587e-45,1.0,2.4001647507501953e-167
2020-04-24,9154.400390625,-0.017273269224786485,39.119998931884766,4.65,6.76515,2.63105,5.448694047827529,-66.7574385347002,-1.5689512799339278,HighVol,0.0,4.034378247901288e-46,1.0,5.332200973903358e-168
2020-04-27,9282.2998046875,0.01387465918374464,38.040000915527344,4.65,6.76515,2.63105,5.448694047827529,-66.7574385347002,-1.5689512799339278,HighVol,0.0,4.264944462349263e-42,1.0,2.5464790687828713e-162
2020-04-28,9380.900390625,0.010566409007242056,35.349998474121094,4.65,6.76515,2.63105,5.448694047827529,-66.7574385347002,-1.5689512799339278,HighVol,0.0,1.9083408550682196e-39,1.0,5.421447761730717e-158
2020-04-29,9553.349609375,0.01821608855026957,33.84000015258789,4.65,6.76515,2.63105,5.448694047827529,-66.7574385347002,-1.5689512799339278,HighVol,0.0,3.181929833430698e-36,1.0,2.6708578206993414e-153
2020-04-30,9859.900390625,0.03158422875946422,33.9900016784668,4.65,6.76515,2.63105,5.448694047827529,-66.7574385347002,-1.5689512799339278,HighVol,6.855103576479669e-297,2.7629170174955927e-21,1.0,1.3450689716261504e-132
2020-05-05,9205.599609375,-0.009503278972569803,43.61000061035156,4.49,5.91544,2.4922000000000004,5.09554193155215,-37.4430698041286,-3.3717105263157854,HighVol,1.2532180823641853e-263,6.798386915624031e-30,1.0,6.126350327926414e-77
2020-05-06,9270.900390625,0.0070685522845568985,41.25,4.49,5.91544,2.4922000000000004,5.09554193155215,-37.4430698041286,-3.3717105263157854,HighVol,1.2446690006312725e-229,1.011876019760437e-25,1.0,2.074236465192096e-70
2020-05-07,9199.0498046875,-0.0077803077564110755,39.93000030517578,4.49,5.91544,2.4922000000000004,5.09554193155215,-37.4430698041286,-3.3717105263157854,HighVol,3.547417988042339e-220,1.1003793848241992e-24,1.0,2.2537385933901618e-68
2020-05-08,9251.5,0.005685503917787226,38.40999984741211,4.49,5.91544,2.4922000000000004,5.09554193155215,-37.4430698041286,-3.3717105263157854,HighVol,3.806618596673915e-211,2.2693028694290612e-23,1.0,3.387311725327379e-66
2020-05-11,9239.2001953125,-0.001330377581346701,38.040000915527344,4.49,5.91544,2.4922000000000004,5.09554193155215,-37.4430698041286,-3.3717105263157854,HighVol,1.5216066329510942e-195,9.004220803614382e-22,1.0,1.0140506704557161e-63
2020-05-12,9196.5498046875,-0.004626930470959459,38.209999084472656,4.49,5.91544,2.4922000000000004,5.09554193155215,-37.4430698041286,-3.3717105263157854,HighVol,1.7966815529866058e-192,1.2937931031011612e-21,1.0,2.0064548377147325e-63
2020-05-13,9383.5498046875,0.02012974293547344,38.84000015258789,4.49,5.91544,2.4922000000000004,5.09554193155215,-37.4430698041286,-3.3717105263157854,HighVol,9.000466171262687e-181,1.1026031776558306e-20,1.0,1.8329312061384091e-62
2020-05-14,9142.75,-0.025996919937107583,38.18000030517578,4.49,5.91544,2.4922000000000004,5.09554193155215,-37.4430698041286,-3.3717105263157854,HighVol,3.145397646643119e-192,1.7628304825230164e-22,1.0,2.725496392622143e-64
2020-05-15,9136.849609375,-0.0006455711236580218,38.02000045776367,4.49,5.91544,2.4922000000000004,5.09554193155215,-37.4430698041286,-3.3717105263157854,HighVol,3.293544227091555e-181,1.2273815773088275e-20,1.0,8.755460015396787e-62
2020-05-18,8823.25,-0.03492536149006188,40.91999816894531,4.49,5.91544,2.4922000000000004,5.09554193155215,-37.4430698041286,-3.3717105263157854,HighVol,3.4439361510567366e-220,7.091980885550384e-27,1.0,1.0563542380871243e-70
2020-05-19,8879.099609375,0.006309873650596998,39.45000076293945,4.49,5.91544,2.4922000000000004,5.09554193155215,-37.4430698041286,-3.3717105263157854,HighVol,7.563092173922121e-200,3.903785364789703e-23,1.0,2.2115076159338504e-65
2020-05-20,9066.5498046875,0.020891638839326522,35.810001373291016,4.49,5.91544,2.4922000000000004,5.09554193155215,-37.4430698041286,-3.3717105263157854,HighVol,1.4708312214982248e-181,7.97938035967232e-21,1.0,2.402094812732397e-61
2020-05-21,9106.25,0.004369195599480915,32.9900016784668,4.49,5.91544,2.4922000000000004,5.09554193155215,-37.4430698041286,-3.3717105263157854,HighVol,2.1030929820632607e-161,4.195571199456765e-18,1.0,8.250214797680271e-57
2020-05-22,9039.25,-0.00738478460081561,32.380001068115234,4.49,5.91544,2.4922000000000004,5.09554193155215,-37.4430698041286,-3.3717105263157854,HighVol,2.628626612076151e-160,3.818436202839249e-18,1.0,1.502116317909515e-56
2020-05-27,9314.9501953125,0.0311735219299972,31.270000457763672,4.49,5.91544,2.4922000000000004,5.09554193155215,-37.4430698041286,-3.3717105263157854,HighVol,6.405107011073258e-156,5.312420183264045e-18,1.0,1.8236135885969615e-56
2020-05-28,9490.099609375,0.018628451492543274,30.020000457763672,4.49,5.91544,2.4922000000000004,5.09554193155215,-37.4430698041286,-3.3717105263157854,HighVol,6.3406112164561445e-142,1.3320093799111088e-15,1.0,3.9315248837813374e-53
2020-05-29,9580.2998046875,0.009459777532853096,30.219999313354492,4.49,5.91544,2.4922000000000004,5.09554193155215,-37.4430698041286,-3.3717105263157854,HighVol,4.1318304934802934e-138,7.992352237669737e-15,1.0,3.1184396106623778e-52
2020-06-01,9826.150390625,0.025338352659720637,30.739999771118164,4.25,5.8551,2.5440750000000003,5.063294280764863,-17.3043119831863,-1.8106995884773713,HighVol,3.913442528333132e-102,2.5503459767796294e-14,1.0,7.441818396047454e-27
2020-06-02,9979.099609375,0.015445627746472025,30.1200008392334,4.25,5.8551,2.5440750000000003,5.063294280764863,-17.3043119831863,-1.8106995884773713,HighVol,9.120311779912908e-94,9.088212501331509e-13,1.0,7.482805704637777e-25
2020-06-03,10061.5498046875,0.008228342186278518,30.040000915527344,4.25,5.8551,2.5440750000000003,5.063294280764863,-17.3043119831863,-1.8106995884773713,HighVol,5.929375394619513e-87,8.049586605761144e-12,0.999999999992724,1.2565296298064366e-23
2020-06-04,10029.099609375,-0.003230380747065696,29.690000534057617,4.25,5.8551,2.5440750000000003,5.063294280764863,-17.3043119831863,-1.8106995884773713,HighVol,1.0067554799588512e-85,1.023884174742646e-11,0.9999999999890861,2.66011628355431e-23
2020-06-05,10142.150390625,0.01120921756965851,28.68000030517578,4.25,5.8551,2.5440750000000003,5.063294280764863,-17.3043119831863,-1.8106995884773713,HighVol,6.480805370083928e-81,4.5313301118229476e-11,0.9999999999563443,1.9786236874524444e-22
2020-06-08,10167.4501953125,0.0024914146063167966,29.649999618530273,4.25,5.8551,2.5440750000000003,5.063294280764863,-17.3043119831863,-1.8106995884773713,HighVol,1.0316083427829808e-81,4.7765269640808274e-11,0.9999999999527063,1.2238068267211428e-22
2020-06-09,10046.650390625,-0.011952175882067815,30.209999084472656,4.25,5.8551,2.5440750000000003,5.063294280764863,-17.3043119831863,-1.8106995884773713,HighVol,2.3839360525602648e-88,4.0660314126418984e-12,0.999999999996362,5.8065612966969015e-24
2020-06-10,10116.150390625,0.006893910822071789,29.440000534057617,4.25,5.8551,2.5440750000000003,5.063294280764863,-17.3043119831863,-1.8106995884773713,HighVol,1.331992375622617e-83,2.5258380923738252e-11,0.9999999999745341,6.741214929619613e-23
2020-06-11,9902.0,-0.021396438367806456,29.65999984741211,4.25,5.8551,2.5440750000000003,5.063294280764863,-17.3043119831863,-1.8106995884773713,HighVol,9.254274895111858e-95,2.6154812758211366e-13,1.0,3.609627686386495e-25
2020-06-12,9972.900390625,0.007134696525776951,30.81999969482422,4.25,5.8551,2.5440750000000003,5.063294280764863,-17.3043119831863,-1.8106995884773713,HighVol,1.1916791014183965e-92,1.567220538031504e-12,1.0,1.2548557389554612e-24
2020-06-15,9813.7001953125,-0.016092064938005003,32.58000183105469,4.25,5.8551,2.5440750000000003,5.063294280764863,-17.3043119831863,-1.8106995884773713,HighVol,2.497382628762507e-101,3.867408869170286e-14,1.0,7.678984991543613e-27
2020-06-16,9914.0,0.010168511071378764,32.970001220703125,4.25,5.8551,2.5440750000000003,5.063294280764863,-17.3043119831863,-1.8106995884773713,HighVol,3.900439453359405e-99,1.5730789366389075e-13,1.0,2.179399340907029e-26
2020-06-17,9881.150390625,-0.0033189583187083734,33.349998474121094,4.25,5.8551,2.5440750000000003,5.063294280764863,-17.3043119831863,-1.8106995884773713,HighVol,1.1268525555576744e-93,3.4593578544847715e-13,1.0,8.450965724447374e-26
2020-06-18,10091.650390625,0.021079446670088396,31.459999084472656,4.25,5.8551,2.5440750000000003,5.063294280764863,-17.3043119831863,-1.8106995884773713,HighVol,2.1346437361877853e-85,3.4267183587612366e-12,0.999999999996362,2.165946703294346e-24
2020-06-19,10244.400390625,0.015022865002949488,29.969999313354492,4.25,5.8551,2.5440750000000003,5.063294280764863,-17.3043119831863,-1.8106995884773713,HighVol,1.67050229384171e-75,1.2580129040732943e-10,0.9999999998726707,3.4691664099377403e-22
2020-06-22,10311.2001953125,0.006499449097502718,30.459999084472656,4.25,5.8551,2.5440750000000003,5.063294280764863,-17.3043119831863,-1.8106995884773713,HighVol,1.4262610458835429e-74,2.94521307001316e-10,0.9999999997053237,6.321870216150466e-22
2020-06-23,10471.0,0.015378829255110686,29.34000015258789,4.25,5.8551,2.5440750000000003,5.063294280764863,-17.3043119831863,-1.8106995884773713,HighVol,1.6097551912405638e-68,1.685688961368213e-09,0.9999999983156158,5.853915013026377e-21
2020-06-24,10305.2998046875,-0.015951224257763807,29.579999923706055,4.25,5.8551,2.5440750000000003,5.063294280764863,-17.3043119831863,-1.8106995884773713,HighVol,3.220529381609242e-72,2.58921914448517e-10,0.9999999997417035,1.164374774464829e-21
2020-06-25,10288.900390625,-0.0015926248529521327,29.729999542236328,4.25,5.8551,2.5440750000000003,5.063294280764863,-17.3043119831863,-1.8106995884773713,HighVol,9.08190943286943e-71,6.438464444836389e-10,0.9999999993560778,3.485257539591278e-21
2020-06-26,10383.0,0.00910417112670767,28.739999771118164,4.25,5.8551,2.5440750000000003,5.063294280764863,-17.3043119831863,-1.8106995884773713,HighVol,2.3159173466206861e-66,2.5660272139200998e-09,0.9999999974352249,2.3277195707980122e-20
2020-06-29,10312.400390625,-0.006822760798075913,28.90999984741211,4.25,5.8551,2.5440750000000003,5.063294280764863,-17.3043119831863,-1.8106995884773713,HighVol,1.5134484252312126e-66,1.518859359185229e-09,0.9999999984793249,1.7838026951808692e-20
2020-06-30,10302.099609375,-0.0009993724909477652,29.1200008392334,4.25,5.8551,2.5440750000000003,5.063294280764863,-17.3043119831863,-1.8106995884773713,HighVol,2.275990606081747e-66,1.6037575494070214e-09,0.9999999983956513,1.777245125512523e-20
2020-07-01,10430.0498046875,0.012343324106810436,28.1200008392334,4.25,5.81452,2.59712,5.329130998447873,-11.562867492053,-0.2473206924979321,HighVol,1.1523860166328267e-55,6.54208369875259e-08,0.9999999345782292,6.146554455129683e-15
2020-07-02,10551.7001953125,0.011595958752537541,26.510000228881836,4.25,5.81452,2.59712,5.329130998447873,-11.562867492053,-0.2473206924979321,HighVol,1.9953014490574005e-49,5.418159026126791e-07,0.9999994581850491,1.2638116479004443e-13
2020-07-03,10607.349609375,0.005260117338821228,25.770000457763672,4.25,5.81452,2.59712,5.329130998447873,-11.562867492053,-0.2473206924979321,HighVol,7.385521910557489e-46,2.0031440609751476e-06,0.9999979968544775,7.812516665108615e-13
2020-07-06,10763.650390625,0.014627632603289031,25.200000762939453,4.25,5.81452,2.59712,5.329130998447873,-11.562867492053,-0.2473206924979321,HighVol,1.44128639675954e-43,5.346490110118133e-06,0.9999946535096704,1.3736473932495973e-12
2020-07-07,10799.650390625,0.003339009534036716,25.100000381469727,4.25,5.81452,2.59712,5.329130998447873,-11.562867492053,-0.2473206924979321,HighVol,8.385748921742889e-41,1.5177560306520897e-05,0.9999848224348554,6.000378416845685e-12
2020-07-08,10705.75,-0.008732782060989626,26.100000381469727,4.25,5.81452,2.59712,5.329130998447873,-11.562867492053,-0.2473206924979321,HighVol,1.7301937881022488e-45,3.691404908576049e-06,0.9999963085933734,7.124082708246676e-13
2020-07-09,10813.4501953125,0.01000976742529668,24.90999984741211,4.25,5.81452,2.59712,5.329130998447873,-11.562867492053,-0.2473206924979321,HighVol,5.748271040713847e-39,1.7953478599918623e-05,0.999982046513836,7.221855859601052e-12
2020-07-10,10768.0498046875,-0.00420734959083762,24.940000534057617,4.25,5.81452,2.59712,5.329130998447873,-11.562867492053,-0.2473206924979321,HighVol,1.4624349393463115e-39,1.719042220326266e-05,0.9999828095701202,7.607220318693637e-12
2020-07-13,10802.7001953125,0.003212722824094239,25.25,4.25,5.81452,2.59712,5.329130998447873,-11.562867492053,-0.2473206924979321,HighVol,3.0428833176698214e-38,1.9236471546377127e-05,0.9999807635207939,8.507226632747481e-12
2020-07-14,10607.349609375,-0.018249000734889463,26.639999389648438,4.25,5.81452,2.59712,5.329130998447873,-11.562867492053,-0.2473206924979321,HighVol,3.849490976616842e-48,1.2727609964522714e-06,0.9999987272393723,8.102547643522629e-14
2020-07-15,10618.2001953125,0.001022408086719745,26.290000915527344,4.25,5.81452,2.59712,5.329130998447873,-11.562867492053,-0.2473206924979321,HighVol,8.79519261805867e-45,0.0001680443029942151,0.99983195569642,1.0939232118037208e-12
2020-07-16,10739.9501953125,0.011400923444823241,25.360000610351562,4.25,5.81452,2.59712,5.329130998447873,-11.562867492053,-0.2473206924979321,HighVol,1.019723778358652e-39,0.007416670681898517,0.9925833292975461,2.231190835237399e-11
2020-07-17,10901.7001953125,0.014948306530616993,24.15999984741211,4.25,5.81452,2.59712,5.329130998447873,-11.562867492053,-0.2473206924979321,HighVol,8.619047543466445e-35,0.10964240725797963,0.8903575924001783,3.418109892350693e-10
2020-07-20,11022.2001953125,0.010992680250840313,24.709999084472656,4.25,5.81452,2.59712,5.329130998447873,-11.562867492053,-0.2473206924979321,HighVol,7.430105827992352e-34,0.4318986544426126,0.5681013449464806,6.104541453035476e-10
2020-07-21,11162.25,0.012626110991777935,24.43000030517578,4.25,5.81452,2.59712,5.329130998447873,-11.562867492053,-0.2473206924979321,Bear,5.530426404149071e-32,0.7896608390806322,0.21033916041631398,5.038967719747346e-10
2020-07-22,11132.599609375,-0.002659843741967638,24.889999389648438,4.25,5.81452,2.59712,5.329130998447873,-11.562867492053,-0.2473206924979321,Bear,6.828664581553889e-32,0.9315540475756129,0.06844595216200565,2.611013513788807e-10
2020-07-23,11215.4501953125,0.007414603621325298,24.639999389648438,4.25,5.81452,2.59712,5.329130998447873,-11.562867492053,-0.2473206924979321,Bear,3.452919293630805e-31,0.985242772392668,0.014757227509191357,9.84823024515831e-11
2020-07-24,11194.150390625,-0.0019009541040186228,24.540000915527344,4.25,5.81452,2.59712,5.329130998447873,-11.562867492053,-0.2473206924979321,Bear,2.074639789350024e-31,0.9964056790802022,0.003594320861938331,5.6861679294695796e-11
2020-07-27,11131.7998046875,-0.0055854955772852745,25.020000457763672,4.25,5.81452,2.59712,5.329130998447873,-11.562867492053,-0.2473206924979321,Bear,4.6078266910085956e-33,0.9986754344579679,0.0013245655034997581,3.8999686890998354e-11
2020-07-28,11300.5498046875,0.015045520083450243,23.639999389648438,4.25,5.81452,2.59712,5.329130998447873,-11.562867492053,-0.2473206924979321,Bear,3.409429661014425e-30,0.9997635793309185,0.00023642063620928894,3.303046014110886e-11
2020-07-29,11202.849609375,-0.008683204468886633,24.110000610351562,4.25,5.81452,2.59712,5.329130998447873,-11.562867492053,-0.2473206924979321,Bear,1.57577793416879e-31,0.9998915651599957,0.00010843479684986651,4.495778825025544e-11
2020-07-30,11102.150390625,-0.009029356907451743,24.729999542236328,4.25,5.81452,2.59712,5.329130998447873,-11.562867492053,-0.2473206924979321,Bear,8.736634461412777e-34,0.9998685335217503,0.00013146643689133228,4.2095756738608834e-11
2020-07-31,11073.4501953125,-0.002588449519166038,24.190000534057617,4.25,5.81452,2.59712,5.329130998447873,-11.562867492053,-0.2473206924979321,Bear,9.202196816581643e-33,0.9999198435474692,8.015638521357134e-05,6.618707595941825e-11
2020-08-03,10891.599609375,-0.016558554850121334,25.190000534057617,4.25,6.0105,2.7764500000000005,5.625035229993669,-7.30642569886566,0.4115226337448652,Bear,2.0078793115219552e-36,0.9999980441699363,1.954863174429471e-06,9.65575598600467e-10
2020-08-04,11095.25,0.01852527473195631,23.81999969482422,4.25,6.0105,2.7764500000000005,5.625035229993669,-7.30642569886566,0.4115226337448652,Bear,5.243289628817993e-33,0.9999998658204367,1.333484014859648e-07,8.300448208024771e-10
2020-08-05,11101.650390625,0.0005766923029565639,23.56999969482422,4.25,6.0105,2.7764500000000005,5.625035229993669,-7.30642569886566,0.4115226337448652,Bear,8.00543408535361e-31,0.9999999641222537,3.432976008001251e-08,1.5487683792291593e-09
2020-08-06,11200.150390625,0.00883342483924069,23.149999618530273,4.25,6.0105,2.7764500000000005,5.625035229993669,-7.30642569886566,0.4115226337448652,Bear,1.7000295117942826e-29,0.9999999806859707,1.8077366857940284e-08,1.2375323940840062e-09
2020-08-07,11214.0498046875,0.0012402330418245548,22.579999923706055,4.25,6.0105,2.7764500000000005,5.625035229993669,-7.30642569886566,0.4115226337448652,Bear,4.88059198021434e-28,0.999999987496267,1.0700215352950806e-08,1.8049722936161291e-09
2020-08-10,11270.150390625,0.004990233307851035,22.510000228881836,4.25,6.0105,2.7764500000000005,5.625035229993669,-7.30642569886566,0.4115226337448652,Bear,1.3077574848453178e-27,0.9999999910614861,7.478445896457084e-09,1.461419701133932e-09
2020-08-11,11322.5,0.004634224153283686,21.360000610351562,4.25,6.0105,2.7764500000000005,5.625035229993669,-7.30642569886566,0.4115226337448652,Bear,4.075522984062438e-24,0.9999999939245754,3.6707213791399595e-09,2.403316258201744e-09
2020-08-12,11308.400390625,-0.0012460495124746427,20.850000381469727,4.25,6.0105,2.7764500000000005,5.625035229993669,-7.30642569886566,0.4115226337448652,Bear,1.7608622561207186e-23,0.9999999931460479,3.549754522408685e-09,3.305140936750693e-09
2020-08-13,11300.4501953125,-0.0007032817179241128,20.56999969482422,4.25,6.0105,2.7764500000000005,5.625035229993669,-7.30642569886566,0.4115226337448652,Bear,5.62897599156183e-23,0.9999999925639713,3.5526934822321815e-09,3.8816707711972135e-09
2020-08-14,11178.400390625,-0.010859185489107238,21.670000076293945,4.25,6.0105,2.7764500000000005,5.625035229993669,-7.30642569886566,0.4115226337448652,Bear,6.452623830970533e-26,0.9999999790306904,1.7564415555225542e-08,3.4060960946000583e-09
2020-08-17,11247.099609375,0.006126903182347498,21.309999465942383,4.25,6.0105,2.7764500000000005,5.625035229993669,-7.30642569886566,0.4115226337448652,Bear,2.8148997459609678e-24,0.9999999902793206,6.472830624100519e-09,3.24924727376828e-09
2020-08-18,11385.349609375,0.012217124027310865,20.43000030517578,4.25,6.0105,2.7764500000000005,5.625035229993669,-7.30642569886566,0.4115226337448652,Bear,1.5158505642901226e-22,0.9999999944302544,3.1277506623204068e-09,2.4411596241454465e-09
2020-08-19,11408.400390625,0.002022553472584474,19.959999084472656,4.25,6.0105,2.7764500000000005,5.625035229993669,-7.30642569886566,0.4115226337448652,Bear,3.18146703273856e-21,0.9999999950850906,1.577271839386435e-09,3.339351622002042e-09
2020-08-20,11312.2001953125,-0.0084681538079335,20.6200008392334,4.25,6.0105,2.7764500000000005,5.625035229993669,-7.30642569886566,0.4115226337448652,Bear,4.170818451994455e-23,0.9999999917999958,4.636170351903377e-09,3.5634760410211283e-09
2020-08-21,11371.599609375,0.005237178104313519,19.940000534057617,4.25,6.0105,2.7764500000000005,5.625035229993669,-7.30642569886566,0.4115226337448652,Bear,1.1453909822547474e-21,0.9999999941974238,2.1390640472516282e-09,3.663607491836309e-09
2020-08-24,11466.4501953125,0.008306412509926262,19.229999542236328,4.25,6.0105,2.7764500000000005,5.625035229993669,-7.30642569886566,0.4115226337448652,Bear,1.8642671832561365e-20,0.999999995699909,1.2203553612267125e-09,3.080373436063691e-09
2020-08-25,11472.25,0.000505678592222556,19.31999969482422,4.25,6.0105,2.7764500000000005,5.625035229993669,-7.30642569886566,0.4115226337448652,Bear,9.406573785365862e-20,0.9999999955653038,9.961416938368424e-10,3.4387579812479355e-09
2020-08-26,11549.599609375,0.006719694702452173,19.299999237060547,4.25,6.0105,2.7764500000000005,5.625035229993669,-7.30642569886566,0.4115226337448652,Bear,2.3814327917387074e-19,0.9999999969513738,6.920239777493372e-10,2.3583319214448297e-09
2020-08-27,11559.25,0.0008352117348219679,18.899999618530273,4.25,6.0105,2.7764500000000005,5.625035229993669,-7.30642569886566,0.4115226337448652,Bear,1.990821912500378e-18,0.9999999965366442,5.861355977573833e-10,2.8782552336818434e-09
2020-08-28,11647.599609375,0.007614134421611744,18.350000381469727,4.25,6.0105,2.7764500000000005,5.625035229993669,-7.30642569886566,0.4115226337448652,Bear,1.0123734495841146e-17,0.9999999974788807,3.919052499289384e-10,2.1299299079574343e-09
2020-08-31,11387.5,-0.0225838540823065,22.84000015258789,4.25,6.0105,2.7764500000000005,5.625035229993669,-7.30642569886566,0.4115226337448652,Bear,1.6796759236514194e-27,0.9999999716164898,2.774045865673864e-08,6.446625880875129e-10
2020-09-01,11470.25,0.007240464307211334,21.799999237060547,4.25,6.024675,2.749525,5.636614572762322,0.489287954044215,1.3190436933223415,Bear,3.897832747976037e-19,0.9999997638042538,2.1918462364329498e-10,2.3597508653844245e-07
2020-09-02,11535.0,0.005629164732428894,21.110000610351562,4.25,6.024675,2.749525,5.636614572762322,0.489287954044215,1.3190436933223415,Bear,9.085242036629632e-18,0.9999997449449763,1.147457098676764e-10,2.549411092387157e-07
2020-09-03,11527.4501953125,-0.0006547270470620276,20.5,4.25,6.024675,2.749525,5.636614572762322,0.489287954044215,1.3190436933223415,Bear,9.138097785601147e-17,0.9999996354163824,1.0258307476561412e-10,3.6448215843966366e-07
2020-09-04,11333.849609375,-0.01693737589976223,22.149999618530273,4.25,6.024675,2.749525,5.636614572762322,0.489287954044215,1.3190436933223415,Bear,3.1668930137648285e-22,0.9999997248888045,1.6082860787575174e-09,2.7350201371328126e-07
2020-09-07,11355.0498046875,0.001868773014980915,22.010000228881836,4.25,6.024675,2.749525,5.636614572762322,0.489287954044215,1.3190436933223415,Bear,1.2841835318933467e-20,0.9999996632105307,3.923802701692258e-10,3.363986728790938e-07
2020-09-08,11317.349609375,-0.003325649779789579,22.719999313354492,4.25,6.024675,2.749525,5.636614572762322,0.489287954044215,1.3190436933223415,Bear,5.232895570299057e-22,0.9999997214327255,6.589698869006396e-10,2.7790873399134443e-07
2020-09-09,11278.0,-0.003482986529093653,22.229999542236328,4.25,6.024675,2.749525,5.636614572762322,0.489287954044215,1.3190436933223415,Bear,1.5790798055218051e-21,0.9999995955186841,7.485292830170744e-10,4.037345417632036e-07
2020-09-10,11449.25,0.01507030028649042,21.260000228881836,4.25,6.024675,2.749525,5.636614572762322,0.489287954044215,1.3190436933223415,Bear,1.9247428161651242e-20,0.9999997784216493,3.555957747155893e-10,2.2122400452272694e-07
2020-09-11,11464.4501953125,0.0013267344350831917,20.709999084472656,4.25,6.024675,2.749525,5.636614572762322,0.489287954044215,1.3190436933223415,Bear,2.4877927873137653e-18,0.9999996267870997,1.369434173647759e-10,3.730766239857792e-07
2020-09-14,11440.0498046875,-0.002130620607789219,21.190000534057617,4.25,6.024675,2.749525,5.636614572762322,0.489287954044215,1.3190436933223415,Bear,4.2359966525354437e-19,0.999999659747176,1.8119462006376482e-10,3.4007124665817114e-07
2020-09-15,11521.7998046875,0.007120536611649034,20.600000381469727,4.25,6.024675,2.749525,5.636614572762322,0.489287954044215,1.3190436933223415,Bear,8.82873919961497e-18,0.99999971122456,1.0653789750229123e-10,2.8866790124457125e-07
2020-09-16,11604.5498046875,0.007156369643982706,19.65999984741211,4.25,6.024675,2.749525,5.636614572762322,0.489287954044215,1.3190436933223415,Bear,2.368475915363673e-16,0.9999997124178166,5.538510198669298e-11,2.8752831596956125e-07
2020-09-17,11516.099609375,-0.007651223391398827,20.100000381469727,4.25,6.024675,2.749525,5.636614572762322,0.489287954044215,1.3190436933223415,Bear,2.6205697054477115e-17,0.9999996203478797,1.1748398799052663e-10,3.795340745120697e-07
2020-09-18,11504.9501953125,-0.0009686278452831663,20.049999237060547,4.25,6.024675,2.749525,5.636614572762322,0.489287954044215,1.3190436933223415,Bear,5.360631148268686e-17,0.9999995824656215,9.54341658282349e-11,4.17437607829239e-07
2020-09-21,11250.5498046875,-0.022360395533691877,22.190000534057617,4.25,6.024675,2.749525,5.636614572762322,0.489287954044215,1.3190436933223415,Bear,7.457285104774028e-25,0.999999742536635,6.297288067660603e-09,2.511675134306414e-07
2020-09-22,11153.650390625,-0.008650165364363744,21.40999984741211,4.25,6.024675,2.749525,5.636614572762322,0.489287954044215,1.3190436933223415,Bear,7.567790725704711e-23,0.9999992479754937,1.862005338003124e-09,7.501607307263099e-07
2020-09-23,11131.849609375,-0.0019564998051874198,20.989999771118164,4.25,6.024675,2.749525,5.636614572762322,0.489287954044215,1.3190436933223415,Bear,6.69512772611273e-22,0.9999989685207629,1.4510265948092622e-09,1.0300274211576033e-06
2020-09-24,10805.5498046875,-0.02975046086629724,23.510000228881836,4.25,6.024675,2.749525,5.636614572762322,0.489287954044215,1.3190436933223415,Bear,3.0758623138135023e-35,0.9999982485621207,1.4815718930395062e-06,2.6986440119366586e-07
2020-09-25,11050.25,0.02239317919403798,20.68000030517578,4.25,6.024675,2.749525,5.636614572762322,0.489287954044215,1.3190436933223415,Bear,1.1698882689664353e-28,0.9999995056242682,2.1770245566526543e-08,4.7260664224621764e-07
2020-09-28,11227.5498046875,0.015917509782938703,19.56999969482422,4.25,6.024675,2.749525,5.636614572762322,0.489287954044215,1.3190436933223415,Bear,2.7114848758629173e-24,0.999999429681501,1.915455830848316e-09,5.684043729830778e-07
2020-09-29,11222.400390625,-0.00045874615382283734,19.770000457763672,4.25,6.024675,2.749525,5.636614572762322,0.489287954044215,1.3190436933223415,Bear,2.4266896778685477e-23,0.9999992109845537,8.339959252715415e-10,7.881823377413163e-07
2020-09-30,11247.5498046875,0.0022384940193966077,19.530000686645508,4.25,6.024675,2.749525,5.636614572762322,0.489287954044215,1.3190436933223415,Bear,9.65501329881213e-23,0.9999992105261687,6.603121414144483e-10,7.88813326078224e-07
2020-10-01,11416.9501953125,0.014948800566928164,18.350000381469727,4.25,5.94484,2.69142,5.902144903661943,4.99067271289788,1.3114754098360715,Bear,2.3820891717550678e-21,0.9999986615994064,7.696653543376929e-13,1.3383988804296034e-06
2020-10-06,11662.400390625,0.013731761801546099,19.639999389648438,4.25,5.94484,2.69142,5.902144903661943,4.99067271289788,1.3114754098360715,Bear,4.20697781084008e-21,0.9999996778497525,1.366865572324106e-13,3.2215152090911153e-07
2020-10-07,11738.849609375,0.006533795478530655,20.059999465942383,4.25,5.94484,2.69142,5.902144903661943,4.99067271289788,1.3114754098360715,Bear,5.958453845907178e-21,0.999999777803193,5.4840746730063216e-14,2.2219540236391822e-07
2020-10-08,11834.599609375,0.008123590712403974,20.3799991607666,4.25,5.94484,2.69142,5.902144903661943,4.99067271289788,1.3114754098360715,Bear,2.443269127513682e-21,0.9999998843122806,3.518328654326457e-14,1.1568790265596207e-07
2020-10-09,11914.2001953125,0.00670357110102055,20.3799991607666,4.25,5.94484,2.69142,5.902144903661943,4.99067271289788,1.3114754098360715,Bear,3.918790236514239e-21,0.9999999209467236,2.0628888301937147e-14,7.905421650604001e-08
2020-10-12,11930.9501953125,0.0014048980594053501,21.1299991607666,4.25,5.94484,2.69142,5.902144903661943,4.99067271289788,1.3114754098360715,Bear,2.576780527716414e-21,0.9999999389510795,1.711531019517474e-14,6.104808045880396e-08
2020-10-13,11934.5,0.0002974848313881938,20.719999313354492,4.25,5.94484,2.69142,5.902144903661943,4.99067271289788,1.3114754098360715,Bear,9.406061421577907e-21,0.9999999280262298,1.5648393381696187e-14,7.197473060910226e-08
2020-10-14,11971.0498046875,0.0030578533826602027,20.209999084472656,4.25,5.94484,2.69142,5.902144903661943,4.99067271289788,1.3114754098360715,Bear,4.734540691030618e-20,0.9999999283536479,1.1928932318430696e-14,7.164577635437353e-08
2020-10-15,11680.349609375,-0.024583309443990238,22.059999465942383,4.25,5.94484,2.69142,5.902144903661943,4.99067271289788,1.3114754098360715,Bear,4.468606296562371e-28,0.9999999380343089,1.625946391639921e-12,6.196510220240773e-08
2020-10-16,11762.4501953125,0.007004361448563385,21.649999618530273,4.25,5.94484,2.69142,5.902144903661943,4.99067271289788,1.3114754098360715,Bear,6.657237755345332e-25,0.9999999199972113,8.408755354526302e-14,8.000089518118239e-08
2020-10-19,11873.0498046875,0.009358838750109354,21.81999969482422,4.25,5.94484,2.69142,5.902144903661943,4.99067271289788,1.3114754098360715,Bear,3.81881511448987e-25,0.9999999602332544,5.190448354868898e-14,3.976752482420835e-08
2020-10-20,11896.7998046875,0.0019983305148122575,22.690000534057617,4.25,5.94484,2.69142,5.902144903661943,4.99067271289788,1.3114754098360715,Bear,3.754957031038982e-26,0.9999999739848139,4.383623998435234e-14,2.601670380745608e-08
2020-10-21,11937.650390625,0.003427863919924764,22.920000076293945,4.25,5.94484,2.69142,5.902144903661943,4.99067271289788,1.3114754098360715,Bear,3.5876222566434464e-24,0.999999976364052,2.635849703883478e-14,2.3634483258777026e-08
2020-10-22,11896.4501953125,-0.0034572511936285335,22.639999389648438,4.25,5.94484,2.69142,5.902144903661943,4.99067271289788,1.3114754098360715,Bear,2.057082635556702e-23,0.9999999638421293,3.056172235582529e-14,3.6157433465154244e-08
2020-10-23,11930.349609375,0.002845488039808009,21.829999923706055,4.25,5.94484,2.69142,5.902144903661943,4.99067271289788,1.3114754098360715,Bear,5.302223713664061e-22,0.9999999561805463,1.8680483750497186e-14,4.3820676617410873e-08
2020-10-26,11767.75,-0.01372280171939824,22.829999923706055,4.25,5.94484,2.69142,5.902144903661943,4.99067271289788,1.3114754098360715,Bear,1.1286734810011828e-21,0.9999999258870985,1.0644048706139882e-13,7.411369407377485e-08
2020-10-27,11889.400390625,0.010284540688903391,22.200000762939453,4.25,5.94484,2.69142,5.902144903661943,4.99067271289788,1.3114754098360715,Bear,4.1217457912464674e-19,0.9999999416213557,2.5464509543137428e-14,5.837890557606515e-08
2020-10-28,11729.599609375,-0.013531751526031222,23.280000686645508,4.25,5.94484,2.69142,5.902144903661943,4.99067271289788,1.3114754098360715,Bear,9.106375424017022e-22,0.9999999245774263,1.4585921492442664e-13,7.542098898111491e-08
2020-10-29,11670.7998046875,-0.0050255491286022155,24.020000457763672,4.25,5.94484,2.69142,5.902144903661943,4.99067271289788,1.3114754098360715,Bear,1.083624987933839e-22,0.9999999253923334,1.4027925535353471e-13,7.460862541030138e-08
2020-10-30,11642.400390625,-0.0024363388871728973,24.75,4.25,5.94484,2.69142,5.902144903661943,4.99067271289788,1.3114754098360715,Bear,4.221483937905297e-24,0.9999999445608425,2.0567629182958903e-13,5.543725314834763e-08
2020-11-02,11669.150390625,0.00229500061940095,25.209999084472656,4.25,5.8952,2.839625,5.28476084361067,-1.74253468142016,2.289452166802941,Bear,3.3409893771010485e-26,0.9999999973042577,8.957393928416316e-10,1.7995224556267257e-09
2020-11-03,11813.5,0.01229430453308261,24.239999771118164,4.25,5.8952,2.839625,5.28476084361067,-1.74253468142016,2.289452166802941,Bear,1.7929943918623038e-24,0.9999999983374437,3.8961828003736404e-10,1.2711573486742424e-09
2020-11-04,11908.5,0.008009485529747545,23.200000762939453,4.25,5.8952,2.839625,5.28476084361067,-1.74253468142016,2.289452166802941,Bear,2.996174501052581e-22,0.9999999983629095,1.1236090824119132e-10,1.5260473635974506e-09
2020-11-05,12120.2998046875,0.017629285844443805,20.969999313354492,4.25,5.8952,2.839625,5.28476084361067,-1.74253468142016,2.289452166802941,Bear,1.4899747267156572e-20,0.9999999990286597,4.7258462231760244e-11,9.237836473867153e-10
2020-11-06,12263.5498046875,0.011749715515175936,20.5,4.25,5.8952,2.839625,5.28476084361067,-1.74253468142016,2.289452166802941,Bear,8.377149426686332e-20,0.9999999994070095,1.1577800787175018e-11,5.828357979405961e-10
2020-11-09,12461.0498046875,0.015976331587139476,20.110000610351562,4.25,5.8952,2.839625,5.28476084361067,-1.74253468142016,2.289452166802941,Bear,5.221389935232246e-21,0.9999999998181011,7.94332191100032e-12,1.7458254506097941e-10
2020-11-10,12631.099609375,0.013554232066476922,21.579999923706055,4.25,5.8952,2.839625,5.28476084361067,-1.74253468142016,2.289452166802941,Bear,1.1986722674190383e-23,0.9999999999563443,4.8604178396906045e-12,3.7157628029381744e-11
2020-11-11,12749.150390625,0.009302637490367565,22.030000686645508,4.25,5.8952,2.839625,5.28476084361067,-1.74253468142016,2.289452166802941,Bear,1.732501870909795e-24,0.9999999999818101,2.7212177135968188e-12,1.653710037304739e-11
2020-11-12,12690.7998046875,-0.004587327240413277,20.6200008392334,4.25,5.8952,2.839625,5.28476084361067,-1.74253468142016,2.289452166802941,Bear,1.2000013050116278e-19,0.9999999999272404,2.1430722872464524e-12,7.052131235290633e-11
2020-11-13,12719.9501953125,0.0022943363271255195,19.700000762939453,4.25,5.8952,2.839625,5.28476084361067,-1.74253468142016,2.289452166802941,Bear,1.6596463697898548e-18,0.9999999999163265,1.4912353439964634e-12,8.182954396849052e-11
2020-11-18,12938.25,0.004962716492027381,19.1200008392334,4.25,5.8952,2.839625,5.28476084361067,-1.74253468142016,2.289452166802941,Bear,1.0684232003317453e-18,0.9999999999745341,7.27985927105911e-13,2.3282339542297602e-11
2020-11-19,12771.7001953125,-0.012956239372488106,19.56999969482422,4.25,5.8952,2.839625,5.28476084361067,-1.74253468142016,2.289452166802941,Bear,8.000107724008263e-20,0.9999999999345164,3.3886330309232235e-12,6.244506910398482e-11
2020-11-20,12859.0498046875,0.006816027431926412,19.6200008392334,4.25,5.8952,2.839625,5.28476084361067,-1.74253468142016,2.289452166802941,Bear,9.666317948687352e-20,0.9999999999636202,1.2002100762514437e-12,3.3365988283823066e-11
2020-11-23,12926.4501953125,0.0052277864790618534,20.799999237060547,4.25,5.8952,2.839625,5.28476084361067,-1.74253468142016,2.289452166802941,Bear,2.3115990752873127e-21,0.9999999999854481,9.577306726255278e-13,1.329853479670938e-11
2020-11-24,13055.150390625,0.009907106958531581,21.059999465942383,4.25,5.8952,2.839625,5.28476084361067,-1.74253468142016,2.289452166802941,Bear,1.1714307454116645e-22,0.999999999996362,8.383144642085398e-13,4.444092931940583e-12
2020-11-25,12858.400390625,-0.015185397205090293,23.1299991607666,4.25,5.8952,2.839625,5.28476084361067,-1.74253468142016,2.289452166802941,Bear,1.2100068570552483e-25,0.9999999999854481,7.814582983414645e-12,7.709688611528773e-12
2020-11-26,12987.0,0.009951532476185488,20.020000457763672,4.25,5.8952,2.839625,5.28476084361067,-1.74253468142016,2.289452166802941,Bear,4.974828892001409e-21,0.9999999999854481,1.0339886061265141e-12,1.2391023045562641e-11
2020-11-27,12968.9501953125,-0.0013908030691388337,19.81999969482422,4.25,5.8952,2.839625,5.28476084361067,-1.74253468142016,2.289452166802941,Bear,1.7564162370810182e-19,0.9999999999781721,8.444681981056498e-13,2.037404190746082e-11
2020-12-02,13113.75,0.0003584815807498976,19.90999984741211,4.25,5.8929,2.7946,3.686607470335179,2.11481694400146,1.9512195121951237,Bear,7.152696456239943e-16,0.9999999980391294,2.7453239579084787e-31,1.95990602739866e-09
2020-12-03,13133.900390625,0.0015354055912646832,19.0,4.25,5.8929,2.7946,3.686607470335179,2.11481694400146,1.9512195121951237,Bear,9.057265513604667e-15,0.9999999975261744,2.4665714160170837e-31,2.474991240491532e-09
2020-12-04,13258.5498046875,0.009445908959648398,18.030000686645508,4.25,5.8929,2.7946,3.686607470335179,2.11481694400146,1.9512195121951237,Bear,1.0623325757245816e-14,0.9999999987740011,2.1772021387295153e-31,1.2256895192531414e-09
2020-12-07,13355.75,0.007304391112653887,18.020000457763672,4.25,5.8929,2.7946,3.686607470335179,2.11481694400146,1.9512195121951237,Bear,6.808530803281602e-15,0.9999999993415258,1.457458728406873e-31,6.581019985652871e-10
2020-12-08,13392.9501953125,0.002781459960611745,18.6200008392334,4.25,5.8929,2.7946,3.686607470335179,2.11481694400146,1.9512195121951237,Bear,1.8262839216052576e-15,0.9999999995307007,1.1556365579210508e-31,4.70290296418273e-10
2020-12-09,13529.099609375,0.010114428562528128,18.920000076293945,4.25,5.8929,2.7946,3.686607470335179,2.11481694400146,1.9512195121951237,Bear,1.7114228015085803e-16,0.9999999998617568,1.0889398771618987e-31,1.3942419973531548e-10
2020-12-10,13478.2998046875,-0.0037619219695161584,18.709999084472656,4.25,5.8929,2.7946,3.686607470335179,2.11481694400146,1.9512195121951237,Bear,1.4671375510759906e-15,0.9999999996980478,1.136090426288419e-31,3.030431648449046e-10
2020-12-11,13513.849609375,0.0026340862816878062,18.790000915527344,4.25,5.8929,2.7946,3.686607470335179,2.11481694400146,1.9512195121951237,Bear,2.016947745012163e-15,0.9999999997671694,9.801821585283106e-32,2.314305986208587e-10
2020-12-14,13558.150390625,0.0032728147749187795,19.399999618530273,4.25,5.8929,2.7946,3.686607470335179,2.11481694400146,1.9512195121951237,Bear,4.1709293188238483e-16,0.9999999998617568,9.540547307397309e-32,1.396333570940404e-10
2020-12-15,13567.849609375,0.0007151234360649028,19.350000381469727,4.25,5.8929,2.7946,3.686607470335179,2.11481694400146,1.9512195121951237,Bear,6.184419226413184e-16,0.9999999998544808,9.646401678992921e-32,1.4580418241523738e-10
2020-12-16,13682.7001953125,0.008429280641864136,19.200000762939453,4.25,5.8929,2.7946,3.686607470335179,2.11481694400146,1.9512195121951237,Bear,1.2512195139423436e-16,0.9999999999417923,8.401302026542545e-32,5.7143572964385846e-11
2020-12-17,13740.7001953125,0.004229970438016461,19.15999984741211,4.25,5.8929,2.7946,3.686607470335179,2.11481694400146,1.9512195121951237,Bear,1.1067113758534313e-16,0.9999999999599822,6.02718748023887e-32,4.1658734570603036e-11
2020-12-18,13760.5498046875,0.0014435425896574643,18.6200008392334,4.25,5.8929,2.7946,3.686607470335179,2.11481694400146,1.9512195121951237,Bear,4.2447743317778866e-16,0.9999999999527063,5.515760800434024e-32,4.727664580630661e-11
2020-12-21,13328.400390625,-0.03190866215630266,23.190000534057617,4.25,5.8929,2.7946,3.686607470335179,2.11481694400146,1.9512195121951237,Bear,1.946381468716942e-26,0.9999999998908606,5.681889892965257e-29,1.1082474985271031e-10
2020-12-22,13466.2998046875,0.010293127415086657,21.989999771118164,4.25,5.8929,2.7946,3.686607470335179,2.11481694400146,1.9512195121951237,Bear,2.108002200814765e-21,0.9999999998581188,4.395580328049783e-31,1.4338624570394645e-10
2020-12-23,13601.099609375,0.009960389402299756,20.5,4.25,5.8929,2.7946,3.686607470335179,2.11481694400146,1.9512195121951237,Bear,4.0499688272014373e-20,0.9999999999126885,1.6488770907414845e-31,8.775406499965286e-11
2020-12-24,13749.25,0.01083363406633502,19.969999313354492,4.25,5.8929,2.7946,3.686607470335179,2.11481694400146,1.9512195121951237,Bear,1.7695144497417926e-20,0.9999999999708962,8.197948694456137e-32,2.893196693894432e-11
2020-12-29,13932.599609375,0.004272454296258275,20.790000915527344,4.25,5.8929,2.7946,3.686607470335179,2.11481694400146,1.9512195121951237,Bear,2.630683539370246e-21,0.999999999992724,3.6038591611968515e-32,5.826299214037559e-12
2020-12-30,13981.9501953125,0.003535836164182277,21.110000610351562,4.25,5.8929,2.7946,3.686607470335179,2.11481694400146,1.9512195121951237,Bear,7.874176643797152e-22,0.999999999996362,3.3235784333529943e-32,3.719782366167655e-12
2020-12-31,13981.75,-1.4318227638304822e-05,21.100000381469727,4.25,5.8929,2.7946,3.686607470335179,2.11481694400146,1.9512195121951237,Bear,1.1771953790746387e-21,0.999999999996362,3.410288536953839e-32,4.3895451324512805e-12
2021-01-01,14018.5,0.002624978069994666,21.100000381469727,4.25,5.94162,2.7280800000000003,3.162902928103306,-0.824632910249901,2.5121555915721183,Bear,1.2766565953463872e-20,0.9999999999490683,4.625394559552592e-48,5.089370909882384e-11
2021-01-04,14132.900390625,0.008127554493474463,20.030000686645508,4.25,5.94162,2.7280800000000003,3.162902928103306,-0.824632910249901,2.5121555915721183,Bear,3.591492354035689e-20,0.9999999999708962,3.3863317687240825e-48,2.8990661213770126e-11
2021-01-05,14199.5,0.00470131235786493,20.459999084472656,4.25,5.94162,2.7280800000000003,3.162902928103306,-0.824632910249901,2.5121555915721183,Bear,8.801816198053252e-21,0.9999999999818101,2.6619035892749642e-48,1.69219348724294e-11
2021-01-06,14146.25,-0.0037571814216639365,21.0,4.25,5.94162,2.7280800000000003,3.162902928103306,-0.824632910249901,2.5121555915721183,Bear,5.35048125836327e-21,0.9999999999708962,4.151304220123083e-48,2.917859939972446e-11
2021-01-07,14137.349609375,-0.0006293676223474675,20.6200008392334,4.25,5.94162,2.7280800000000003,3.162902928103306,-0.824632910249901,2.5121555915721183,Bear,3.005786196484893e-20,0.9999999999563443,3.996718111560845e-48,4.418353646432521e-11
2021-01-08,14347.25,0.014738082534464191,20.639999389648438,4.25,5.94162,2.7280800000000003,3.162902928103306,-0.824632910249901,2.5121555915721183,Bear,8.769713290051427e-23,0.999999999996362,3.9139357328688766e-48,4.9263411425395874e-12
2021-01-11,14484.75,0.00953808562855032,22.3799991607666,4.25,5.94162,2.7280800000000003,3.162902928103306,-0.824632910249901,2.5121555915721183,Bear,1.0340280884513397e-25,1.0,2.4917655130046075e-48,8.429642623377912e-13
2021-01-12,14563.4501953125,0.0054186068221036155,22.850000381469727,4.25,5.94162,2.7280800000000003,3.162902928103306,-0.824632910249901,2.5121555915721183,Bear,1.1126715101172617e-26,1.0,1.9395596810335355e-48,4.1753194513890976e-13
2021-01-13,14564.849609375,9.608621670051523e-05,23.290000915527344,4.25,5.94162,2.7280800000000003,3.162902928103306,-0.824632910249901,2.5121555915721183,Bear,3.8023621321778646e-27,1.0,2.2761996031351048e-48,4.5242408519837473e-13
2021-01-14,14595.599609375,0.002109021789565324,23.030000686645508,4.25,5.94162,2.7280800000000003,3.162902928103306,-0.824632910249901,2.5121555915721183,Bear,1.0914413524957605e-26,1.0,2.1033754785306803e-48,5.223784551601837e-13
2021-01-15,14433.7001953125,-0.01115432296065278,24.010000228881836,4.25,5.94162,2.7280800000000003,3.162902928103306,-0.824632910249901,2.5121555915721183,Bear,7.201827462401179e-28,0.999999999996362,1.2825706681997552e-47,2.0124225215176147e-12
2021-01-18,14281.2998046875,-0.010614788200058034,24.399999618530273,4.25,5.94162,2.7280800000000003,3.162902928103306,-0.824632910249901,2.5121555915721183,Bear,9.519754777478987e-28,0.9999999999890861,3.5461475819236217e-47,9.827176839175313e-12
2021-01-19,14521.150390625,0.01665525875641371,22.899999618530273,4.25,5.94162,2.7280800000000003,3.162902928103306,-0.824632910249901,2.5121555915721183,Bear,7.051361921033839e-28,0.999999999996362,1.1016553358350385e-47,1.834101213785472e-12
2021-01-20,14644.7001953125,0.008472274336760961,21.549999237060547,4.25,5.94162,2.7280800000000003,3.162902928103306,-0.824632910249901,2.5121555915721183,Bear,3.190778156791615e-22,0.999999999996362,2.788993838098001e-48,2.7389872250187564e-12
2021-01-21,14590.349609375,-0.003718184091801354,22.18000030517578,4.25,5.94162,2.7280800000000003,3.162902928103306,-0.824632910249901,2.5121555915721183,Bear,2.898412906412923e-22,0.999999999992724,4.200751421262961e-48,5.965139739054233e-12
2021-01-22,14371.900390625,-0.015085386074712022,22.18000030517578,4.25,5.94162,2.7280800000000003,3.162902928103306,-0.824632910249901,2.5121555915721183,Bear,5.51982462411011e-22,0.9999999999417923,3.02357534110646e-47,5.7565225670484246e-11
2021-01-25,14238.900390625,-0.009297255190251277,23.25,4.25,5.94162,2.7280800000000003,3.162902928103306,-0.824632910249901,2.5121555915721183,Bear,3.076827425909717e-22,0.9999999998108251,5.255925198074717e-47,1.8901059270560738e-10
2021-01-28,13817.5498046875,-0.010793693167934581,24.290000915527344,4.25,5.94162,2.7280800000000003,3.162902928103306,-0.824632910249901,2.5121555915721183,Bear,6.376666315995654e-23,0.999999994677637,1.0063134961811694e-45,5.321101886324861e-09
2021-01-29,13634.599609375,-0.013328858232496075,25.34000015258789,4.25,5.94162,2.7280800000000003,3.162902928103306,-0.824632910249901,2.5121555915721183,Bear,2.3297607875617295e-25,0.9999999863175618,6.759457027885496e-45,1.368267061669005e-08
2021-02-01,14281.2001953125,0.04633334971971787,23.31999969482422,4.25,6.1935,2.928875,4.494453663100861,0.324893301215901,4.828150572831413,Bear,3.82265567575312e-43,1.0,2.4230653742965054e-16,6.2124788462551295e-15
2021-02-02,14647.849609375,0.025349539675742865,23.350000381469727,4.25,6.1935,2.928875,4.494453663100861,0.324893301215901,4.828150572831413,Bear,1.593067815411467e-41,1.0,2.6809787873918925e-19,1.255542204227315e-15
2021-02-03,14789.9501953125,0.009654368913945022,23.75,4.25,6.1935,2.928875,4.494453663100861,0.324893301215901,4.828150572831413,Bear,8.263491134957175e-41,1.0,3.180182060800617e-20,8.156262559293249e-16
2021-02-04,14895.650390625,0.007121340982025425,23.1200008392334,4.25,6.1935,2.928875,4.494453663100861,0.324893301215901,4.828150572831413,Bear,4.61456090936766e-40,1.0,1.809950917175252e-20,6.697701526966336e-16
2021-02-05,14924.25,0.0019181565175802602,23.420000076293945,4.25,6.1935,2.928875,4.494453663100861,0.324893301215901,4.828150572831413,Bear,4.407187938491685e-40,1.0,1.754134604804982e-20,7.208523907151644e-16
2021-02-08,15115.7998046875,0.012753134705385865,23.959999084472656,4.25,6.1935,2.928875,4.494453663100861,0.324893301215901,4.828150572831413,Bear,5.927997738961005e-43,1.0,2.3301942123946666e-20,1.030089285257503e-16
2021-02-09,15109.2998046875,-0.00043010611605642915,24.270000457763672,4.25,6.1935,2.928875,4.494453663100861,0.324893301215901,4.828150572831413,Bear,3.81212618161384e-42,1.0,1.6966589418779552e-20,1.779889781608048e-16
2021-02-10,15106.5,-0.00018532057490518592,23.950000762939453,4.25,6.1935,2.928875,4.494453663100861,0.324893301215901,4.828150572831413,Bear,3.856389278831992e-41,1.0,1.675530540590911e-20,3.2059314843364013e-16
2021-02-11,15173.2998046875,0.004412176664707947,23.049999237060547,4.25,6.1935,2.928875,4.494453663100861,0.324893301215901,4.828150572831413,Bear,7.801571512777343e-40,1.0,1.134125723802647e-20,3.8270226509958173e-16
2021-02-12,15163.2998046875,-0.0006592696934370658,22.040000915527344,4.25,6.1935,2.928875,4.494453663100861,0.324893301215901,4.828150572831413,Bear,7.90934960401655e-38,1.0,9.698870114227414e-21,1.0385810248171592e-15
2021-02-15,15314.7001953125,0.009935142462115996,22.040000915527344,4.25,6.1935,2.928875,4.494453663100861,0.324893301215901,4.828150572831413,Bear,3.558202563998852e-39,1.0,9.356436010591893e-21,3.113684130368063e-16
2021-02-16,15313.4501953125,-8.162425642763527e-05,21.780000686645508,4.25,6.1935,2.928875,4.494453663100861,0.324893301215901,4.828150572831413,Bear,3.1012595412183164e-37,1.0,6.307994319547176e-21,6.668407365258843e-16
2021-02-17,15208.900390625,-0.006850731452785171,21.780000686645508,4.25,6.1935,2.928875,4.494453663100861,0.324893301215901,4.828150572831413,Bear,5.7588454158928406e-36,1.0,1.3408869558606622e-20,2.7139021083413097e-15
2021-02-18,15118.9501953125,-0.005931871684390037,21.540000915527344,4.25,6.1935,2.928875,4.494453663100861,0.324893301215901,4.828150572831413,Bear,2.4316294275126793e-34,1.0,1.9440381103803235e-20,1.0486327794040615e-14
2021-02-19,14981.75,-0.009116143118184506,22.25,4.25,6.1935,2.928875,4.494453663100861,0.324893301215901,4.828150572831413,Bear,5.356894462536346e-35,1.0,6.656813932275056e-20,3.3074318067422096e-14
2021-02-22,14675.7001953125,-0.02063971564030592,25.469999313354492,4.25,6.1935,2.928875,4.494453663100861,0.324893301215901,4.828150572831413,Bear,1.081461881171063e-42,1.0,7.09071643459519e-18,5.813899608982369e-14
2021-02-23,14707.7998046875,0.002184873969705697,25.229999542236328,4.25,6.1935,2.928875,4.494453663100861,0.324893301215901,4.828150572831413,Bear,3.662430423762776e-39,1.0,7.845500866646565e-19,1.0705063376861386e-13
2021-02-24,14982.0,0.01847152850052029,24.170000076293945,4.25,6.1935,2.928875,4.494453663100861,0.324893301215901,4.828150572831413,Bear,7.032428573557411e-40,1.0,4.636667346519081e-19,1.4804455208731305e-14
2021-02-25,15097.349609375,0.007669725331353619,22.889999389648438,4.25,6.1935,2.928875,4.494453663100861,0.324893301215901,4.828150572831413,Bear,4.301201285960211e-36,1.0,5.942777500966306e-20,2.286787349760678e-14
2021-02-26,14529.150390625,-0.03836220275630364,28.139999389648438,4.25,6.1935,2.928875,4.494453663100861,0.324893301215901,4.828150572831413,Bear,7.550600050700002e-57,1.0,1.865241012563787e-14,1.4229393538401735e-14
2021-03-01,14761.5498046875,0.01586881087701919,25.6299991607666,4.25,6.350775,3.0794249999999996,5.66568648756145,28.549012660449,7.890365448504988,Bear,1.2808355279920461e-56,1.0,3.1237143629154505e-24,1.953226630412571e-27
2021-03-02,14919.099609375,0.010616431079728933,23.610000610351562,4.25,6.350775,3.0794249999999996,5.66568648756145,28.549012660449,7.890365448504988,Bear,1.1749806685431236e-50,1.0,2.8618188469480713e-25,3.438604780394139e-27
2021-03-03,15245.599609375,0.02164866615239294,22.09000015258789,4.25,6.350775,3.0794249999999996,5.66568648756145,28.549012660449,7.890365448504988,Bear,1.52985487659769e-52,1.0,1.9367915822014718e-25,3.347473093032928e-28
2021-03-04,15080.75,-0.010871815118793142,24.149999618530273,4.25,6.350775,3.0794249999999996,5.66568648756145,28.549012660449,7.890365448504988,Bear,5.638971994617662e-54,1.0,3.310752678652691e-25,1.0185808608056116e-27
2021-03-05,14938.099609375,-0.009504125991607463,25.559999465942383,4.25,6.350775,3.0794249999999996,5.66568648756145,28.549012660449,7.890365448504988,Bear,3.9527773886086277e-56,1.0,1.3003685973670192e-24,1.7595428495410767e-27
2021-03-08,14956.2001953125,0.001210972544447202,24.68000030517578,4.25,6.350775,3.0794249999999996,5.66568648756145,28.549012660449,7.890365448504988,Bear,3.2778868827849097e-53,1.0,5.0854953915701075e-25,3.81112820260872e-27
2021-03-09,15098.400390625,0.009462861169810146,22.5,4.25,6.350775,3.0794249999999996,5.66568648756145,28.549012660449,7.890365448504988,Bear,1.3277358992320438e-50,1.0,1.8445810759589975e-25,4.327645288748611e-27
2021-03-10,15174.7998046875,0.005047340602462587,20.75,4.25,6.350775,3.0794249999999996,5.66568648756145,28.549012660449,7.890365448504988,Bear,4.294778674283718e-48,1.0,8.120003864834578e-26,7.474984073135142e-27
2021-03-15,14929.5,-0.006772300308835674,21.229999542236328,4.25,6.350775,3.0794249999999996,5.66568648756145,28.549012660449,7.890365448504988,Bear,1.1239593930196567e-47,1.0,3.710513517313403e-25,5.573216537618958e-26
2021-03-16,14910.4501953125,-0.0012767988653300596,20.190000534057617,4.25,6.350775,3.0794249999999996,5.66568648756145,28.549012660449,7.890365448504988,Bear,7.262849377225553e-46,1.0,3.0771931520979833e-25,1.282843696706376e-25
2021-03-17,14721.2998046875,-0.01276691115553913,20.15999984741211,4.25,6.350775,3.0794249999999996,5.66568648756145,28.549012660449,7.890365448504988,Bear,6.127015340604595e-46,1.0,1.7584099082901347e-24,5.546364378427265e-25
2021-03-18,14557.849609375,-0.011165071153974405,20.079999923706055,4.25,6.350775,3.0794249999999996,5.66568648756145,28.549012660449,7.890365448504988,Bear,1.125017562994652e-45,1.0,4.034598119369753e-24,2.1148237851347594e-24
2021-03-19,14744.0,0.012705880170274957,19.989999771118164,4.25,6.350775,3.0794249999999996,5.66568648756145,28.549012660449,7.890365448504988,Bear,1.4559640775153481e-46,1.0,1.8418711845961347e-24,5.818250441005186e-25
2021-03-22,14736.400390625,-0.0005155703072306843,20.489999771118164,4.25,6.350775,3.0794249999999996,5.66568648756145,28.549012660449,7.890365448504988,Bear,2.3086688459070978e-46,1.0,1.3106230515020894e-24,7.781679914616595e-25
2021-03-23,14814.75,0.005302656033791128,20.670000076293945,4.25,6.350775,3.0794249999999996,5.66568648756145,28.549012660449,7.890365448504988,Bear,1.410220795821222e-46,1.0,1.026157306944752e-24,4.858704579334531e-25
2021-03-24,14549.400390625,-0.018073523592070435,22.459999084472656,4.25,6.350775,3.0794249999999996,5.66568648756145,28.549012660449,7.890365448504988,Bear,1.4671744737536854e-49,1.0,2.1812107874115516e-23,1.2259722981326368e-24
2021-03-25,14324.900390625,-0.015550473459416195,22.700000762939453,4.25,6.350775,3.0794249999999996,5.66568648756145,28.549012660449,7.890365448504988,Bear,1.5604310022762226e-50,1.0,7.089404099416125e-23,4.76945013086425e-24
2021-03-26,14507.2998046875,0.012652648509180619,20.649999618530273,4.25,6.350775,3.0794249999999996,5.66568648756145,28.549012660449,7.890365448504988,Bear,4.094027846767814e-46,1.0,8.956989780877464e-24,4.848092570086796e-24
2021-03-31,14690.7001953125,-0.010455164345430578,20.649999618530273,4.25,6.350775,3.0794249999999996,5.66568648756145,28.549012660449,7.890365448504988,Bear,5.137982600832856e-46,1.0,3.680812950426656e-24,2.0874559350183097e-24
2021-04-01,14867.349609375,0.011952853344086897,19.989999771118164,4.25,6.2801,2.94522,5.139897674026872,194.567644022898,10.738255033557053,Bear,0.0,1.0,5.207377050848188e-55,0.0
2021-04-06,14683.5,0.0031172037135109875,20.84000015258789,4.25,6.2801,2.94522,5.139897674026872,194.567644022898,10.738255033557053,Bear,0.0,1.0,9.06622475656958e-55,0.0
2021-04-07,14819.0498046875,0.0091890876818974,20.25,4.25,6.2801,2.94522,5.139897674026872,194.567644022898,10.738255033557053,Bear,0.0,1.0,5.769703603905101e-55,0.0
2021-04-08,14873.7998046875,0.003687760707936765,20.309999465942383,4.25,6.2801,2.94522,5.139897674026872,194.567644022898,10.738255033557053,Bear,0.0,1.0,3.411380348054184e-55,0.0
2021-04-09,14834.849609375,-0.0026221466406612408,19.790000915527344,4.25,6.2801,2.94522,5.139897674026872,194.567644022898,10.738255033557053,Bear,0.0,1.0,4.2283210825370266e-55,0.0
2021-04-12,14310.7998046875,-0.03596463281723922,23.0,4.25,6.2801,2.94522,5.139897674026872,194.567644022898,10.738255033557053,Bear,0.0,1.0,3.3025716449942954e-51,0.0
2021-04-13,14504.7998046875,0.013465132344700306,20.459999084472656,4.25,6.2801,2.94522,5.139897674026872,194.567644022898,10.738255033557053,Bear,0.0,1.0,7.824916260767975e-54,0.0
2021-04-16,14617.849609375,0.0024931716281266104,20.399999618530273,4.25,6.2801,2.94522,5.139897674026872,194.567644022898,10.738255033557053,Bear,0.0,1.0,2.4530966024718647e-54,0.0
2021-04-19,14359.4501953125,-0.01783508230882999,22.489999771118164,4.25,6.2801,2.94522,5.139897674026872,194.567644022898,10.738255033557053,Bear,0.0,1.0,6.754664846302689e-53,0.0
2021-04-20,14296.400390625,-0.0044004910090830246,22.43000030517578,4.25,6.2801,2.94522,5.139897674026872,194.567644022898,10.738255033557053,Bear,0.0,1.0,2.8516357406453273e-53,0.0
2021-04-23,14341.349609375,-0.004508280094204329,22.690000534057617,4.25,6.2801,2.94522,5.139897674026872,194.567644022898,10.738255033557053,Bear,0.0,1.0,2.5688824421312087e-53,0.0
2021-04-26,14485.0,0.009966685459202936,23.5,4.25,6.2801,2.94522,5.139897674026872,194.567644022898,10.738255033557053,Bear,0.0,1.0,2.0715880073529672e-53,0.0
2021-04-27,14653.0498046875,0.011534860370141113,23.079999923706055,4.25,6.2801,2.94522,5.139897674026872,194.567644022898,10.738255033557053,Bear,0.0,1.0,9.536644954240103e-54,0.0
2021-04-28,14864.5498046875,0.014330678808834763,22.579999923706055,4.25,6.2801,2.94522,5.139897674026872,194.567644022898,10.738255033557053,Bear,0.0,1.0,4.208270207336311e-54,0.0
2021-04-29,14894.900390625,0.002039728305535653,23.309999465942383,4.25,6.2801,2.94522,5.139897674026872,194.567644022898,10.738255033557053,Bear,0.0,1.0,2.5437279410407116e-54,0.0
2021-04-30,14631.099609375,-0.017869525228607498,23.030000686645508,4.25,6.2801,2.94522,5.139897674026872,194.567644022898,10.738255033557053,Bear,0.0,1.0,3.96942837723551e-53,0.0
2021-05-03,14634.150390625,0.0002084917272909865,23.690000534057617,4.25,6.225375,2.8548249999999995,5.257641879886221,32.4422854748413,13.106382978723419,Bear,7.698950843328853e-55,1.0,8.65118984126529e-37,2.457992002819773e-29
2021-05-04,14496.5,-0.009450624224999165,23.010000228881836,4.25,6.225375,2.8548249999999995,5.257641879886221,32.4422854748413,13.106382978723419,Bear,1.624287776210317e-53,1.0,2.0010235466826623e-36,8.018205873562691e-29
2021-05-05,14617.849609375,0.008336116981918119,23.010000228881836,4.25,6.225375,2.8548249999999995,5.257641879886221,32.4422854748413,13.106382978723419,Bear,7.055589102674857e-53,1.0,8.802872176121767e-37,4.640206508730907e-29
2021-05-06,14724.7998046875,0.007289775876840782,22.040000915527344,4.25,6.225375,2.8548249999999995,5.257641879886221,32.4422854748413,13.106382978723419,Bear,4.9961023423433714e-51,1.0,3.859656218682322e-37,4.968967950810925e-29
2021-05-07,14823.150390625,0.006657040403640492,20.81999969482422,4.25,6.225375,2.8548249999999995,5.257641879886221,32.4422854748413,13.106382978723419,Bear,7.269666236433917e-49,1.0,1.82861187659289e-37,5.964429332737672e-29
2021-05-10,14942.349609375,0.008009262800994111,20.229999542236328,4.25,6.225375,2.8548249999999995,5.257641879886221,32.4422854748413,13.106382978723419,Bear,1.7849483998456185e-48,1.0,1.1355497061505793e-37,4.187832548737335e-29
2021-05-11,14850.75,-0.006149068019026527,20.229999542236328,4.25,6.225375,2.8548249999999995,5.257641879886221,32.4422854748413,13.106382978723419,Bear,4.811111544672442e-48,1.0,1.7901106171900586e-37,8.590620322841253e-29
2021-05-12,14696.5,-0.0104409988264523,20.079999923706055,4.25,6.225375,2.8548249999999995,5.257641879886221,32.4422854748413,13.106382978723419,Bear,2.558887437566113e-48,1.0,5.412593828579702e-37,2.0338591722615743e-28
2021-05-17,14923.150390625,0.016577589783995917,19.610000610351562,4.25,6.225375,2.8548249999999995,5.257641879886221,32.4422854748413,13.106382978723419,Bear,1.278789544576116e-49,1.0,3.4931374450437584e-37,5.289475776213675e-29
2021-05-18,15108.099609375,0.012317273309973075,19.239999771118164,4.25,6.225375,2.8548249999999995,5.257641879886221,32.4422854748413,13.106382978723419,Bear,2.184561735667104e-44,1.0,5.916472753525957e-38,4.7645830975262003e-29
2021-05-19,15030.150390625,-0.005172788238334181,19.31999969482422,4.25,6.225375,2.8548249999999995,5.257641879886221,32.4422854748413,13.106382978723419,Bear,1.7028715603964074e-43,1.0,6.15609846834107e-38,1.0239931339177422e-28
2021-05-20,14906.0498046875,-0.008291052039504188,19.31999969482422,4.25,6.225375,2.8548249999999995,5.257641879886221,32.4422854748413,13.106382978723419,Bear,1.0323094153578824e-43,1.0,1.382618516193101e-37,2.0588952273523287e-28
2021-05-21,15175.2998046875,0.01790193553229923,19.079999923706055,4.25,6.225375,2.8548249999999995,5.257641879886221,32.4422854748413,13.106382978723419,Bear,1.7824500448054185e-44,1.0,9.550468436443963e-38,4.1295930719256835e-29
2021-05-24,15197.7001953125,0.0014750202275935762,19.1299991607666,4.25,6.225375,2.8548249999999995,5.257641879886221,32.4422854748413,13.106382978723419,Bear,3.759590017573491e-43,1.0,3.131838068219089e-38,6.33413496710162e-29
2021-05-25,15208.4501953125,0.0007070938155468382,19.1299991607666,4.25,6.225375,2.8548249999999995,5.257641879886221,32.4422854748413,13.106382978723419,Bear,5.824766190012304e-43,1.0,3.170262634807188e-38,6.836451344776139e-29
2021-05-26,15301.4501953125,0.0060964006336564555,20.8700008392334,4.25,6.225375,2.8548249999999995,5.257641879886221,32.4422854748413,13.106382978723419,Bear,2.322709303203228e-45,1.0,3.124461847066061e-38,2.2223491412570823e-29
2021-05-27,15337.849609375,0.0023759962804964516,19.90999984741211,4.25,6.225375,2.8548249999999995,5.257641879886221,32.4422854748413,13.106382978723419,Bear,8.545152274798032e-44,1.0,2.356365479007345e-38,3.308095062327864e-29
2021-05-28,15435.650390625,0.006356190262519319,17.399999618530273,4.25,6.225375,2.8548249999999995,5.257641879886221,32.4422854748413,13.106382978723419,Bear,4.472691785556327e-41,1.0,2.0538072837987315e-38,5.213705744878843e-29
2021-05-31,15582.7998046875,0.00948793489109113,17.399999618530273,4.25,6.225375,2.8548249999999995,5.257641879886221,32.4422854748413,13.106382978723419,Bear,9.353386668689115e-42,1.0,1.772462765344914e-38,2.630507254031614e-29
2021-06-01,15574.849609375,-0.000510320620107419,17.389999389648438,4.25,6.267675,2.8293999999999997,5.577860839698823,13.0141673923977,12.070410729253966,Bear,1.529410944484493e-20,1.0,3.451377498272446e-35,4.1160737359352265e-13
2021-06-02,15576.2001953125,8.67120656808025e-05,17.209999084472656,4.25,6.267675,2.8293999999999997,5.577860839698823,13.0141673923977,12.070410729253966,Bear,2.5486710927985678e-20,1.0,3.696207041582939e-35,4.854560201770697e-13
2021-06-03,15690.349609375,0.007301728008600275,15.75,4.25,6.267675,2.8293999999999997,5.577860839698823,13.0141673923977,12.070410729253966,Bear,2.5233839355646876e-19,1.0,4.371950815623191e-35,4.077548136985627e-13
2021-06-04,15670.25,-0.0012818385093088212,15.9399995803833,4.25,6.267675,2.8293999999999997,5.577860839698823,13.0141673923977,12.070410729253966,Bear,3.9702706887901226e-19,1.0,4.2794763586038234e-35,5.554219949682519e-13
2021-06-07,15751.650390625,0.0051811361952536165,15.569999694824219,4.25,6.267675,2.8293999999999997,5.577860839698823,13.0141673923977,12.070410729253966,Bear,4.0388855727445746e-19,1.0,4.089034338448478e-35,4.2283015814457037e-13
2021-06-08,15740.099609375,-0.0007335750962069031,15.229999542236328,4.25,6.267675,2.8293999999999997,5.577860839698823,13.0141673923977,12.070410729253966,Bear,1.0157992920251898e-18,1.0,4.645904389052924e-35,5.841027244475828e-13
2021-06-09,15635.349609375,-0.0066772200430738555,14.75,4.25,6.267675,2.8293999999999997,5.577860839698823,13.0141673923977,12.070410729253966,Bear,2.333921534406366e-18,1.0,1.0119281487118955e-34,1.2718359446608919e-12
2021-06-10,15737.75,0.006527933518834105,15.0,4.25,6.267675,2.8293999999999997,5.577860839698823,13.0141673923977,12.070410729253966,Bear,1.4200760945295994e-18,1.0,6.304367419594714e-35,7.42442851652294e-13
2021-06-11,15799.349609375,0.003906490354253145,14.100000381469727,4.25,6.267675,2.8293999999999997,5.577860839698823,13.0141673923977,12.070410729253966,Bear,8.499373010023264e-18,1.0,7.472432296617101e-35,7.585467896398258e-13
2021-06-14,15811.849609375,0.0007908589968395644,14.720000267028809,4.25,6.267675,2.8293999999999997,5.577860839698823,13.0141673923977,12.070410729253966,Bear,9.551033476828486e-18,1.0,7.407329345509398e-35,7.837538539321609e-13
2021-06-15,15869.25,0.003623640223476974,14.609999656677246,4.25,6.267675,2.8293999999999997,5.577860839698823,13.0141673923977,12.070410729253966,Bear,9.930729930161836e-18,1.0,8.089640164824549e-35,6.699345054890061e-13
2021-06-16,15767.5498046875,-0.006429256198967984,14.869999885559082,4.25,6.267675,2.8293999999999997,5.577860839698823,13.0141673923977,12.070410729253966,Bear,1.333414304493095e-17,1.0,1.4043797117485298e-34,1.3203892216119142e-12
2021-06-17,15691.400390625,-0.004841201776747716,15.289999961853027,4.25,6.267675,2.8293999999999997,5.577860839698823,13.0141673923977,12.070410729253966,Bear,1.9771309437443724e-17,0.999999999996362,1.8444216160664294e-34,2.1219871881776838e-12
2021-06-18,15683.349609375,-0.0005132013116724437,14.800000190734863,4.25,6.267675,2.8293999999999997,5.577860839698823,13.0141673923977,12.070410729253966,Bear,5.001403319299031e-17,0.999999999996362,3.164118082008457e-34,2.6133045772569187e-12
2021-06-21,15746.5,0.0040185031994205474,15.0600004196167,4.25,6.267675,2.8293999999999997,5.577860839698823,13.0141673923977,12.070410729253966,Bear,2.5721771869428054e-17,0.999999999996362,2.496069260196546e-34,1.9305633616241875e-12
2021-06-22,15772.75,0.0016656491552922152,14.739999771118164,4.25,6.267675,2.8293999999999997,5.577860839698823,13.0141673923977,12.070410729253966,Bear,4.0451693770709256e-17,0.999999999996362,2.5212244352185992e-34,2.0389246332624965e-12
2021-06-23,15686.9501953125,-0.005454598542621072,15.369999885559082,4.25,6.267675,2.8293999999999997,5.577860839698823,13.0141673923977,12.070410729253966,Bear,2.782430357509004e-17,0.999999999996362,3.571134168076448e-34,3.263337531845056e-12
2021-06-24,15790.4501953125,0.006576170313444658,15.100000381469727,4.25,6.267675,2.8293999999999997,5.577860839698823,13.0141673923977,12.070410729253966,Bear,2.412508081443828e-17,0.999999999996362,2.432242264827177e-34,2.0774681216523295e-12
2021-06-25,15860.349609375,0.004416920149496724,13.369999885559082,4.25,6.267675,2.8293999999999997,5.577860839698823,13.0141673923977,12.070410729253966,Bear,1.0856140374566775e-16,0.999999999996362,3.1349603151897055e-34,2.0747616992689263e-12
2021-06-28,15814.7001953125,-0.0028823598351750412,13.399999618530273,4.25,6.267675,2.8293999999999997,5.577860839698823,13.0141673923977,12.070410729253966,Bear,1.5592930850128066e-16,0.999999999996362,4.540922960993207e-34,3.0510117385206913e-12
2021-06-29,15748.4501953125,-0.004197939462444536,13.0,4.25,6.267675,2.8293999999999997,5.577860839698823,13.0141673923977,12.070410729253966,Bear,3.325738621173567e-16,0.999999999996362,7.127559388568918e-34,4.934435862436648e-12
2021-06-30,15721.5,-0.0017127578361914226,13.050000190734863,4.25,6.267675,2.8293999999999997,5.577860839698823,13.0141673923977,12.070410729253966,Bear,4.938601743390044e-16,0.999999999992724,7.559933861371579e-34,6.255347012895673e-12
2021-07-01,15680.0,-0.0026431873739428875,12.84000015258789,4.25,6.20842,2.78256,5.263890877177713,10.4058012952557,11.570247933884303,Bear,5.277810691933179e-14,0.9999999998763087,2.1571334262292742e-30,1.2183820845235138e-10
2021-07-02,15722.2001953125,0.0026877238189711517,12.09000015258789,4.25,6.20842,2.78256,5.263890877177713,10.4058012952557,11.570247933884303,Bear,6.748187747922109e-14,0.9999999998908606,2.4952173242832038e-30,1.1027235946870644e-10
2021-07-05,15834.349609375,0.007107867426692256,12.09000015258789,4.25,6.20842,2.78256,5.263890877177713,10.4058012952557,11.570247933884303,Bear,2.891208301683171e-14,0.9999999999345164,1.854749817309003e-30,6.575045485860409e-11
2021-07-06,15818.25,-0.0010172694162285671,12.279999732971191,4.25,6.20842,2.78256,5.263890877177713,10.4058012952557,11.570247933884303,Bear,5.0068251424198176e-14,0.9999999999126885,1.6932194256835043e-30,8.569947500877734e-11
2021-07-07,15879.650390625,0.003874103121228537,12.210000038146973,4.25,6.20842,2.78256,5.263890877177713,10.4058012952557,11.570247933884303,Bear,3.156401043381263e-14,0.9999999999308784,1.6852822810545003e-30,6.756386171682607e-11
2021-07-08,15727.900390625,-0.009602209739377547,13.5600004196167,4.25,6.20842,2.78256,5.263890877177713,10.4058012952557,11.570247933884303,Bear,2.126782508866548e-14,0.9999999998581188,2.4172829355382554e-30,1.4068348719124724e-10
2021-07-09,15689.7998046875,-0.0024254228908178565,12.9399995803833,4.25,6.20842,2.78256,5.263890877177713,10.4058012952557,11.570247933884303,Bear,9.360490314940056e-14,0.9999999997962732,2.5882931802304406e-30,2.0476548362742308e-10
2021-07-12,15692.599609375,0.00017843152513541638,12.989999771118164,4.25,6.20842,2.78256,5.263890877177713,10.4058012952557,11.570247933884303,Bear,1.0467409470467511e-13,0.9999999997817213,2.551339936891016e-30,2.1817920585343992e-10
2021-07-13,15812.349609375,0.0076020168050800795,12.619999885559082,4.25,6.20842,2.78256,5.263890877177713,10.4058012952557,11.570247933884303,Bear,5.339495959217765e-14,0.9999999998690328,2.09141669328815e-30,1.290987882203095e-10
2021-07-14,15853.9501953125,0.00262743737830436,12.59000015258789,4.25,6.20842,2.78256,5.263890877177713,10.4058012952557,11.570247933884303,Bear,6.814337688665015e-14,0.9999999998726707,1.7837361992017727e-30,1.2623485198165662e-10
2021-07-15,15924.2001953125,0.0044212840314639245,12.270000457763672,4.25,6.20842,2.78256,5.263890877177713,10.4058012952557,11.570247933884303,Bear,5.359859970511565e-14,0.9999999998981366,1.8934837991098348e-30,1.0300306225856086e-10
2021-07-16,15923.400390625,-5.022699813825734e-05,11.710000038146973,4.25,6.20842,2.78256,5.263890877177713,10.4058012952557,11.570247933884303,Bear,7.923020722019555e-14,0.9999999998799467,2.4950797908798827e-30,1.213494150160678e-10
2021-07-19,15752.400390625,-0.010796990571541962,12.680000305175781,4.25,6.20842,2.78256,5.263890877177713,10.4058012952557,11.570247933884303,Bear,5.456438536905109e-14,0.9999999997380655,4.418188218048425e-30,2.6337474358320177e-10
2021-07-20,15632.099609375,-0.007666291987629491,13.210000038146973,4.25,6.20842,2.78256,5.263890877177713,10.4058012952557,11.570247933884303,Bear,1.0741895531763237e-13,0.9999999995125108,4.380091846183e-30,4.872190294673634e-10
2021-07-23,15856.0498046875,0.0020201963552988087,11.760000228881836,4.25,6.20842,2.78256,5.263890877177713,10.4058012952557,11.570247933884303,Bear,1.6991711316896167e-13,0.9999999997817213,2.7685150330172448e-30,2.184101702041128e-10
2021-07-26,15824.4501953125,-0.001994894010794567,12.449999809265137,4.25,6.20842,2.78256,5.263890877177713,10.4058012952557,11.570247933884303,Bear,1.6828005463349016e-13,0.9999999997271516,2.7252566453950476e-30,2.713796268490299e-10
2021-07-27,15746.4501953125,-0.004941269190283573,13.229999542236328,4.25,6.20842,2.78256,5.263890877177713,10.4058012952557,11.570247933884303,Bear,1.2998039360066438e-13,0.9999999996143742,3.2192266989596506e-30,3.8650603996011395e-10
2021-07-28,15709.400390625,-0.0023556712745251398,13.6899995803833,4.25,6.20842,2.78256,5.263890877177713,10.4058012952557,11.570247933884303,Bear,1.33686966170902e-13,0.9999999995307007,3.065284022088655e-30,4.705492497234794e-10
2021-07-29,15778.4501953125,0.0043858132000563635,12.949999809265137,4.25,6.20842,2.78256,5.263890877177713,10.4058012952557,11.570247933884303,Bear,1.767424816469484e-13,0.9999999996107363,3.134875261505478e-30,3.885336828442435e-10
2021-07-30,15763.0498046875,-0.000976516135808173,12.800000190734863,4.25,6.20842,2.78256,5.263890877177713,10.4058012952557,11.570247933884303,Bear,2.438189113790814e-13,0.9999999995234248,3.631664780372841e-30,4.75318260710728e-10
2021-08-02,15885.150390625,0.007716153904229494,12.8100004196167,4.25,6.280325,2.9317,4.811459022162423,11.0723148356468,11.63934426229507,Bear,3.5019065936473697e-14,0.9999999998799467,1.0167831166519054e-31,1.2062635843600859e-10
2021-08-03,16130.75,0.015342653128218075,13.75,4.25,6.280325,2.9317,4.811459022162423,11.0723148356468,11.63934426229507,Bear,1.2597109544640185e-15,0.9999999999599822,5.745528589473757e-32,3.959229820413057e-11
2021-08-04,16258.7998046875,0.007906900379200192,13.210000038146973,4.25,6.280325,2.9317,4.811459022162423,11.0723148356468,11.63934426229507,Bear,5.869638069895598e-15,0.9999999999636202,2.9891050620326893e-32,3.6197167336301446e-11
2021-08-05,16294.599609375,0.002199451962862978,12.869999885559082,4.25,6.280325,2.9317,4.811459022162423,11.0723148356468,11.63934426229507,Bear,1.148163854664299e-14,0.9999999999599822,2.809698309817518e-32,3.976496778287308e-11
2021-08-06,16238.2001953125,-0.0034672374282357825,12.609999656677246,4.25,6.280325,2.9317,4.811459022162423,11.0723148356468,11.63934426229507,Bear,1.7852037053663806e-14,0.9999999999417923,4.337535091185495e-32,5.953412541064884e-11
2021-08-09,16258.25,0.0012339690711517842,12.609999656677246,4.25,6.280325,2.9317,4.811459022162423,11.0723148356468,11.63934426229507,Bear,2.6005557361115815e-14,0.9999999999417923,4.5211562375350006e-32,5.994753662423572e-11
2021-08-10,16280.099609375,0.0013430068163520583,12.710000038146973,4.25,6.280325,2.9317,4.811459022162423,11.0723148356468,11.63934426229507,Bear,2.482567265021336e-14,0.9999999999417923,4.361937964423656e-32,5.993549512857308e-11
2021-08-11,16282.25,0.00013207834532344713,12.710000038146973,4.25,6.280325,2.9317,4.811459022162423,11.0723148356468,11.63934426229507,Bear,2.725284885766954e-14,0.9999999999345164,4.6211151218213054e-32,6.617163225377255e-11
2021-08-12,16364.400390625,0.005032710127087298,12.369999885559082,4.25,6.280325,2.9317,4.811459022162423,11.0723148356468,11.63934426229507,Bear,2.1391821409773442e-14,0.9999999999490683,5.052956050564767e-32,5.154585056565387e-11
2021-08-13,16529.099609375,0.010014172717061967,12.989999771118164,4.25,6.280325,2.9317,4.811459022162423,11.0723148356468,11.63934426229507,Bear,4.178030884313498e-15,0.9999999999745341,3.351417790533389e-32,2.6375820074348642e-11
2021-08-16,16563.05078125,0.0020519176533692787,13.460000038146973,4.25,6.280325,2.9317,4.811459022162423,11.0723148356468,11.63934426229507,Bear,6.99612768288589e-15,0.9999999999708962,2.0790130080919468e-32,2.8567481603348435e-11
2021-08-17,16614.599609375,0.0031074454639570138,13.40999984741211,4.25,6.280325,2.9317,4.811459022162423,11.0723148356468,11.63934426229507,Bear,6.234348839216595e-15,0.9999999999745341,2.022050037833782e-32,2.5740068921654872e-11
2021-08-18,16568.849609375,-0.002757400455017452,12.90999984741211,4.25,6.280325,2.9317,4.811459022162423,11.0723148356468,11.63934426229507,Bear,1.4940443166304188e-14,0.9999999999636202,3.8107967098250164e-32,3.787640972448676e-11
2021-08-23,16496.44921875,0.002789286998064274,13.6899995803833,4.25,6.280325,2.9317,4.811459022162423,11.0723148356468,11.63934426229507,Bear,1.4892183144915832e-14,0.9999999999490683,4.547868342868865e-32,5.2472505246224506e-11
2021-08-24,16624.599609375,0.007738343720985011,13.1899995803833,4.25,6.280325,2.9317,4.811459022162423,11.0723148356468,11.63934426229507,Bear,7.620636558764248e-15,0.9999999999672582,4.0932920685436726e-32,3.1424649209285266e-11
2021-08-25,16634.650390625,0.0006043901504665573,13.5,4.25,6.280325,2.9317,4.811459022162423,11.0723148356468,11.63934426229507,Bear,1.0796087941314379e-14,0.9999999999636202,3.339629491322488e-32,3.6169965077798516e-11
2021-08-26,16636.900390625,0.00013525068417903375,13.539999961853027,4.25,6.280325,2.9317,4.811459022162423,11.0723148356468,11.63934426229507,Bear,1.082211616067598e-14,0.9999999999599822,3.920298135970307e-32,3.9393204843684824e-11
2021-08-27,16705.19921875,0.004096857993577663,13.40999984741211,4.25,6.280325,2.9317,4.811459022162423,11.0723148356468,11.63934426229507,Bear,8.35139868311242e-15,0.9999999999672582,4.1458636668092966e-32,3.264925668440777e-11
2021-08-30,16931.05078125,0.013429259014094868,13.319999694824219,4.25,6.280325,2.9317,4.811459022162423,11.0723148356468,11.63934426229507,Bear,1.002671567547196e-15,0.9999999999890861,3.8640370019224684e-32,1.2217420914944189e-11
2021-08-31,17132.19921875,0.011810427696351353,14.520000457763672,4.25,6.280325,2.9317,4.811459022162423,11.0723148356468,11.63934426229507,Bear,2.124536702924306e-16,0.999999999992724,1.4734165338093055e-32,5.4662245093540264e-12
2021-09-01,17076.25,-0.0032710789243950112,14.1899995803833,4.25,6.1883,2.8826,4.403006811514798,4.41904877327806,11.79820992676972,Bear,9.57019726247319e-14,0.9999999995488906,1.3302622075253267e-36,4.5175288984374477e-10
2021-09-02,17234.150390625,0.009204293951085803,14.239999771118164,4.25,6.1883,2.8826,4.403006811514798,4.41904877327806,11.79820992676972,Bear,2.226229705649954e-14,0.9999999997889972,1.329365426835847e-36,2.123149365982674e-10
2021-09-03,17323.599609375,0.005176808010644206,14.539999961853027,4.25,6.1883,2.8826,4.403006811514798,4.41904877327806,11.79820992676972,Bear,1.9221218938689864e-14,0.999999999829015,9.182573688833508e-37,1.7160689725290605e-10
2021-09-06,17377.80078125,0.003123863322045117,15.109999656677246,4.25,6.1883,2.8826,4.403006811514798,4.41904877327806,11.79820992676972,Bear,9.980572889325319e-15,0.9999999998544808,7.248231341385995e-37,1.4645455631032553e-10
2021-09-07,17362.099609375,-0.0009039273439216094,14.899999618530273,4.25,6.1883,2.8826,4.403006811514798,4.41904877327806,11.79820992676972,Bear,1.77159541406333e-14,0.9999999998035491,9.234508630687704e-37,1.9516017651340547e-10
2021-09-08,17353.5,-0.0004954320044973781,14.40999984741211,4.25,6.1883,2.8826,4.403006811514798,4.41904877327806,11.79820992676972,Bear,4.0519290597502834e-14,0.9999999997453415,1.129487207865419e-36,2.53967436889808e-10
2021-09-09,17369.25,0.0009071862729865194,13.9399995803833,4.25,6.1883,2.8826,4.403006811514798,4.41904877327806,11.79820992676972,Bear,6.843593734698105e-14,0.9999999997162377,1.3056368743344198e-36,2.8526751113561983e-10
2021-09-14,17380.0,0.0014221395731308123,13.579999923706055,4.25,6.1883,2.8826,4.403006811514798,4.41904877327806,11.79820992676972,Bear,9.995470966814649e-14,0.9999999996762199,1.5526890013474682e-36,3.2267099531483675e-10
2021-09-15,17519.44921875,0.007991527890878581,13.729999542236328,4.25,6.1883,2.8826,4.403006811514798,4.41904877327806,11.79820992676972,Bear,3.0019951794905773e-14,0.9999999998181011,1.3469437648234573e-36,1.8147806981589941e-10
2021-09-16,17629.5,0.006261987530756848,14.40999984741211,4.25,6.1883,2.8826,4.403006811514798,4.41904877327806,11.79820992676972,Bear,1.190766969100744e-14,0.9999999998763087,9.179919055441759e-37,1.2208698916481628e-10
2021-09-17,17585.150390625,-0.002518817158814708,15.229999542236328,4.25,6.1883,2.8826,4.403006811514798,4.41904877327806,11.79820992676972,Bear,1.0560835761559628e-14,0.999999999829015,8.226882560310843e-37,1.7092683263299674e-10
2021-09-20,17396.900390625,-0.01076276621795277,17.489999771118164,4.25,6.1883,2.8826,4.403006811514798,4.41904877327806,11.79820992676972,Bear,3.19989749985926e-16,0.9999999997162377,1.4551233776870341e-36,2.8524506883811743e-10
2021-09-21,17562.0,0.009445425055689747,16.520000457763672,4.25,6.1883,2.8826,4.403006811514798,4.41904877327806,11.79820992676972,Bear,1.2414080595751362e-15,0.999999999832653,7.214484651936663e-37,1.6916157806911358e-10
2021-09-22,17546.650390625,-0.0008744061752431491,16.489999771118164,4.25,6.1883,2.8826,4.403006811514798,4.41904877327806,11.79820992676972,Bear,3.4666921403312225e-15,0.9999999997598934,6.1613863744186846e-37,2.411232991054661e-10
2021-09-23,17822.94921875,0.01562383807742847,16.600000381469727,4.25,6.1883,2.8826,4.403006811514798,4.41904877327806,11.79820992676972,Bear,5.4117163640247777e-17,0.9999999999490683,5.986128973810337e-37,5.2460447891473786e-11
2021-09-24,17853.19921875,0.0016958112674268218,16.920000076293945,4.25,6.1883,2.8826,4.403006811514798,4.41904877327806,11.79820992676972,Bear,2.6049949147036103e-16,0.9999999999308784,2.584974855604406e-37,6.806336439670034e-11
2021-09-27,17855.099609375,0.00010643971788971012,18.049999237060547,4.25,6.1883,2.8826,4.403006811514798,4.41904877327806,11.79820992676972,Bear,3.135115749658765e-17,0.9999999999417923,2.575422261839767e-37,5.742659640850476e-11
2021-09-28,17748.599609375,-0.005982542262753364,18.540000915527344,4.25,6.1883,2.8826,4.403006811514798,4.41904877327806,11.79820992676972,Bear,1.3839692702529186e-17,0.9999999999054126,4.3698246686104235e-37,9.520733798041919e-11
2021-09-29,17711.30078125,-0.002103719495544819,18.84000015258789,4.25,6.1883,2.8826,4.403006811514798,4.41904877327806,11.79820992676972,Bear,1.8150037697394694e-17,0.9999999998799467,5.042051139899965e-37,1.2044366769008662e-10
2021-09-30,17618.150390625,-0.005273255224157625,18.399999618530273,4.25,6.1883,2.8826,4.403006811514798,4.41904877327806,11.79820992676972,Bear,9.053738485262735e-17,0.9999999997562554,8.768989212088584e-37,2.438204212417537e-10
2021-10-01,17532.05078125,-0.004898963801205104,17.209999084472656,4.25,6.35978,2.89362,4.518826100198758,3.88720486665219,13.834951456310684,Bear,1.919523176472491e-17,0.9999999998690328,3.662925899813872e-42,1.3198253049423627e-10
2021-10-04,17691.25,0.009039488024266832,16.739999771118164,4.25,6.35978,2.89362,4.518826100198758,3.88720486665219,13.834951456310684,Bear,1.5701859900923276e-17,0.9999999999308784,2.563232294692391e-42,6.776183556943204e-11
2021-10-05,17822.30078125,0.007380358946066971,16.399999618530273,4.25,6.35978,2.89362,4.518826100198758,3.88720486665219,13.834951456310684,Bear,1.7112737816500393e-17,0.9999999999563443,1.6139513080741372e-42,4.518844550205576e-11
2021-10-06,17646.0,-0.009941397212065623,17.329999923706055,4.25,6.35978,2.89362,4.518826100198758,3.88720486665219,13.834951456310684,Bear,4.1462916668957984e-18,0.9999999999054126,3.46298197022011e-42,9.607861505799131e-11
2021-10-07,17790.349609375,0.00814702470131476,16.15999984741211,4.25,6.35978,2.89362,4.518826100198758,3.88720486665219,13.834951456310684,Bear,2.1960490057322508e-17,0.9999999999308784,1.8768474085047308e-42,6.766468326364832e-11
2021-10-08,17895.19921875,0.005876323303578524,15.649999618530273,4.25,6.35978,2.89362,4.518826100198758,3.88720486665219,13.834951456310684,Bear,3.56859873295522e-17,0.9999999999454303,1.4259341739894048e-42,5.4467722428416185e-11
2021-10-11,17945.94921875,0.0028319423974920437,16.09000015258789,4.25,6.35978,2.89362,4.518826100198758,3.88720486665219,13.834951456310684,Bear,2.0311360445992487e-17,0.9999999999527063,1.1623152169943156e-42,4.740319764552785e-11
2021-10-12,17991.94921875,0.002559973015762186,15.850000381469727,4.25,6.35978,2.89362,4.518826100198758,3.88720486665219,13.834951456310684,Bear,2.6940852188578022e-17,0.9999999999527063,1.1570173677534636e-42,4.623930700255127e-11
2021-10-13,18161.75,0.00939334195098345,16.100000381469727,4.25,6.35978,2.89362,4.518826100198758,3.88720486665219,13.834951456310684,Bear,3.819819661037835e-18,0.9999999999781721,1.036124817844232e-42,2.108631446597231e-11
2021-10-14,18338.55078125,0.009687709975996201,15.770000457763672,4.25,6.35978,2.89362,4.518826100198758,3.88720486665219,13.834951456310684,Bear,2.080312355414656e-18,0.9999999999890861,7.820920865589199e-43,1.1490620806431208e-11
2021-10-19,18418.75,-0.0031602962146704853,17.3799991607666,4.25,6.35978,2.89362,4.518826100198758,3.88720486665219,13.834951456310684,Bear,1.7532618522649937e-19,0.999999999992724,4.56735924308817e-43,7.285085788892192e-12
2021-10-20,18266.599609375,-0.008294933244362599,18.309999465942383,4.25,6.35978,2.89362,4.518826100198758,3.88720486665219,13.834951456310684,Bear,6.316648789043902e-20,0.9999999999854481,1.0682460208640188e-42,1.3603598069453365e-11
2021-10-21,18178.099609375,-0.004856682911584848,18.040000915527344,4.25,6.35978,2.89362,4.518826100198758,3.88720486665219,13.834951456310684,Bear,3.9323497685504205e-19,0.9999999999745341,1.2896163512438363e-42,2.6982862233240597e-11
2021-10-22,18114.900390625,-0.0034827257394313984,17.549999237060547,4.25,6.35978,2.89362,4.518826100198758,3.88720486665219,13.834951456310684,Bear,1.8930713595637546e-18,0.9999999999527063,1.6323714889399713e-42,4.760758714377101e-11
2021-10-25,18125.400390625,0.0005794654054989729,17.610000610351562,4.25,6.35978,2.89362,4.518826100198758,3.88720486665219,13.834951456310684,Bear,4.237571349643523e-18,0.9999999999490683,1.881407860059917e-42,5.01642780932087e-11
2021-10-26,18268.400390625,0.00785852166355233,16.75,4.25,6.35978,2.89362,4.518826100198758,3.88720486665219,13.834951456310684,Bear,5.982538299794406e-18,0.9999999999672582,1.4617377427107066e-42,3.118411988729909e-11
2021-10-27,18210.94921875,-0.0031497940609639214,16.829999923706055,4.25,6.35978,2.89362,4.518826100198758,3.88720486665219,13.834951456310684,Bear,1.1995209289100958e-17,0.9999999999490683,1.6489570162111164e-42,5.049851820008338e-11
2021-10-28,17857.25,-0.019613430387588483,17.90999984741211,4.25,6.35978,2.89362,4.518826100198758,3.88720486665219,13.834951456310684,Bear,3.761249498549534e-20,0.9999999998544808,2.1596202966935283e-41,1.46124653288668e-10
2021-10-29,17671.650390625,-0.010447905544470225,17.43000030517578,4.25,6.35978,2.89362,4.518826100198758,3.88720486665219,13.834951456310684,Bear,1.081925603446326e-18,0.999999999483407,1.5102094550447547e-41,5.182997692317576e-10
2021-11-01,17929.650390625,0.014494106171593095,17.239999771118164,4.25,6.354375,2.794375,4.837359293268029,-0.044185002545871,14.868105515587526,Bear,5.0402327849844174e-21,0.9999999999599822,8.298002642515024e-43,4.1059345554783305e-11
2021-11-02,17888.94921875,-0.002272628736845954,17.059999465942383,4.25,6.354375,2.794375,4.837359293268029,-0.044185002545871,14.868105515587526,Bear,5.772424387883711e-20,0.9999999999236024,5.4211960560943526e-43,7.69576425897801e-11
2021-11-03,17829.19921875,-0.003345641269055336,16.1299991607666,4.25,6.354375,2.794375,4.837359293268029,-0.044185002545871,14.868105515587526,Bear,4.776357849472971e-19,0.9999999998653948,8.383289661311086e-43,1.3599083771660044e-10
2021-11-04,17916.80078125,0.0049013449265533065,15.75,4.25,6.354375,2.794375,4.837359293268029,-0.044185002545871,14.868105515587526,Bear,8.998297400534802e-19,0.9999999998944986,6.681274991489805e-43,1.039920912494149e-10
2021-11-09,18044.25,-0.0013458266538282125,16.0,4.25,6.354375,2.794375,4.837359293268029,-0.044185002545871,14.868105515587526,Bear,9.636522645858984e-19,0.9999999999345164,4.188621283319133e-43,6.633298518007974e-11
2021-11-10,18017.19921875,-0.0015002606334366785,16.309999465942383,4.25,6.354375,2.794375,4.837359293268029,-0.044185002545871,14.868105515587526,Bear,9.624765410911744e-19,0.9999999999236024,4.760845439592081e-43,7.692456456193352e-11
2021-11-11,17873.599609375,-0.00800207185820445,16.350000381469727,4.25,6.354375,2.794375,4.837359293268029,-0.044185002545871,14.868105515587526,Bear,6.628860709116223e-19,0.9999999998544808,1.114313492707212e-42,1.4584334319079475e-10
2021-11-12,18102.75,0.012739118453093435,15.220000267028809,4.25,6.354375,2.794375,4.837359293268029,-0.044185002545871,14.868105515587526,Bear,4.0158814687493795e-19,0.9999999999417923,7.22956904174663e-43,5.766124988600409e-11
2021-11-15,18109.44921875,0.00036999789965571825,15.470000267028809,4.25,6.354375,2.794375,4.837359293268029,-0.044185002545871,14.868105515587526,Bear,1.3140027623030684e-18,0.9999999999272404,4.178185043147029e-43,7.394847228400178e-11
2021-11-16,17999.19921875,-0.006106589273008452,15.199999809265137,4.25,6.354375,2.794375,4.837359293268029,-0.044185002545871,14.868105515587526,Bear,2.999460289163109e-18,0.9999999998653948,8.52643320538999e-43,1.3536387659852556e-10
2021-11-17,17898.650390625,-0.005601956226916921,14.979999542236328,4.25,6.354375,2.794375,4.837359293268029,-0.044185002545871,14.868105515587526,Bear,9.827477259788741e-18,0.9999999997635314,1.3832246206950921e-42,2.34854966850121e-10
2021-11-18,17764.80078125,-0.007506297537132803,14.859999656677246,4.25,6.354375,2.794375,4.837359293268029,-0.044185002545871,14.868105515587526,Bear,8.873232420586912e-18,0.9999999995779945,2.7092796254483672e-42,4.235066931733038e-10
2021-11-23,17503.349609375,0.004971320417088634,18.020000457763672,4.25,6.354375,2.794375,4.837359293268029,-0.044185002545871,14.868105515587526,Bear,4.224053104956082e-20,0.9999999994361133,4.1698614039866344e-42,5.652502374833902e-10
2021-11-24,17415.05078125,-0.005057449101021469,17.100000381469727,4.25,6.354375,2.794375,4.837359293268029,-0.044185002545871,14.868105515587526,Bear,1.9700469353681274e-19,0.9999999989086064,7.072255276756448e-42,1.0898690616363417e-09
2021-11-25,17536.25,0.006935347288237329,16.65999984741211,4.25,6.354375,2.794375,4.837359293268029,-0.044185002545871,14.868105515587526,Bear,4.2181349408260966e-19,0.9999999992505764,4.4950612004702916e-42,7.48410631134465e-10
2021-11-26,17026.44921875,-0.029502195657113865,20.799999237060547,4.25,6.354375,2.794375,4.837359293268029,-0.044185002545871,14.868105515587526,Bear,2.8959158546508503e-30,0.9999999995889084,1.3337456550237587e-39,4.1208413510473027e-10
2021-11-29,17053.94921875,0.0016138312478338214,20.829999923706055,4.25,6.354375,2.794375,4.837359293268029,-0.044185002545871,14.868105515587526,Bear,2.5696629952723686e-26,0.9999999991014192,3.4737557377982965e-41,8.990065151041419e-10
2021-11-30,16983.19921875,-0.0041572285072535705,21.170000076293945,4.25,6.354375,2.794375,4.837359293268029,-0.044185002545871,14.868105515587526,Bear,4.073548890544759e-27,0.9999999989995558,5.801841432575829e-41,9.991942157045015e-10
2021-12-01,17166.900390625,0.010758559762450211,19.450000762939453,4.25,6.44032,2.85878,5.5555428221295555,0.329167854821999,14.274322169059017,Bear,1.0212162229425268e-24,0.9999999992578523,1.1321831309197327e-39,7.434152348201638e-10
2021-12-02,17401.650390625,0.013581917861660867,18.09000015258789,4.25,6.44032,2.85878,5.5555428221295555,0.329167854821999,14.274322169059017,Bear,2.437715359689365e-23,0.9999999995052349,5.265887276600121e-40,4.955169140986669e-10
2021-12-03,17196.69921875,-0.011847592241934006,18.450000762939453,4.25,6.44032,2.85878,5.5555428221295555,0.329167854821999,14.274322169059017,Bear,1.0436049490770843e-23,0.9999999989049684,1.3193136790275533e-39,1.0966321246420808e-09
2021-12-06,16912.25,-0.016679248094838027,20.079999923706055,4.25,6.44032,2.85878,5.5555428221295555,0.329167854821999,14.274322169059017,Bear,8.567000376299787e-28,0.999999998795829,9.724944291418279e-39,1.2039760498608355e-09
2021-12-07,17176.69921875,0.015515557382479443,18.459999084472656,4.25,6.44032,2.85878,5.5555428221295555,0.329167854821999,14.274322169059017,Bear,8.634015888777511e-26,0.9999999991887307,2.00200004167973e-39,8.104716111145577e-10
2021-12-08,17469.75,0.016917044993306308,17.270000457763672,4.25,6.44032,2.85878,5.5555428221295555,0.329167854821999,14.274322169059017,Bear,3.198479078104713e-25,0.9999999996034603,8.201088993796676e-40,3.954559605540374e-10
2021-12-09,17516.849609375,0.002692438725331353,16.600000381469727,4.25,6.44032,2.85878,5.5555428221295555,0.329167854821999,14.274322169059017,Bear,1.4621219760011788e-23,0.9999999993888196,2.927724235998116e-40,6.112126179870687e-10
2021-12-10,17511.30078125,-0.00031682107730694167,16.059999465942383,4.25,6.44032,2.85878,5.5555428221295555,0.329167854821999,14.274322169059017,Bear,3.7724909190409315e-23,0.9999999992505764,3.331188741405762e-40,7.490110850286501e-10
2021-12-13,17368.25,-0.0082026046847206,16.56999969482422,4.25,6.44032,2.85878,5.5555428221295555,0.329167854821999,14.274322169059017,Bear,4.451051296348336e-24,0.9999999989413482,7.891146592734796e-40,1.0598094827080897e-09
2021-12-14,17324.900390625,-0.0024990311601760175,16.950000762939453,4.25,6.44032,2.85878,5.5555428221295555,0.329167854821999,14.274322169059017,Bear,1.5175609604197843e-23,0.9999999987267074,6.57637150876887e-40,1.2750987689377733e-09
2021-12-15,17221.400390625,-0.005991976410169169,17.219999313354492,4.25,6.44032,2.85878,5.5555428221295555,0.329167854821999,14.274322169059017,Bear,3.1182716503856192e-24,0.9999999983665475,1.1845250479389982e-39,1.6333470192441587e-09
2021-12-16,17248.400390625,0.0015665890089298405,15.899999618530273,4.25,6.44032,2.85878,5.5555428221295555,0.329167854821999,14.274322169059017,Bear,5.944594721980693e-23,0.9999999978899723,1.0531745949243718e-39,2.1108707924252044e-09
2021-12-17,16985.19921875,-0.015377077556357827,16.34000015258789,4.25,6.44032,2.85878,5.5555428221295555,0.329167854821999,14.274322169059017,Bear,8.95428952037558e-26,0.9999999967694748,9.542050711024561e-39,3.230692890114501e-09
2021-12-20,16614.19921875,-0.022084626281366433,18.969999313354492,4.25,6.44032,2.85878,5.5555428221295555,0.329167854821999,14.274322169059017,Bear,2.2570244579950037e-32,0.9999999973442755,1.6111618474675179e-37,2.6545938004750664e-09
2021-12-21,16770.849609375,0.009384532645495392,17.540000915527344,4.25,6.44032,2.85878,5.5555428221295555,0.329167854821999,14.274322169059017,Bear,9.279069243647976e-29,0.9999999962965376,1.3984775098018858e-38,3.7049734988678215e-09
2021-12-22,16955.44921875,0.010947032985081793,16.579999923706055,4.25,6.44032,2.85878,5.5555428221295555,0.329167854821999,14.274322169059017,Bear,7.210460777811663e-28,0.9999999973188096,8.016584154152242e-39,2.682058183281451e-09
2021-12-23,17072.599609375,0.006885546336514033,15.829999923706055,4.25,6.44032,2.85878,5.5555428221295555,0.329167854821999,14.274322169059017,Bear,1.284734190829682e-26,0.9999999974133971,4.224709958138845e-39,2.5850359935035095e-09
2021-12-24,17003.75,-0.0040409083631890875,16.149999618530273,4.25,6.44032,2.85878,5.5555428221295555,0.329167854821999,14.274322169059017,Bear,6.856988988215637e-24,0.9999999954707164,3.5848570852474476e-39,4.529416668578478e-09
2021-12-27,17086.25,0.004840138519222991,17.1200008392334,4.25,6.44032,2.85878,5.5555428221295555,0.329167854821999,14.274322169059017,Bear,2.0966718253219813e-24,0.9999999972387741,2.1705362059408097e-39,2.7614087310010753e-09
2021-12-28,17233.25,0.008566610759914585,16.479999542236328,4.25,6.44032,2.85878,5.5555428221295555,0.329167854821999,14.274322169059017,Bear,8.718747326171678e-24,0.9999999980136636,1.495657356255031e-39,1.9865809391635947e-09
2021-12-29,17213.599609375,-0.00114091088034896,16.239999771118164,4.25,6.44032,2.85878,5.5555428221295555,0.329167854821999,14.274322169059017,Bear,4.8550214318967284e-23,0.9999999973260856,1.356705848028049e-39,2.67403573382031e-09
2021-12-30,17203.94921875,-0.0005607831589689821,16.56999969482422,4.25,6.44032,2.85878,5.5555428221295555,0.329167854821999,14.274322169059017,Bear,1.2030209538392831e-22,0.9999999972096703,1.2958199760813026e-39,2.7904766619852683e-09
2021-12-31,17354.05078125,0.008686990360265219,16.219999313354492,4.25,6.44032,2.85878,5.5555428221295555,0.329167854821999,14.274322169059017,Bear,4.8038742792068125e-22,0.9999999981882866,9.028742729198378e-40,1.810163185881655e-09
2022-01-03,17625.69921875,0.015532066331647875,16.450000762939453,4.25,6.643025,3.013,5.837607887704643,1.76903018454966,13.675889328063251,Bear,7.404725031632553e-22,0.9999999987485353,1.6217641528359146e-40,1.2527713596951373e-09
2022-01-04,17805.25,0.01013533773365083,16.1200008392334,4.25,6.643025,3.013,5.837607887704643,1.76903018454966,13.675889328063251,Bear,1.5114925806888943e-20,0.9999999990322976,5.358122658169193e-41,9.675040206360063e-10
2022-01-05,17925.25,0.006716975758933995,17.229999542236328,4.25,6.643025,3.013,5.837607887704643,1.76903018454966,13.675889328063251,Bear,1.6470565147600347e-20,0.9999999994033715,2.5553767881563284e-41,5.951790266429292e-10
2022-01-06,17745.900390625,-0.01005580805311726,17.979999542236328,4.25,6.643025,3.013,5.837607887704643,1.76903018454966,13.675889328063251,Bear,7.07356327175582e-22,0.9999999990977813,6.947413277456041e-41,9.026576017388863e-10
2022-01-07,17812.69921875,0.0037571168401497185,17.600000381469727,4.25,6.643025,3.013,5.837607887704643,1.76903018454966,13.675889328063251,Bear,4.197302808578883e-21,0.999999999134161,3.665758542966633e-41,8.659725703880416e-10
2022-01-10,18003.30078125,0.010643475643964555,17.68000030517578,4.25,6.643025,3.013,5.837607887704643,1.76903018454966,13.675889328063251,Bear,1.6335286851454713e-21,0.9999999995961844,2.621402046661097e-41,4.03211528801326e-10
2022-01-11,18055.75,0.0029090757855369247,17.760000228881836,4.25,6.643025,3.013,5.837607887704643,1.76903018454966,13.675889328063251,Bear,3.826805848210958e-21,0.9999999995998223,1.59634780998628e-41,4.018353937777443e-10
2022-01-12,18212.349609375,0.008635720331115329,17.18000030517578,4.25,6.643025,3.013,5.837607887704643,1.76903018454966,13.675889328063251,Bear,6.709727504486858e-21,0.9999999997417035,1.2384823716442096e-41,2.5867518760657653e-10
2022-01-13,18257.80078125,0.002492514833041471,16.700000762939453,4.25,6.643025,3.013,5.837607887704643,1.76903018454966,13.675889328063251,Bear,2.71678110426384e-20,0.9999999997089617,9.380081107736203e-42,2.8993417533857856e-10
2022-01-14,18255.75,-0.00011232987251458901,16.559999465942383,4.25,6.643025,3.013,5.837607887704643,1.76903018454966,13.675889328063251,Bear,3.275725242006057e-19,0.9999999996434781,1.0266259071703493e-41,3.5570911002868897e-10
2022-01-17,18308.099609375,0.0028634646353713476,16.770000457763672,4.25,6.643025,3.013,5.837607887704643,1.76903018454966,13.675889328063251,Bear,3.588535892797778e-18,0.9999999996798579,1.3921460186071646e-41,3.1857877379194337e-10
2022-01-18,18113.05078125,-0.010710847446216868,17.780000686645508,4.25,6.643025,3.013,5.837607887704643,1.76903018454966,13.675889328063251,Bear,1.5779976389219613e-19,0.9999999995234248,3.424804258917995e-41,4.749669360482914e-10
2022-01-19,17938.400390625,-0.009689027834056424,17.81999969482422,4.25,6.643025,3.013,5.837607887704643,1.76903018454966,13.675889328063251,Bear,1.2951271405484657e-19,0.9999999991232471,5.459921567766001e-41,8.774706227748376e-10
2022-01-20,17757.0,-0.010163883876396832,17.790000915527344,4.25,6.643025,3.013,5.837607887704643,1.76903018454966,13.675889328063251,Bear,5.3911417390309274e-20,0.9999999984320311,1.0486359417128183e-40,1.5666907838488872e-09
2022-01-21,17617.150390625,-0.00790692279190989,18.889999389648438,4.25,6.643025,3.013,5.837607887704643,1.76903018454966,13.675889328063251,Bear,3.0678528252989207e-21,0.9999999982246663,1.5012580504378849e-40,1.7740912025011264e-09
2022-01-24,17149.099609375,-0.02692721026213864,22.829999923706055,4.25,6.643025,3.013,5.837607887704643,1.76903018454966,13.675889328063251,Bear,1.0148737795242689e-32,0.9999999995052349,2.778889171008854e-38,4.955588506092336e-10
2022-01-25,17277.94921875,0.0074854055398087425,21.360000610351562,4.25,6.643025,3.013,5.837607887704643,1.76903018454966,13.675889328063251,Bear,3.586773926737399e-27,0.9999999986612238,6.752070942525839e-40,1.3388579118352603e-09
2022-01-28,17101.94921875,-0.0004794310858279706,20.700000762939453,4.25,6.643025,3.013,5.837607887704643,1.76903018454966,13.675889328063251,Bear,1.1297954059741121e-26,0.9999999969259079,1.1130060362382068e-39,3.0726532026455353e-09
2022-01-31,17339.849609375,0.01381485185545943,21.950000762939453,4.25,6.643025,3.013,5.837607887704643,1.76903018454966,13.675889328063251,Bear,5.708190534086257e-29,0.9999999992869562,1.0326703819026662e-39,7.127448681060476e-10
2022-02-01,17576.849609375,0.013575374822651254,19.979999542236328,4.25,6.750475,2.96425,5.042048853857928,0.437764275851782,13.427010148321639,Bear,3.002849262882428e-25,0.9999999993378879,1.7946891797212544e-35,6.630906110590727e-10
2022-02-02,17780.0,0.01149155699474709,18.649999618530273,4.25,6.750475,2.96425,5.042048853857928,0.437764275851782,13.427010148321639,Bear,6.836215528947231e-23,0.999999999312422,6.397717981800606e-36,6.889360315437193e-10
2022-02-03,17560.19921875,-0.01243929691182117,19.15999984741211,4.25,6.750475,2.96425,5.042048853857928,0.437764275851782,13.427010148321639,Bear,3.582734839470839e-24,0.9999999988176569,2.0639875762876972e-35,1.1825375102040448e-09
2022-02-04,17516.30078125,-0.002503012582150695,18.899999618530273,4.25,6.750475,2.96425,5.042048853857928,0.437764275851782,13.427010148321639,Bear,3.441123868362987e-23,0.9999999982937879,1.2950163370245202e-35,1.7049369427955776e-09
2022-02-07,17213.599609375,-0.017432174227495423,20.440000534057617,4.25,6.750475,2.96425,5.042048853857928,0.437764275851782,13.427010148321639,Bear,8.422615410140572e-28,0.9999999985084287,1.9275149550879987e-34,1.4906059007902342e-09
2022-02-08,17266.75,0.003082940476216172,19.68000030517578,4.25,6.750475,2.96425,5.042048853857928,0.437764275851782,13.427010148321639,Bear,2.0888372114217728e-25,0.9999999977299012,4.017118324298671e-35,2.269960716192298e-09
2022-02-09,17463.80078125,0.0113475249468573,18.559999465942383,4.25,6.750475,2.96425,5.042048853857928,0.437764275851782,13.427010148321639,Bear,4.1224927053740926e-24,0.9999999982355803,2.5856905758162515e-35,1.7645661818646322e-09
2022-02-10,17605.849609375,0.00810099920504003,17.709999084472656,4.25,6.750475,2.96425,5.042048853857928,0.437764275851782,13.427010148321639,Bear,5.660835630078754e-23,0.999999998279236,1.2759821689075663e-35,1.720637249646949e-09
2022-02-11,17374.75,-0.013213208134273142,18.68000030517578,4.25,6.750475,2.96425,5.042048853857928,0.437764275851782,13.427010148321639,Bear,3.844119102575782e-25,0.9999999977371772,5.834306005267831e-35,2.2610226528188245e-09
2022-02-14,16842.80078125,-0.031094690696753635,22.979999542236328,4.25,6.750475,2.96425,5.042048853857928,0.437764275851782,13.427010148321639,Bear,2.2445587924361232e-39,0.9999999996216502,4.304176548451973e-32,3.7919290498227686e-10
2022-02-15,17352.44921875,0.02981034961442144,20.610000610351562,4.25,6.750475,2.96425,5.042048853857928,0.437764275851782,13.427010148321639,Bear,1.0868703982553295e-37,0.9999999998035491,2.7941088808924305e-33,1.9545142084617816e-10
2022-02-16,17322.19921875,-0.001744791023833279,20.59000015258789,4.25,6.750475,2.96425,5.042048853857928,0.437764275851782,13.427010148321639,Bear,3.415183653907196e-34,0.99999999931606,1.3920197413730965e-34,6.824013377030731e-10
2022-02-17,17304.599609375,-0.001016531212017758,22.010000228881836,4.25,6.750475,2.96425,5.042048853857928,0.437764275851782,13.427010148321639,Bear,5.9593374306438696e-36,0.9999999995998223,1.90988460676004e-34,3.9898580350273714e-10
2022-02-18,17276.30078125,-0.0016366742405402451,22.170000076293945,4.25,6.750475,2.96425,5.042048853857928,0.437764275851782,13.427010148321639,Bear,5.00311488872472e-36,0.9999999995852704,2.206145749488039e-34,4.1488246226579226e-10
2022-02-21,17206.650390625,-0.004039705592356217,22.899999618530273,4.25,6.750475,2.96425,5.042048853857928,0.437764275851782,13.427010148321639,Bear,3.2986511182655106e-37,0.9999999996471161,3.7943909320083334e-34,3.5190587110871617e-10
2022-02-22,17092.19921875,-0.00667378632095619,26.65999984741211,4.25,6.750475,2.96425,5.042048853857928,0.437764275851782,13.427010148321639,Bear,6.007602560006647e-45,0.9999999999527063,3.8091006370325465e-33,4.670309993427278e-11
2022-02-23,17063.25,-0.0016951453630000418,24.540000915527344,4.25,6.750475,2.96425,5.042048853857928,0.437764275851782,13.427010148321639,Bear,1.2102513405428694e-37,0.9999999997235136,7.508714175893164e-34,2.74786826070808e-10
2022-02-24,16247.9501953125,-0.04896026903082192,31.979999542236328,4.25,6.750475,2.96425,5.042048853857928,0.437764275851782,13.427010148321639,Bear,4.150432271561163e-80,1.0,5.074593469901312e-25,1.0578996498271357e-13
2022-02-25,16658.400390625,0.024947858168202962,26.739999771118164,4.25,6.750475,2.96425,5.042048853857928,0.437764275851782,13.427010148321639,Bear,8.166215070462624e-60,0.9999999999854481,1.7308530228734962e-30,1.3994168949891408e-11
2022-02-28,16793.900390625,0.008101131335537446,28.56999969482422,4.25,6.750475,2.96425,5.042048853857928,0.437764275851782,13.427010148321639,Bear,1.9590627890296837e-60,0.999999999992724,3.6108720262112945e-31,6.453070283583907e-12
2022-03-03,16498.05078125,-0.006518778370608893,28.15999984741211,4.25,6.819825,3.040075,5.351197726349977,1.74789523610563,14.626635873749038,Bear,1.5538589514871624e-61,0.9999999999890861,2.148035372673722e-35,1.0239769902270108e-11
2022-03-04,16245.349609375,-0.015435549523985674,27.959999084472656,4.25,6.819825,3.040075,5.351197726349977,1.74789523610563,14.626635873749038,Bear,1.9912154393709915e-63,0.9999999999854481,1.411745729345058e-34,1.4411474550545227e-11
2022-03-07,15863.150390625,-0.023807855961420165,29.329999923706055,4.25,6.819825,3.040075,5.351197726349977,1.74789523610563,14.626635873749038,Bear,5.1029104036430447e-73,0.999999999996362,1.494629179460813e-32,4.44155780470996e-12
2022-03-08,16013.4501953125,0.009430172336242727,28.59000015258789,4.25,6.819825,3.040075,5.351197726349977,1.74789523610563,14.626635873749038,Bear,1.2553275821298318e-68,0.9999999999890861,5.929779542883389e-34,9.1177455414182e-12
2022-03-09,16345.349609375,0.020514423015661167,27.469999313354492,4.25,6.819825,3.040075,5.351197726349977,1.74789523610563,14.626635873749038,Bear,3.378174842128739e-66,0.999999999992724,2.391148596329958e-34,7.8975537264186e-12
2022-03-10,16594.900390625,0.015152013456311012,25.579999923706055,4.25,6.819825,3.040075,5.351197726349977,1.74789523610563,14.626635873749038,Bear,6.808523382760537e-61,0.9999999999781721,1.648339508584671e-35,2.234065077255659e-11
2022-03-11,16630.44921875,0.0021398626113986923,25.350000381469727,4.25,6.819825,3.040075,5.351197726349977,1.74789523610563,14.626635873749038,Bear,1.3351902541662896e-58,0.9999999999636202,4.98052316796579e-36,3.668921130597259e-11
2022-03-14,16871.30078125,0.014378694372337426,25.68000030517578,4.25,6.819825,3.040075,5.351197726349977,1.74789523610563,14.626635873749038,Bear,1.8680865397766795e-59,0.9999999999854481,4.634292634387524e-36,1.4000362580413518e-11
2022-03-15,16663.0,-0.012423307208470636,26.729999542236328,4.25,6.819825,3.040075,5.351197726349977,1.74789523610563,14.626635873749038,Bear,1.1046880343122861e-62,0.9999999999890861,2.149909912281244e-35,1.1878843392341278e-11
2022-03-16,16975.349609375,0.018571576221107083,24.1200008392334,4.25,6.819825,3.040075,5.351197726349977,1.74789523610563,14.626635873749038,Bear,1.631796125589138e-53,0.9999999999636202,1.2323591130890049e-36,3.5959209711811245e-11
2022-03-17,17287.05078125,0.01819544269851146,22.610000610351562,4.25,6.819825,3.040075,5.351197726349977,1.74789523610563,14.626635873749038,Bear,5.465920569346573e-47,0.9999999999381544,1.0631550165094691e-37,6.18018694034364e-11
2022-03-22,17315.5,0.011494902983443505,24.06999969482422,4.25,6.819825,3.040075,5.351197726349977,1.74789523610563,14.626635873749038,Bear,3.793482197218033e-49,0.9999999999672582,8.889631560579417e-38,3.2793164560946853e-11
2022-03-23,17245.650390625,-0.004042093720190609,24.75,4.25,6.819825,3.040075,5.351197726349977,1.74789523610563,14.626635873749038,Bear,2.3101838068609585e-50,0.9999999999672582,1.1913662224205167e-37,3.1072318789261635e-11
2022-03-24,17222.75,-0.0013287761390126268,23.93000030517578,4.25,6.819825,3.040075,5.351197726349977,1.74789523610563,14.626635873749038,Bear,7.2857694301105e-49,0.9999999999454303,8.772673347187817e-38,5.3060470921105584e-11
2022-03-25,17153.0,-0.004058098847076208,23.43000030517578,4.25,6.819825,3.040075,5.351197726349977,1.74789523610563,14.626635873749038,Bear,2.4195078388357386e-48,0.9999999999199645,1.0728595055443202e-37,8.024658562322325e-11
2022-03-28,17222.0,0.004014550846285441,22.610000610351562,4.25,6.819825,3.040075,5.351197726349977,1.74789523610563,14.626635873749038,Bear,1.992784749346925e-46,0.9999999998908606,5.566024117803845e-38,1.0794934628142165e-10
2022-03-29,17325.30078125,0.00598026976240216,21.299999237060547,4.25,6.819825,3.040075,5.351197726349977,1.74789523610563,14.626635873749038,Bear,3.527250472360565e-44,0.9999999998399289,2.8622268211486215e-38,1.6002103891608583e-10
2022-03-30,17498.25,0.009932969892759297,20.610000610351562,4.25,6.819825,3.040075,5.351197726349977,1.74789523610563,14.626635873749038,Bear,4.374967156371384e-31,0.9999999994688551,1.613870991134438e-39,5.29997563890776e-10
2022-03-31,17464.75,-0.001916312115762529,20.559999465942383,4.25,6.819825,3.040075,5.351197726349977,1.74789523610563,14.626635873749038,Bear,3.214970049819796e-29,0.9999999991814548,1.1368447112775409e-39,8.200676604761102e-10
2022-04-01,17670.44921875,0.01170914487476482,18.43000030517578,4.25,7.1058,3.1803000000000003,6.328001366370062,5.35514875697845,15.37878787878788,Bear,6.457886736195156e-28,0.9999999958126864,4.1954430963710874e-54,4.186405217644952e-09
2022-04-04,18053.400390625,0.0214403456403388,17.90999984741211,4.25,7.1058,3.1803000000000003,6.328001366370062,5.35514875697845,15.37878787878788,Bear,6.6694415847272e-29,0.9999999987776391,3.912007410260828e-54,1.2220277992431795e-09
2022-04-05,17957.400390625,-0.005331746328175393,18.489999771118164,4.25,7.1058,3.1803000000000003,6.328001366370062,5.35514875697845,15.37878787878788,Bear,1.1315005961794489e-26,0.9999999971987563,1.1137057807656425e-54,2.8005586977799954e-09
2022-04-06,17807.650390625,-0.008374145812508964,19.020000457763672,4.25,7.1058,3.1803000000000003,6.328001366370062,5.35514875697845,15.37878787878788,Bear,3.442294965930111e-25,0.999999995703547,1.857972241046479e-54,4.295980324314943e-09
2022-04-07,17639.55078125,-0.009484577848941177,19.0,4.25,7.1058,3.1803000000000003,6.328001366370062,5.35514875697845,15.37878787878788,Bear,2.6047839647155427e-26,0.999999994171958,3.9991657915855815e-54,5.828879903940393e-09
2022-04-08,17784.349609375,0.008175250776633796,17.690000534057617,4.25,7.1058,3.1803000000000003,6.328001366370062,5.35514875697845,15.37878787878788,Bear,8.518091820499178e-24,0.9999999934188963,1.8189928966821462e-54,6.580880900973879e-09
2022-04-11,17674.94921875,-0.006170496392137639,18.270000457763672,4.25,7.1058,3.1803000000000003,6.328001366370062,5.35514875697845,15.37878787878788,Bear,1.9126259725433346e-24,0.9999999920109985,2.71439031590517e-54,7.988706652831904e-09
2022-04-12,17530.30078125,-0.008217481851263662,18.15999984741211,4.25,7.1058,3.1803000000000003,6.328001366370062,5.35514875697845,15.37878787878788,Bear,2.9473340831015284e-25,0.9999999894098438,5.557842975777512e-54,1.0588899346863152e-08
2022-04-13,17475.650390625,-0.0031223510971550208,17.790000915527344,4.25,7.1058,3.1803000000000003,6.328001366370062,5.35514875697845,15.37878787878788,Bear,1.7890153906456143e-24,0.9999999856372598,5.309264186019659e-54,1.4361848493012775e-08
2022-04-19,16958.650390625,-0.012598203971631295,19.770000457763672,4.25,7.1058,3.1803000000000003,6.328001366370062,5.35514875697845,15.37878787878788,Bear,2.423222544636939e-29,0.9999999835599739,9.109524683339628e-53,1.6439227179187516e-08
2022-04-20,17136.55078125,0.010435603778864927,18.670000076293945,4.25,7.1058,3.1803000000000003,6.328001366370062,5.35514875697845,15.37878787878788,Bear,2.4931315741706007e-26,0.9999999815336198,2.7056990093699274e-53,1.8465516159479988e-08
2022-04-21,17392.599609375,0.014831150992767859,17.850000381469727,4.25,7.1058,3.1803000000000003,6.328001366370062,5.35514875697845,15.37878787878788,Bear,1.1596935912185184e-24,0.9999999864812709,1.4250627888856801e-53,1.3518587851936228e-08
2022-04-22,17171.94921875,-0.012767612798961313,18.350000381469727,4.25,7.1058,3.1803000000000003,6.328001366370062,5.35514875697845,15.37878787878788,Bear,4.1490954836114375e-26,0.9999999793908503,3.506281649476888e-53,2.060855142219682e-08
2022-04-25,16953.94921875,-0.012776394201003337,21.260000228881836,4.25,7.1058,3.1803000000000003,6.328001366370062,5.35514875697845,15.37878787878788,Bear,3.641400454080743e-31,0.999999990723154,1.2278165310418562e-52,9.277363434634508e-09
2022-04-26,17200.80078125,0.014455140840464372,19.190000534057617,4.25,7.1058,3.1803000000000003,6.328001366370062,5.35514875697845,15.37878787878788,Bear,4.0238115074570905e-28,0.9999999888896128,3.3367838060457905e-53,1.1111694901212447e-08
2022-04-27,17038.400390625,-0.00948629657994312,20.610000610351562,4.25,7.1058,3.1803000000000003,6.328001366370062,5.35514875697845,15.37878787878788,Bear,1.7459919992874696e-30,0.9999999894898793,6.09161679846451e-53,1.0510931433574687e-08
2022-04-28,17245.05078125,0.012055547873445796,19.3799991607666,4.25,7.1058,3.1803000000000003,6.328001366370062,5.35514875697845,15.37878787878788,Bear,1.2866826157562397e-28,0.9999999901810952,2.448736398779073e-53,9.82036512219782e-09
2022-04-29,17102.55078125,-0.008297570200330234,19.420000076293945,4.25,7.1058,3.1803000000000003,6.328001366370062,5.35514875697845,15.37878787878788,Bear,3.2002067608439817e-29,0.9999999854917406,3.9993700568317304e-53,1.4508655474494361e-08
2022-05-02,17069.099609375,-0.0019578324241160947,20.280000686645508,4.65,7.38565,2.6900500000000003,6.965108604276438,20.5662074440862,16.62904439428141,Bear,8.654679682706695e-36,1.0,2.536515744867585e-71,4.85280728163002e-14
2022-05-05,16682.650390625,0.00030280236440618743,20.290000915527344,4.65,7.38565,2.6900500000000003,6.965108604276438,20.5662074440862,16.62904439428141,Bear,6.126754926494366e-38,1.0,1.3808763737252264e-70,8.212893301357378e-14
2022-05-06,16411.25,-0.016402205362178027,21.25,4.65,7.38565,2.6900500000000003,6.965108604276438,20.5662074440862,16.62904439428141,Bear,1.4881709558366635e-42,1.0,1.9303848078987045e-69,5.753466257527364e-14
2022-05-09,16301.849609375,-0.0066885009232451696,22.030000686645508,4.65,7.38565,2.6900500000000003,6.965108604276438,20.5662074440862,16.62904439428141,Bear,8.641012856738547e-42,1.0,1.3889962662488033e-69,6.604443823045377e-14
2022-05-10,16240.0498046875,-0.003798172823006312,22.299999237060547,4.65,7.38565,2.6900500000000003,6.965108604276438,20.5662074440862,16.62904439428141,Bear,1.4207981449966983e-42,1.0,1.7814755748943947e-69,6.233350079562352e-14
2022-05-11,16167.099609375,-0.004502112641840228,22.799999237060547,4.65,7.38565,2.6900500000000003,6.965108604276438,20.5662074440862,16.62904439428141,Bear,6.124825786736928e-44,1.0,3.0773658174732486e-69,5.1628850790601204e-14
2022-05-12,15808.0,-0.022462147872579268,24.270000457763672,4.65,7.38565,2.6900500000000003,6.965108604276438,20.5662074440862,16.62904439428141,Bear,5.825442179969459e-53,1.0,2.6859640980568046e-67,1.6322282335219423e-14
2022-05-13,15782.150390625,-0.0016365617019766783,23.489999771118164,4.65,7.38565,2.6900500000000003,6.965108604276438,20.5662074440862,16.62904439428141,Bear,2.7742756580888655e-49,1.0,2.812719349865695e-68,4.244122717107914e-14
2022-05-16,15842.2998046875,0.003803986233609079,24.530000686645508,4.65,7.38565,2.6900500000000003,6.965108604276438,20.5662074440862,16.62904439428141,Bear,9.459729675743219e-51,1.0,3.082456237279205e-68,2.165702539507001e-14
2022-05-17,16259.2998046875,0.025981475212963467,22.739999771118164,4.65,7.38565,2.6900500000000003,6.965108604276438,20.5662074440862,16.62904439428141,Bear,3.231910273988996e-49,1.0,2.4976577150341354e-68,1.4001976988090924e-14
2022-05-18,16240.2998046875,-0.0011692453072036017,22.299999237060547,4.65,7.38565,2.6900500000000003,6.965108604276438,20.5662074440862,16.62904439428141,Bear,4.790372103193995e-46,1.0,2.3102688277492587e-69,4.2823424565066206e-14
2022-05-19,15809.400390625,-0.026891070897403772,24.559999465942383,4.65,7.38565,2.6900500000000003,6.965108604276438,20.5662074440862,16.62904439428141,Bear,6.327550072958735e-59,1.0,1.2663170894932262e-66,6.7165113646757124e-15
2022-05-20,16266.150390625,0.02848156086057151,23.100000381469727,4.65,7.38565,2.6900500000000003,6.965108604276438,20.5662074440862,16.62904439428141,Bear,1.5170168003479858e-55,1.0,1.0544091121867556e-67,5.479762340904496e-15
2022-05-23,16214.7001953125,-0.0031680351601504043,23.399999618530273,4.65,7.38565,2.6900500000000003,6.965108604276438,20.5662074440862,16.62904439428141,Bear,3.569147304088042e-52,1.0,7.423931940794366e-69,1.5835775151512534e-14
2022-05-24,16125.150390625,-0.005538061057189644,25.639999389648438,4.65,7.38565,2.6900500000000003,6.965108604276438,20.5662074440862,16.62904439428141,Bear,7.890375934129858e-57,1.0,3.1428393577659916e-68,4.684247701546276e-15
2022-05-25,16025.7998046875,-0.006180277818558741,25.280000686645508,4.65,7.38565,2.6900500000000003,6.965108604276438,20.5662074440862,16.62904439428141,Bear,1.305813056464931e-56,1.0,4.25227458423283e-68,6.548848762627383e-15
2022-05-26,16170.150390625,0.008967062770830264,22.719999313354492,4.65,7.38565,2.6900500000000003,6.965108604276438,20.5662074440862,16.62904439428141,Bear,3.335689685996237e-50,1.0,6.951630722797176e-69,2.396833344829926e-14
2022-05-27,16352.4501953125,0.011210771015034579,21.479999542236328,4.65,7.38565,2.6900500000000003,6.965108604276438,20.5662074440862,16.62904439428141,Bear,2.293512716057091e-47,1.0,2.51679131170992e-69,3.368732523518441e-14
2022-05-30,16661.400390625,0.018716945110386057,19.979999542236328,4.65,7.38565,2.6900500000000003,6.965108604276438,20.5662074440862,16.62904439428141,Bear,6.495437122347395e-45,1.0,1.1624621020936387e-69,3.119099006473699e-14
2022-05-31,16584.55078125,-0.004623104079880039,20.479999542236328,4.65,7.38565,2.6900500000000003,6.965108604276438,20.5662074440862,16.62904439428141,Bear,1.2213020963916348e-44,1.0,5.935876108786171e-70,4.6001842428206494e-14
2022-06-01,16522.75,-0.003733367056413342,20.850000381469727,5.025,7.529625,2.505375,6.162694784322076,12.8417997649181,16.23036649214662,Bear,3.6191423611269426e-38,0.9999999975225364,1.6208949766718007e-47,2.4788027306746002e-09
2022-06-02,16628.0,0.006349802260260305,20.31999969482422,5.025,7.529625,2.505375,6.162694784322076,12.8417997649181,16.23036649214662,Bear,5.2404152410655866e-37,0.9999999975043465,9.661099330858076e-48,2.4942142200455297e-09
2022-06-03,16584.30078125,-0.0026315095876877827,19.979999542236328,5.025,7.529625,2.505375,6.162694784322076,12.8417997649181,16.23036649214662,Bear,1.1643061638088198e-35,0.9999999963292794,8.922496567018959e-48,3.670851790982652e-09
2022-06-06,16569.55078125,-0.0008897910968418909,20.200000762939453,5.025,7.529625,2.505375,6.162694784322076,12.8417997649181,16.23036649214662,Bear,8.378303312650491e-36,0.9999999965039024,9.199768401050367e-48,3.4972516055219937e-09
2022-06-07,16416.349609375,-0.009288955076891798,20.43000030517578,5.025,7.529625,2.505375,6.162694784322076,12.8417997649181,16.23036649214662,Bear,6.41747018548518e-38,0.9999999966130417,3.1053293344891003e-47,3.3887259194305256e-09
2022-06-08,16356.25,-0.003667678332650513,19.84000015258789,5.025,7.529625,2.505375,6.162694784322076,12.8417997649181,16.23036649214662,Bear,2.6760247739200806e-37,0.9999999952233338,2.805133636123083e-47,4.7754712698947395e-09
2022-06-09,16478.099609375,0.007422115570615706,19.139999389648438,5.025,7.529625,2.505375,6.162694784322076,12.8417997649181,16.23036649214662,Bear,1.491306646838965e-33,0.9999999936990207,1.1304322991058961e-47,6.300128629555786e-09
2022-06-10,16201.7998046875,-0.01690986774485526,19.579999923706055,5.025,7.529625,2.505375,6.162694784322076,12.8417997649181,16.23036649214662,Bear,1.345443475681067e-38,0.9999999948813638,1.6300850627892997e-46,5.119737831066231e-09
2022-06-13,15774.400390625,-0.026733937520215956,22.3700008392334,5.025,7.529625,2.505375,6.162694784322076,12.8417997649181,16.23036649214662,Bear,2.604866610254436e-51,0.9999999990977813,2.441015587078274e-44,9.031159237867122e-10
2022-06-14,15732.099609375,-0.0026852114114221596,21.889999389648438,5.025,7.529625,2.505375,6.162694784322076,12.8417997649181,16.23036649214662,Bear,4.80472462476802e-45,0.9999999968167685,9.022359886265829e-46,3.182448183773776e-09
2022-06-15,15692.150390625,-0.0025425739848417965,22.149999618530273,5.025,7.529625,2.505375,6.162694784322076,12.8417997649181,16.23036649214662,Bear,7.436737498636172e-46,0.9999999971441866,1.1946706613842871e-45,2.855701140485509e-09
2022-06-16,15360.599609375,-0.021354848179315097,22.8700008392334,5.025,7.529625,2.505375,6.162694784322076,12.8417997649181,16.23036649214662,Bear,1.2437257905635259e-51,0.9999999984320311,5.38033176992547e-44,1.56977024902241e-09
2022-06-17,15293.5,-0.004377862497838008,22.760000228881836,5.025,7.529625,2.505375,6.162694784322076,12.8417997649181,16.23036649214662,Bear,6.096907791056423e-47,0.9999999963401933,8.447043223837396e-45,3.660911459519966e-09
2022-06-20,15350.150390625,0.0036973698916184226,22.40999984741211,5.025,7.529625,2.505375,6.162694784322076,12.8417997649181,16.23036649214662,Bear,9.110754404524735e-46,0.9999999958090484,5.025065282049132e-45,4.1896934253259e-09
2022-06-21,15638.7998046875,0.018629721921802747,21.139999389648438,5.025,7.529625,2.505375,6.162694784322076,12.8417997649181,16.23036649214662,Bear,2.4443289931944523e-43,0.9999999960273271,2.5722542233820725e-45,3.973830733698675e-09
2022-06-22,15413.2998046875,-0.01452423294963793,21.299999237060547,5.025,7.529625,2.505375,6.162694784322076,12.8417997649181,16.23036649214662,Bear,3.288679241767023e-46,0.9999999949905032,7.935452226723427e-45,5.010252927879479e-09
2022-06-23,15556.650390625,0.009257464658604653,20.8799991607666,5.025,7.529625,2.505375,6.162694784322076,12.8417997649181,16.23036649214662,Bear,2.1377073197978326e-43,0.9999999939500412,1.643757094903627e-45,6.049017259494552e-09
2022-06-24,15699.25,0.009124715461734611,20.549999237060547,5.025,7.529625,2.505375,6.162694784322076,12.8417997649181,16.23036649214662,Bear,3.5030384887921473e-41,0.999999993138772,6.6873170317291935e-46,6.8604716110743425e-09
2022-06-27,15832.0498046875,0.008423413606869335,21.010000228881836,5.025,7.529625,2.505375,6.162694784322076,12.8417997649181,16.23036649214662,Bear,3.6123574703832005e-39,0.9999999937790562,2.8818812056839403e-46,6.222689793533053e-09
2022-06-28,15850.2001953125,0.0011457767431705531,21.450000762939453,5.025,7.529625,2.505375,6.162694784322076,12.8417997649181,16.23036649214662,Bear,2.2721151685563253e-39,0.9999999943102011,2.3064420676832195e-46,5.688860696243448e-09
2022-06-29,15799.099609375,-0.003229179201912245,21.899999618530273,5.025,7.529625,2.505375,6.162694784322076,12.8417997649181,16.23036649214662,Bear,1.4417197377093184e-40,0.9999999813808247,3.616988583219655e-46,1.8617392308501294e-08
2022-06-30,15780.25,-0.0011937935294284723,21.84000015258789,5.025,7.529625,2.505375,6.162694784322076,12.8417997649181,16.23036649214662,Bear,7.771380683115081e-38,0.9998783125932718,1.5326992047589458e-44,0.00012168740846473038
2022-07-01,15752.0498046875,-0.0017886549985601772,21.25,5.15,7.40206,2.0900399999999992,5.7817631106883205,2.91968745876983,14.074074074074083,Sideways,7.716224991292874e-31,0.00010195242738527236,3.134327493062418e-31,0.9998980475708905
2022-07-04,15835.349609375,0.005274254882250374,20.969999313354492,5.15,7.40206,2.0900399999999992,5.7817631106883205,2.91968745876983,14.074074074074083,Sideways,1.3782433309141267e-31,1.4612623725828436e-08,1.3855927496323968e-33,0.9999999853862392
2022-07-05,15810.849609375,-0.0015483695040555473,20.790000915527344,5.15,7.40206,2.0900399999999992,5.7817631106883205,2.91968745876983,14.074074074074083,Sideways,2.2044966249092786e-31,3.5988989003771072e-09,1.1827904577782544e-33,0.999999996402039
2022-07-06,15989.7998046875,0.01125461822453212,20.270000457763672,5.15,7.40206,2.0900399999999992,5.7817631106883205,2.91968745876983,14.074074074074083,Sideways,6.601466370741083e-30,4.1546885976483816e-09,7.336779953230882e-34,0.9999999958454282
2022-07-07,16132.900390625,0.00890968266712923,19.200000762939453,5.15,7.40206,2.0900399999999992,5.7817631106883205,2.91968745876983,14.074074074074083,Sideways,2.202236040321568e-27,2.909574767353941e-09,1.8671296290387106e-34,0.999999997089617
2022-07-08,16220.599609375,0.005421325887187373,18.399999618530273,5.15,7.40206,2.0900399999999992,5.7817631106883205,2.91968745876983,14.074074074074083,Sideways,6.872514178643465e-25,2.030114694910454e-09,6.26257506534881e-35,0.9999999979700078
2022-07-11,16216.0,-0.00028360614005298526,18.3700008392334,5.15,7.40206,2.0900399999999992,5.7817631106883205,2.91968745876983,14.074074074074083,Sideways,1.5999991184006527e-22,1.4683580737727108e-09,3.8930040718990665e-35,0.9999999985302566
2022-07-12,16058.2998046875,-0.009772571447684876,18.549999237060547,5.15,7.40206,2.0900399999999992,5.7817631106883205,2.91968745876983,14.074074074074083,Sideways,9.068588382438447e-25,1.4979392351233853e-09,1.3677101330696295e-34,0.9999999985011527
2022-07-13,15966.650390625,-0.0057236413300785416,18.520000457763672,5.15,7.40206,2.0900399999999992,5.7817631106883205,2.91968745876983,14.074074074074083,Sideways,1.9135790053962553e-25,1.331609472454769e-09,1.490723069686757e-34,0.9999999986684998
2022-07-14,15938.650390625,-0.0017551946856914542,18.34000015258789,5.15,7.40206,2.0900399999999992,5.7817631106883205,2.91968745876983,14.074074074074083,Sideways,3.859397537377628e-24,1.0673496405011977e-09,1.316279727200154e-34,0.9999999989340722
2022-07-15,16049.2001953125,0.006912014580365188,17.600000381469727,5.15,7.40206,2.0900399999999992,5.7817631106883205,2.91968745876983,14.074074074074083,Sideways,1.5956729468170994e-22,1.0062747131114822e-09,7.780399759201556e-35,0.9999999989922799
2022-07-18,16278.5,0.014186202470718856,17.15999984741211,5.15,7.40206,2.0900399999999992,5.7817631106883205,2.91968745876983,14.074074074074083,Sideways,6.263521938693587e-21,1.3668112142886012e-09,5.324255352223922e-35,0.99999999863212
2022-07-19,16340.5498046875,0.003804517906147779,17.200000762939453,5.15,7.40206,2.0900399999999992,5.7817631106883205,2.91968745876983,14.074074074074083,Sideways,2.7828029017355396e-19,1.0771409068925672e-09,1.8195170491364785e-35,0.9999999989231583
2022-07-20,16520.849609375,0.010973459265845803,16.81999969482422,5.15,7.40206,2.0900399999999992,5.7817631106883205,2.91968745876983,14.074074074074083,Sideways,1.48116152992326e-17,1.3512213710975646e-09,1.6625378327547369e-35,0.9999999986503099
2022-07-21,16605.25,0.005095714512164849,16.860000610351562,5.15,7.40206,2.0900399999999992,5.7817631106883205,2.91968745876983,14.074074074074083,Sideways,1.2984140924926642e-16,1.320107043894447e-09,8.105970437548938e-36,0.9999999986794137
2022-07-22,16719.44921875,0.006853755230166662,16.649999618530273,5.15,7.40206,2.0900399999999992,5.7817631106883205,2.91968745876983,14.074074074074083,Sideways,1.0400809083605622e-15,1.5033937357339548e-09,6.026052891611514e-36,0.9999999984975148
2022-07-25,16631.0,-0.005304241963650273,17.68000030517578,5.15,7.40206,2.0900399999999992,5.7817631106883205,2.91968745876983,14.074074074074083,Sideways,4.2935267475062624e-17,1.6170845354596845e-09,8.761194073178803e-36,0.9999999983810994
2022-07-26,16483.849609375,-0.008887333683346772,18.170000076293945,5.15,7.40206,2.0900399999999992,5.7817631106883205,2.91968745876983,14.074074074074083,Sideways,6.269683002115552e-19,1.6387799002736013e-09,1.9435224492746865e-35,0.9999999983629095
2022-07-27,16641.80078125,0.00953655956008488,18.1299991607666,5.15,7.40206,2.0900399999999992,5.7817631106883205,2.91968745876983,14.074074074074083,Sideways,1.0557799003277959e-17,2.1867021802266497e-09,1.0780079810396022e-35,0.9999999978135747
2022-07-28,16929.599609375,0.017145896529526243,17.010000228881836,5.15,7.40206,2.0900399999999992,5.7817631106883205,2.91968745876983,14.074074074074083,Sideways,5.730413661852011e-16,3.2450481805383505e-09,8.262554536123394e-36,0.9999999967549229
2022-07-29,17158.25,0.013415561413115864,16.549999237060547,5.15,7.40206,2.0900399999999992,5.7817631106883205,2.91968745876983,14.074074074074083,Sideways,3.870042288709122e-14,3.725377731200091e-09,2.4048465259242745e-36,0.9999999962747097
2022-08-01,17340.05078125,0.010539792401854702,17.489999771118164,5.65,7.27475,1.6964750000000004,5.8536783343725585,-0.453853314109776,12.481644640234958,Sideways,2.6230591375694596e-12,2.2701014135732053e-17,2.4997002393784988e-33,0.999999999996362
2022-08-02,17345.44921875,0.0003112792114048116,18.530000686645508,5.65,7.27475,1.6964750000000004,5.8536783343725585,-0.453853314109776,12.481644640234958,Sideways,9.118865633795528e-13,2.6195998351115674e-17,1.9655677189513216e-33,1.0
2022-08-03,17388.150390625,0.002458783072766921,18.450000762939453,5.65,7.27475,1.6964750000000004,5.8536783343725585,-0.453853314109776,12.481644640234958,Sideways,1.965535457096386e-12,2.8055047929806265e-17,1.815424882754746e-33,0.999999999996362
2022-08-04,17382.0,-0.00035377417814128954,19.260000228881836,5.65,7.27475,1.6964750000000004,5.8536783343725585,-0.453853314109776,12.481644640234958,Sideways,3.412019494876002e-13,3.5672850614972876e-17,2.4277042700697526e-33,1.0
2022-08-05,17397.5,0.0008913297215996853,18.920000076293945,5.65,7.27475,1.6964750000000004,5.8536783343725585,-0.453853314109776,12.481644640234958,Sideways,8.34597712584785e-13,3.2998965669156176e-17,2.052067141575094e-33,1.0
2022-08-08,17525.099609375,0.007307599012140524,19.299999237060547,5.65,7.27475,1.6964750000000004,5.8536783343725585,-0.453853314109776,12.481644640234958,Sideways,7.91696157927354e-13,5.355050391729541e-17,2.3970763737094852e-33,1.0
2022-08-11,17659.0,0.007060942140366637,18.360000610351562,5.65,7.27475,1.6964750000000004,5.8536783343725585,-0.453853314109776,12.481644640234958,Sideways,3.8345342240897795e-11,5.059318508477033e-17,1.4701721407265842e-33,0.9999999999599822
2022-08-12,17698.150390625,0.0022145679837284517,17.610000610351562,5.65,7.27475,1.6964750000000004,5.8536783343725585,-0.453853314109776,12.481644640234958,Sideways,4.111993663481777e-10,4.07318380005737e-17,9.975424821138317e-34,0.9999999995889084
2022-08-17,17944.25,0.006653737907021656,17.68000030517578,5.65,7.27475,1.6964750000000004,5.8536783343725585,-0.453853314109776,12.481644640234958,Sideways,1.2625439238781943e-09,7.930787939090716e-17,9.498773825790941e-34,0.9999999987376214
2022-08-18,17956.5,0.0006824370229270742,17.350000381469727,5.65,7.27475,1.6964750000000004,5.8536783343725585,-0.453853314109776,12.481644640234958,Sideways,3.0129609396328984e-09,6.929812568161756e-17,7.036103211163064e-34,0.9999999969877535
2022-08-19,17758.44921875,-0.011090751389954998,18.290000915527344,5.65,7.27475,1.6964750000000004,5.8536783343725585,-0.453853314109776,12.481644640234958,Sideways,3.524736602816477e-11,6.23328830682569e-17,1.86564480788717e-33,0.9999999999636202
2022-08-22,17490.69921875,-0.015192148554208883,19.040000915527344,5.65,7.27475,1.6964750000000004,5.8536783343725585,-0.453853314109776,12.481644640234958,Sideways,7.926645492829425e-14,5.230017619865908e-17,5.6203258691749154e-33,1.0
2022-08-23,17577.5,0.004950408657946044,19.049999237060547,5.65,7.27475,1.6964750000000004,5.8536783343725585,-0.453853314109776,12.481644640234958,Sideways,1.5180571375936116e-12,5.478423119186484e-17,1.6724755354227184e-33,1.0
2022-08-24,17604.94921875,0.001560393032835227,18.43000030517578,5.65,7.27475,1.6964750000000004,5.8536783343725585,-0.453853314109776,12.481644640234958,Sideways,8.267492509239673e-12,4.562917275298216e-17,1.1619076246219869e-33,0.999999999992724
2022-08-25,17522.44921875,-0.004697196795508722,19.56999969482422,5.65,7.27475,1.6964750000000004,5.8536783343725585,-0.453853314109776,12.481644640234958,Sideways,2.4567655151459203e-13,5.640401384754803e-17,2.304254946001267e-33,1.0
2022-08-26,17558.900390625,0.002078094793881999,18.219999313354492,5.65,7.27475,1.6964750000000004,5.8536783343725585,-0.453853314109776,12.481644640234958,Sideways,1.0306909680824279e-11,3.8889517907257044e-17,1.1836699005705224e-33,0.9999999999890861
2022-08-29,17312.900390625,-0.014109055185943692,19.81999969482422,5.65,7.27475,1.6964750000000004,5.8536783343725585,-0.453853314109776,12.481644640234958,Sideways,2.653055432980573e-15,4.833015682665706e-17,9.366522900781542e-33,1.0
2022-08-30,17759.30078125,0.025457455427431688,18.700000762939453,5.65,7.27475,1.6964750000000004,5.8536783343725585,-0.453853314109776,12.481644640234958,Sideways,2.57493567250081e-15,1.9536241081198448e-16,2.4944224877598746e-32,1.0
2022-09-02,17539.44921875,-0.00019106884593758132,19.549999237060547,5.75,7.280374,1.4732339999999997,6.488255169418533,1.98171298477856,10.55312954876273,Sideways,6.037582303999791e-13,1.521758470267431e-23,4.0004085473892646e-35,1.0
2022-09-05,17665.80078125,0.00717802628935595,19.65999984741211,5.75,7.280374,1.4732339999999997,6.488255169418533,1.98171298477856,10.55312954876273,Sideways,1.6692170590350868e-12,2.2345889049958267e-23,4.26609157823222e-35,1.0
2022-09-06,17655.599609375,-0.000577619915734608,19.520000457763672,5.75,7.280374,1.4732339999999997,6.488255169418533,1.98171298477856,10.55312954876273,Sideways,4.822092123884159e-12,1.8509419333005721e-23,3.1989267195792487e-35,0.999999999996362
2022-09-07,17624.400390625,-0.0017686636555011566,19.3700008392334,5.75,7.280374,1.4732339999999997,6.488255169418533,1.98171298477856,10.55312954876273,Sideways,5.051630078325379e-12,1.6360616001341352e-23,3.192076325962406e-35,0.999999999996362
2022-09-08,17798.75,0.009843902383512463,18.309999465942383,5.75,7.280374,1.4732339999999997,6.488255169418533,1.98171298477856,10.55312954876273,Sideways,5.296294572526237e-11,2.0590099290125606e-23,2.642995658808424e-35,0.9999999999454303
2022-09-09,17833.349609375,0.0019420477956010656,17.719999313354492,5.75,7.280374,1.4732339999999997,6.488255169418533,1.98171298477856,10.55312954876273,Sideways,3.9274430711181317e-10,1.6289994585056986e-23,1.3977432449728594e-35,0.9999999996070983
2022-09-12,17936.349609375,0.005759080279283832,17.940000534057617,5.75,7.280374,1.4732339999999997,6.488255169418533,1.98171298477856,10.55312954876273,Sideways,3.241777354542437e-10,2.370127007248023e-23,1.5230189934548123e-35,0.9999999996762199
2022-09-13,18070.05078125,0.007426556664034913,17.469999313354492,5.75,7.280374,1.4732339999999997,6.488255169418533,1.98171298477856,10.55312954876273,Sideways,1.0879911892315718e-09,3.0250840763975454e-23,1.3563043139245284e-35,0.9999999989122443
2022-09-14,18003.75,-0.003675845320864187,18.280000686645508,5.75,7.280374,1.4732339999999997,6.488255169418533,1.98171298477856,10.55312954876273,Sideways,2.3608771026847687e-10,2.9074174904475326e-23,1.4754752468480055e-35,0.9999999997635314
2022-09-15,17877.400390625,-0.0070427023794097186,18.389999389648438,5.75,7.280374,1.4732339999999997,6.488255169418533,1.98171298477856,10.55312954876273,Sideways,5.223792374529441e-11,2.2851390719823484e-23,2.0935981600611368e-35,0.9999999999490683
2022-09-16,17530.849609375,-0.019575203370476822,19.81999969482422,5.75,7.280374,1.4732339999999997,6.488255169418533,1.98171298477856,10.55312954876273,Sideways,1.2585984204402791e-15,2.5660473822999684e-23,3.5851457376096073e-34,1.0
2022-09-19,17622.25,0.005200144374609497,19.940000534057617,5.75,7.280374,1.4732339999999997,6.488255169418533,1.98171298477856,10.55312954876273,Sideways,3.809303051720229e-14,2.5213252071960404e-23,5.380441570248335e-35,1.0
2022-09-20,17816.25,0.010948654031257964,18.799999237060547,5.75,7.280374,1.4732339999999997,6.488255169418533,1.98171298477856,10.55312954876273,Sideways,1.003896994840838e-12,2.9935597021481517e-23,3.93513526298154e-35,1.0
2022-09-21,17718.349609375,-0.005510158516157929,19.329999923706055,5.75,7.280374,1.4732339999999997,6.488255169418533,1.98171298477856,10.55312954876273,Sideways,1.3405115274828305e-12,2.2178198996312446e-23,3.368175029695278e-35,1.0
2022-09-22,17629.80078125,-0.005010107310831895,18.81999969482422,5.75,7.280374,1.4732339999999997,6.488255169418533,1.98171298477856,10.55312954876273,Sideways,2.064177344102312e-12,1.5213846940504484e-23,3.059704828199533e-35,0.999999999996362
2022-09-23,17327.349609375,-0.01730454089090743,20.59000015258789,5.75,7.280374,1.4732339999999997,6.488255169418533,1.98171298477856,10.55312954876273,Sideways,2.3574632006860237e-17,2.200253973959169e-23,5.511842355201862e-34,1.0
2022-09-26,17016.30078125,-0.018114401349380974,21.889999389648438,5.75,7.280374,1.4732339999999997,6.488255169418533,1.98171298477856,10.55312954876273,Sideways,1.5293842754420857e-21,2.5241123317502426e-23,3.666481704385478e-33,1.0
2022-09-27,17007.400390625,-0.0005231876910193474,21.56999969482422,5.75,7.280374,1.4732339999999997,6.488255169418533,1.98171298477856,10.55312954876273,Sideways,6.789019146218709e-20,1.61315210142495e-23,5.650959836789535e-34,1.0
2022-09-28,16858.599609375,-0.008787677246935572,22.100000381469727,5.75,7.280374,1.4732339999999997,6.488255169418533,1.98171298477856,10.55312954876273,Sideways,2.162484035224437e-21,1.6284904747888616e-23,1.723070228063384e-33,1.0
2022-09-29,16818.099609375,-0.0024052250050792126,21.299999237060547,5.75,7.280374,1.4732339999999997,6.488255169418533,1.98171298477856,10.55312954876273,Sideways,3.683827211224017e-18,7.965310404758734e-24,5.640136010927694e-34,1.0
2022-09-30,17094.349609375,0.016292312526781774,19.969999313354492,5.75,7.280374,1.4732339999999997,6.488255169418533,1.98171298477856,10.55312954876273,Sideways,9.180383967690875e-17,1.166865429018098e-23,4.593567062386004e-34,1.0
2022-10-03,16887.349609375,-0.012183178897324074,21.3700008392334,6.15,7.464925,1.1778000000000004,6.084886396172373,-5.39365940847741,8.67093105899077,Sideways,9.338404624420234e-19,6.094551512336829e-32,3.1899631859548227e-25,1.0
2022-10-04,17274.30078125,0.022655095268550494,19.56999969482422,6.15,7.464925,1.1778000000000004,6.084886396172373,-5.39365940847741,8.67093105899077,Sideways,1.0563790404030113e-17,1.2760512957295368e-31,3.483701314465039e-25,1.0
2022-10-07,17314.650390625,-0.0009900230150986376,18.809999465942383,6.15,7.464925,1.1778000000000004,6.084886396172373,-5.39365940847741,8.67093105899077,Sideways,4.2715881617306575e-15,5.320125653793635e-32,2.024383119626063e-26,1.0
2022-10-10,17241.0,-0.004262718329192525,19.6200008392334,6.15,7.464925,1.1778000000000004,6.084886396172373,-5.39365940847741,8.67093105899077,Sideways,6.784683617369037e-16,5.873790581519253e-32,3.3278206476473354e-26,1.0
2022-10-11,16983.55078125,-0.015044993668578569,20.489999771118164,6.15,7.464925,1.1778000000000004,6.084886396172373,-5.39365940847741,8.67093105899077,Sideways,1.8434448668103446e-19,6.584538594283484e-32,3.113724755140407e-25,1.0
2022-10-12,17123.599609375,0.008212331644389038,20.18000030517578,6.15,7.464925,1.1778000000000004,6.084886396172373,-5.39365940847741,8.67093105899077,Sideways,7.809292834514381e-18,7.100101885197747e-32,8.15998018769738e-26,1.0
2022-10-13,17014.349609375,-0.0064005234917517235,20.290000915527344,6.15,7.464925,1.1778000000000004,6.084886396172373,-5.39365940847741,8.67093105899077,Sideways,3.3916425639021054e-18,5.346207298821518e-32,9.682240284693345e-26,1.0
2022-10-14,17185.69921875,0.010020514532698735,18.260000228881836,6.15,7.464925,1.1778000000000004,6.084886396172373,-5.39365940847741,8.67093105899077,Sideways,5.319616845330911e-16,4.3780260146392537e-32,3.95651031086044e-26,1.0
2022-10-17,17311.80078125,0.007310797834822186,18.420000076293945,6.15,7.464925,1.1778000000000004,6.084886396172373,-5.39365940847741,8.67093105899077,Sideways,1.2293473450093532e-15,5.64360631930905e-32,2.6666436376212174e-26,1.0
2022-10-18,17486.94921875,0.010066448739082915,17.450000762939453,6.15,7.464925,1.1778000000000004,6.084886396172373,-5.39365940847741,8.67093105899077,Sideways,1.6202722631806518e-13,5.956731696016365e-32,1.5500607090628165e-26,1.0
2022-10-19,17512.25,0.0014457922593648584,17.489999771118164,6.15,7.464925,1.1778000000000004,6.084886396172373,-5.39365940847741,8.67093105899077,Sideways,4.682055402865224e-13,5.392867477372767e-32,9.225782420147793e-27,1.0
2022-10-20,17563.94921875,0.0029478254394111857,17.229999542236328,6.15,7.464925,1.1778000000000004,6.084886396172373,-5.39365940847741,8.67093105899077,Sideways,2.758859631831221e-12,5.434817971132974e-32,7.585132870965257e-27,0.999999999996362
2022-10-21,17576.30078125,0.0007029866326317706,17.280000686645508,6.15,7.464925,1.1778000000000004,6.084886396172373,-5.39365940847741,8.67093105899077,Sideways,3.3569461684522434e-12,5.469134120132979e-32,7.171678530731576e-27,0.999999999996362
2022-10-24,17730.75,0.008748972260095097,17.420000076293945,6.15,7.464925,1.1778000000000004,6.084886396172373,-5.39365940847741,8.67093105899077,Sideways,2.9246050371747697e-12,9.265445529305873e-32,8.73161504602131e-27,0.999999999996362
2022-10-25,17656.349609375,-0.004204950452158822,16.8799991607666,6.15,7.464925,1.1778000000000004,6.084886396172373,-5.39365940847741,8.67093105899077,Sideways,5.466973164876048e-11,5.341510832710752e-32,5.690856971358961e-27,0.9999999999454303
2022-10-28,17786.80078125,0.0028066628790527496,15.920000076293945,6.15,7.464925,1.1778000000000004,6.084886396172373,-5.39365940847741,8.67093105899077,Sideways,7.974315142050203e-09,5.257858892244141e-32,3.506365493609125e-27,0.9999999920255505
2022-10-31,18012.19921875,0.012592609626880552,15.800000190734863,6.15,7.464925,1.1778000000000004,6.084886396172373,-5.39365940847741,8.67093105899077,Sideways,2.3828682672590243e-08,1.1867541620186778e-31,6.225342833974856e-27,0.9999999761712391
2022-11-01,18145.400390625,0.007367843877008389,16.1299991607666,6.15,7.357575,0.8995249999999997,5.409730004505708,6.55284005337082,6.123869171885876,Sideways,0.0008160782943336161,5.200091157265322e-44,6.061085072760783e-26,0.9991839217070903
2022-11-02,18082.849609375,-0.0034531529072475455,16.65999984741211,6.15,7.357575,0.8995249999999997,5.409730004505708,6.55284005337082,6.123869171885876,Sideways,0.008660874942245036,3.2922175031126312e-43,4.914285658717239e-25,0.9913391250578724
2022-11-03,18052.69921875,-0.001668738878993079,15.9399995803833,6.15,7.357575,0.8995249999999997,5.409730004505708,6.55284005337082,6.123869171885876,Sideways,0.1876748430380172,6.781111810155279e-43,1.2275686367117866e-24,0.8123251569620711
2022-11-04,18117.150390625,0.0035638102334325083,15.65999984741211,6.15,7.357575,0.8995249999999997,5.409730004505708,6.55284005337082,6.123869171885876,Bull,0.7189561566214918,3.5875776586373325e-43,5.851689631818266e-25,0.2810438433793696
2022-11-07,18202.80078125,0.0047164462855731094,15.59000015258789,6.15,7.357575,0.8995249999999997,5.409730004505708,6.55284005337082,6.123869171885876,Bull,0.9778811810823099,2.8727959190878855e-44,4.6600197724497237e-26,0.022118818918981976
2022-11-10,18028.19921875,-0.007119006002546902,15.569999694824219,6.15,7.357575,0.8995249999999997,5.409730004505708,6.55284005337082,6.123869171885876,Bull,0.9949155192262057,6.338956842186731e-45,2.109551167650698e-26,0.005084480775489215
2022-11-11,18349.69921875,0.01767602773148285,14.40999984741211,6.15,7.357575,0.8995249999999997,5.409730004505708,6.55284005337082,6.123869171885876,Bull,0.9984197695618796,2.1482983253020555e-44,6.768927046794851e-26,0.001580230438173104
2022-11-14,18329.150390625,-0.0011204729970374992,14.90999984741211,6.15,7.357575,0.8995249999999997,5.409730004505708,6.55284005337082,6.123869171885876,Bull,0.9999664385643358,5.485550102457357e-46,7.17329514922897e-28,3.356143502604691e-05
2022-11-15,18403.400390625,0.00404274135870096,14.640000343322754,6.15,7.357575,0.8995249999999997,5.409730004505708,6.55284005337082,6.123869171885876,Bull,0.9999968038006192,4.403737589105135e-46,5.145416828246066e-28,3.196199911476102e-06
2022-11-16,18409.650390625,0.000339553496785159,15.100000381469727,6.15,7.357575,0.8995249999999997,5.409730004505708,6.55284005337082,6.123869171885876,Bull,0.9999967474448712,5.37327498239932e-46,5.9174184209559705e-28,3.252554885147924e-06
2022-11-17,18343.900390625,-0.0035778894143715548,14.880000114440918,6.15,7.357575,0.8995249999999997,5.409730004505708,6.55284005337082,6.123869171885876,Bull,0.9999968352144664,4.171788473646097e-46,6.344179012789837e-28,3.1647849776367377e-06
2022-11-18,18307.650390625,-0.001978088841936149,14.390000343322754,6.15,7.357575,0.8995249999999997,5.409730004505708,6.55284005337082,6.123869171885876,Bull,0.9999980508747182,2.0957432271848445e-46,3.848784595921433e-28,1.9491247931697803e-06
2022-11-21,18159.94921875,-0.008100449774708418,14.800000190734863,6.15,7.357575,0.8995249999999997,5.409730004505708,6.55284005337082,6.123869171885876,Bull,0.9999926497273023,6.051147355765618e-46,2.0023741126629258e-27,7.350273443965704e-06
2022-11-22,18244.19921875,0.004628601630860599,13.84000015258789,6.15,7.357575,0.8995249999999997,5.409730004505708,6.55284005337082,6.123869171885876,Bull,0.9999983481407072,1.4832556976845499e-46,3.737930660117621e-28,1.651860702268456e-06
2022-11-23,18267.25,0.0012626606067816233,14.039999961853027,6.15,7.357575,0.8995249999999997,5.409730004505708,6.55284005337082,6.123869171885876,Bull,0.9999983960382581,1.542405340528253e-46,3.2391117279390855e-28,1.603962220646706e-06
2022-11-24,18484.099609375,0.011801042862214367,13.479999542236328,6.15,7.357575,0.8995249999999997,5.409730004505708,6.55284005337082,6.123869171885876,Bull,0.9999970065663785,5.980823847897524e-46,1.198238618635372e-27,2.9934341885069284e-06
2022-11-25,18512.75,0.0015488019469054911,13.329999923706055,6.15,7.357575,0.8995249999999997,5.409730004505708,6.55284005337082,6.123869171885876,Bull,0.9999991399348861,1.4541812366440625e-46,1.9507611383698406e-28,8.600638715002942e-07
2022-11-28,18562.75,0.0026972005940332764,13.569999694824219,6.15,7.357575,0.8995249999999997,5.409730004505708,6.55284005337082,6.123869171885876,Bull,0.9999991544213054,1.6571018519958715e-46,1.9735272324241968e-28,8.455794051374434e-07
2022-11-29,18618.05078125,0.0029746977400658824,13.619999885559082,6.15,7.357575,0.8995249999999997,5.409730004505708,6.55284005337082,6.123869171885876,Bull,0.9999991706248494,1.843882817584029e-46,1.9713551713230152e-28,8.293766493035725e-07
2022-11-30,18758.349609375,0.007507383568474861,13.8100004196167,6.15,7.357575,0.8995249999999997,5.409730004505708,6.55284005337082,6.123869171885876,Bull,0.9999990629116681,3.178419822252156e-46,3.1357670062101783e-28,9.370877967167529e-07
2022-12-01,18812.5,0.0028825767148602448,13.359999656677246,6.43,7.29416,0.90482,5.5023606568293415,3.63689985943032,5.024424284717366,Bull,0.9999996537081333,4.564452688195559e-47,5.73249624120056e-29,3.4629076237634566e-07
2022-12-02,18696.099609375,-0.006206617442539312,13.449999809265137,6.43,7.29416,0.90482,5.5023606568293415,3.63689985943032,5.024424284717366,Bull,0.9999994234059911,5.132211687179633e-47,1.0378910149684836e-28,5.7659551777073e-07
2022-12-05,18701.05078125,0.0002647887259970962,13.729999542236328,6.43,7.29416,0.90482,5.5023606568293415,3.63689985943032,5.024424284717366,Bull,0.9999995365980049,4.156549251532843e-47,6.376836881572395e-29,4.634029417548106e-07
2022-12-06,18642.75,-0.0031223832280691255,14.039999961853027,6.43,7.29416,0.90482,5.5023606568293415,3.63689985943032,5.024424284717366,Bull,0.9999992671330759,5.542790280814717e-47,9.752159133601411e-29,7.328654276812149e-07
2022-12-07,18560.5,-0.004421663914122268,14.079999923706055,6.43,7.29416,0.90482,5.5023606568293415,3.63689985943032,5.024424284717366,Bull,0.9999990025067264,5.8632503677915e-47,1.3670471229884474e-28,9.974926278448713e-07
2022-12-08,18609.349609375,0.0026284549446723396,13.399999618530273,6.43,7.29416,0.90482,5.5023606568293415,3.63689985943032,5.024424284717366,Bull,0.999999593288604,2.595468128623053e-47,6.377109367430872e-29,4.067118593802567e-07
2022-12-09,18496.599609375,-0.006077211303593385,13.479999542236328,6.43,7.29416,0.90482,5.5023606568293415,3.63689985943032,5.024424284717366,Bull,0.9999993323729041,3.0662315001502017e-47,1.8501310564908329e-28,6.676257118375195e-07
2022-12-12,18497.150390625,2.977698935843848e-05,13.319999694824219,6.43,7.29416,0.90482,5.5023606568293415,3.63689985943032,5.024424284717366,Bull,0.9999995805447695,1.85756925809371e-47,9.94429310550968e-29,4.1945490921308547e-07
2022-12-13,18608.0,0.005974908495510217,12.880000114440918,6.43,7.29416,0.90482,5.5023606568293415,3.63689985943032,5.024424284717366,Bull,0.9999996699189614,2.0701081659357313e-47,9.767479711757299e-29,3.300824297936134e-07
2022-12-14,18660.30078125,0.002806718551028224,12.890000343322754,6.43,7.29416,0.90482,5.5023606568293415,3.63689985943032,5.024424284717366,Bull,0.9999997366649387,1.7867159729684952e-47,6.602627833101891e-29,2.6333634085047686e-07
2022-12-15,18414.900390625,-0.01323817358829901,13.729999542236328,6.43,7.29416,0.90482,5.5023606568293415,3.63689985943032,5.024424284717366,Bull,0.9999962200598519,1.4522128325906992e-46,1.4335550330019037e-27,3.779941222456964e-06
2022-12-16,18269.0,-0.007954506384605002,14.069999694824219,6.43,7.29416,0.90482,5.5023606568293415,3.63689985943032,5.024424284717366,Bull,0.9999963901456467,8.586998122404336e-47,7.318125714915567e-28,3.6098557475873128e-06
2022-12-19,18420.44921875,0.008255783729645224,13.550000190734863,6.43,7.29416,0.90482,5.5023606568293415,3.63689985943032,5.024424284717366,Bull,0.9999987874915025,4.34323619622684e-47,2.3901689850488695e-28,1.2125068316151894e-06
2022-12-20,18385.30078125,-0.0019099433205291773,13.779999732971191,6.43,7.29416,0.90482,5.5023606568293415,3.63689985943032,5.024424284717366,Bull,0.9999930428444799,3.4029062561016115e-47,1.6569870045908178e-28,6.957156628431431e-06
2022-12-21,18199.099609375,-0.01017935391694218,15.5600004196167,6.43,7.29416,0.90482,5.5023606568293415,3.63689985943032,5.024424284717366,Bull,0.998848031791231,1.5587298089929266e-45,1.1903270699883189e-26,0.0011519682104727952
2022-12-22,18127.349609375,-0.0039502948868902,15.1899995803833,6.43,7.29416,0.90482,5.5023606568293415,3.63689985943032,5.024424284717366,Bull,0.9935725101169364,2.0425526966068564e-45,1.4843191068286957e-26,0.006427489883300113
2022-12-23,17806.80078125,-0.01784137526808462,16.15999984741211,6.43,7.29416,0.90482,5.5023606568293415,3.63689985943032,5.024424284717366,Bull,0.9136737684427837,1.6400220639327996e-43,1.128133425499634e-23,0.08632623155900392
2022-12-26,18014.599609375,0.01160206785899442,16.15999984741211,6.43,7.29416,0.90482,5.5023606568293415,3.63689985943032,5.024424284717366,Bull,0.9242886640498489,2.7474811091621966e-44,3.150662632310216e-25,0.07571133595008635
2022-12-27,18132.30078125,0.006512402811413872,15.289999961853027,6.43,7.29416,0.90482,5.5023606568293415,3.63689985943032,5.024424284717366,Bull,0.9687705656704424,6.42204869280522e-45,4.05548984546171e-26,0.031229434327982624
2022-12-28,18122.5,-0.0005406611691443354,15.399999618530273,6.43,7.29416,0.90482,5.5023606568293415,3.63689985943032,5.024424284717366,Bull,0.9851915617849817,2.0391766369281006e-45,1.2299530071970091e-26,0.014808438215651972
2022-12-29,18191.0,0.0037727060871833766,14.8100004196167,6.43,7.29416,0.90482,5.5023606568293415,3.63689985943032,5.024424284717366,Bull,0.9887718992471902,7.573464890239437e-46,3.879665116247315e-27,0.011228100752362722
2022-12-30,18105.30078125,-0.004722210041123311,14.869999885559082,6.43,7.29416,0.90482,5.5023606568293415,3.63689985943032,5.024424284717366,Bull,0.9842163454022569,2.137930309929545e-45,1.4669289639170624e-26,0.015783654598207242
2023-01-02,18197.44921875,0.005076675205536103,14.6899995803833,6.5,7.39,0.9792499999999995,6.155037139901132,4.16571174338884,4.798331015299007,Bull,0.958897626015328,2.638498246677244e-41,7.262356001262806e-25,0.041102373986264845
2023-01-03,18232.55078125,0.001927069632871597,14.390000343322754,6.5,7.39,0.9792499999999995,6.155037139901132,4.16571174338884,4.798331015299007,Bull,0.864285586824202,8.965754715299436e-41,2.1842983579199752e-24,0.13571441317650837
2023-01-04,18042.94921875,-0.010453517612292944,15.199999809265137,6.5,7.39,0.9792499999999995,6.155037139901132,4.16571174338884,4.798331015299007,Sideways,0.2506126428024963,4.329781579405652e-40,2.7311030742558236e-23,0.7493873571958565
2023-01-05,17992.150390625,-0.0028194100932680756,14.979999542236328,6.5,7.39,0.9792499999999995,6.155037139901132,4.16571174338884,4.798331015299007,Sideways,0.10023094889054814,8.770043769936581e-41,4.598364518476331e-24,0.8997690511079829
2023-01-06,17859.44921875,-0.0074028372147649955,15.029999732971191,6.5,7.39,0.9792499999999995,6.155037139901132,4.16571174338884,4.798331015299007,Sideways,0.01210150281458692,4.1563388257784846e-41,4.452106291043939e-24,0.9878984971858588
2023-01-09,18101.19921875,0.01344545509952314,14.649999618530273,6.5,7.39,0.9792499999999995,6.155037139901132,4.16571174338884,4.798331015299007,Sideways,0.0015498791271924273,2.2044697832820525e-41,1.366837463323006e-24,0.9984501208713846
2023-01-10,17914.150390625,-0.010387266093937284,15.510000228881836,6.5,7.39,0.9792499999999995,6.155037139901132,4.16571174338884,4.798331015299007,Sideways,3.7069321421907015e-05,8.54731082303205e-42,7.989969111308962e-25,0.9999629306798462
2023-01-11,17895.69921875,-0.0010305082936186098,15.4399995803833,6.5,7.39,0.9792499999999995,6.155037139901132,4.16571174338884,4.798331015299007,Sideways,5.0826309104589144e-05,6.945599339496078e-42,4.504995455836777e-25,0.999949173689165
2023-01-12,17858.19921875,-0.0020976741216788596,15.279999732971191,6.5,7.39,0.9792499999999995,6.155037139901132,4.16571174338884,4.798331015299007,Sideways,0.0007304231584915148,8.160335201419817e-42,7.428725886497788e-25,0.999269576841034
2023-01-13,17956.599609375,0.0054949708747303715,14.460000038146973,6.5,7.39,0.9792499999999995,6.155037139901132,4.16571174338884,4.798331015299007,Sideways,0.00868944147075883,1.4099059454274069e-41,1.2230990747802628e-24,0.9913105585282797
2023-01-16,17894.849609375,-0.0034447734977776498,15.020000457763672,6.5,7.39,0.9792499999999995,6.155037139901132,4.16571174338884,4.798331015299007,Sideways,0.02988565961666126,3.708861922972297e-41,4.050336378160601e-24,0.9701143403832911
2023-01-17,18053.30078125,0.008815596703469526,14.59000015258789,6.5,7.39,0.9792499999999995,6.155037139901132,4.16571174338884,4.798331015299007,Sideways,0.13280092131337234,1.2775738642880181e-40,1.0004738792628357e-23,0.8671990786861347
2023-01-18,18165.349609375,0.00618737497867869,14.369999885559082,6.5,7.39,0.9792499999999995,6.155037139901132,4.16571174338884,4.798331015299007,Sideways,0.38586632894090106,9.154559583959708e-41,4.5797293905181596e-24,0.6141336710578996
2023-01-19,18107.849609375,-0.0031703874707042848,13.960000038146973,6.5,7.39,0.9792499999999995,6.155037139901132,4.16571174338884,4.798331015299007,Sideways,0.5374783636072114,3.859030623570803e-41,2.5837762629016884e-24,0.4625216363928469
2023-01-20,18027.650390625,-0.004438812272184146,13.789999961853027,6.5,7.39,0.9792499999999995,6.155037139901132,4.16571174338884,4.798331015299007,Sideways,0.6164239058678596,9.131734419866076e-42,1.041881949589455e-24,0.38357609413346566
2023-01-23,18118.55078125,0.005029606393094338,13.619999885559082,6.5,7.39,0.9792499999999995,6.155037139901132,4.16571174338884,4.798331015299007,Sideways,0.6322959867863417,5.019912087650252e-42,3.8573974119918516e-25,0.3677040132148226
2023-01-24,18118.30078125,-1.379810823647804e-05,13.65999984741211,6.5,7.39,0.9792499999999995,6.155037139901132,4.16571174338884,4.798331015299007,Sideways,0.6021930348355345,1.9203557848162182e-41,1.370784526782608e-24,0.39780696516353076
2023-01-25,17891.94921875,-0.012571672991636754,14.65999984741211,6.5,7.39,0.9792499999999995,6.155037139901132,4.16571174338884,4.798331015299007,Sideways,0.10520894249680152,2.007045606323316e-40,4.3005419758053654e-23,0.8947910575040784
2023-01-30,17648.94921875,0.002530238851503625,17.709999084472656,6.5,7.39,0.9792499999999995,6.155037139901132,4.16571174338884,4.798331015299007,Sideways,0.0001508103256536849,4.963453015676375e-41,8.735366522938093e-24,0.9998491896738129
2023-01-31,17662.150390625,0.0007477066778470427,16.8799991607666,6.5,7.39,0.9792499999999995,6.155037139901132,4.16571174338884,4.798331015299007,Sideways,4.805290207871658e-06,4.936735707115295e-42,8.851008147992561e-25,0.9999951947108405
2023-02-01,17616.30078125,-0.0025992997802722563,16.780000686645508,6.6875,7.334525,0.6412000000000004,6.160034853325591,6.14228500787475,3.8540949759118925,Sideways,0.00018604612998367534,6.314884828727694e-56,3.1634079265227625e-26,0.9998139538685319
2023-02-02,17610.400390625,-0.00033499535771969267,15.729999542236328,6.6875,7.334525,0.6412000000000004,6.160034853325591,6.14228500787475,3.8540949759118925,Sideways,0.01029443732639877,2.4071604797237225e-55,1.6239915844422938e-25,0.9897055626743979
2023-02-03,17854.05078125,0.013740758205234283,14.399999618530273,6.6875,7.334525,0.6412000000000004,6.160034853325591,6.14228500787475,3.8540949759118925,Sideways,0.13240336370496425,6.3086615396457205e-55,3.802984664166054e-25,0.8675966362944908
2023-02-06,17764.599609375,-0.005022725956678951,14.6899995803833,6.6875,7.334525,0.6412000000000004,6.160034853325591,6.14228500787475,3.8540949759118925,Sideways,0.3253721719977516,6.4359022304909065e-55,3.133019287877483e-25,0.674627828003704
2023-02-07,17721.5,-0.0024290993398515346,14.130000114440918,6.6875,7.334525,0.6412000000000004,6.160034853325591,6.14228500787475,3.8540949759118925,Bull,0.6342504313938316,5.237304799318522e-55,3.354811759064188e-25,0.3657495686056264
2023-02-08,17871.69921875,0.00843982073038998,13.600000381469727,6.6875,7.334525,0.6412000000000004,6.160034853325591,6.14228500787475,3.8540949759118925,Bull,0.9388353595805298,1.4543718910650473e-55,8.018631219367924e-26,0.061164640419535884
2023-02-09,17893.44921875,0.0012162679944837883,13.039999961853027,6.6875,7.334525,0.6412000000000004,6.160034853325591,6.14228500787475,3.8540949759118925,Bull,0.9965736395753526,8.334161683436295e-57,4.789278674454606e-27,0.0034263604234693467
2023-02-10,17856.5,-0.00206709283308457,12.75,6.6875,7.334525,0.6412000000000004,6.160034853325591,6.14228500787475,3.8540949759118925,Bull,0.9996933139651314,2.2614164109827207e-57,1.7213772274502902e-27,0.000306686036225875
2023-02-13,17770.900390625,-0.0048052775756446476,13.680000305175781,6.6875,7.334525,0.6412000000000004,6.160034853325591,6.14228500787475,3.8540949759118925,Bull,0.9998558790721184,7.573238893098144e-57,6.153580445084197e-27,0.00014412092773028823
2023-02-14,17929.849609375,0.008904589905162998,13.449999809265137,6.6875,7.334525,0.6412000000000004,6.160034853325591,6.14228500787475,3.8540949759118925,Bull,0.9999651454599009,3.9648068794490265e-57,2.0104913028758322e-27,3.485454011693644e-05
2023-02-15,18015.849609375,0.004785004379327248,12.859999656677246,6.6875,7.334525,0.6412000000000004,6.160034853325591,6.14228500787475,3.8540949759118925,Bull,0.9999929974137177,1.0768602923241833e-57,4.153220738269733e-28,7.002584714920124e-06
2023-02-16,18035.849609375,0.00110951785824931,12.890000343322754,6.6875,7.334525,0.6412000000000004,6.160034853325591,6.14228500787475,3.8540949759118925,Bull,0.9999720149958694,8.268139443133189e-58,2.9323011196405914e-28,2.798500348582112e-05
2023-02-17,17944.19921875,-0.005094522761127012,13.09000015258789,6.6875,7.334525,0.6412000000000004,6.160034853325591,6.14228500787475,3.8540949759118925,Bull,0.9987053399875642,5.619984030109902e-57,2.523531611473008e-27,0.0012946600130537029
2023-02-20,17844.599609375,-0.005565979846782634,13.380000114440918,6.6875,7.334525,0.6412000000000004,6.160034853325591,6.14228500787475,3.8540949759118925,Bull,0.9746313583891062,6.56365137322996e-56,3.568118424130924e-26,0.025368641610410202
2023-02-21,17826.69921875,-0.0010036299610954843,14.010000228881836,6.6875,7.334525,0.6412000000000004,6.160034853325591,6.14228500787475,3.8540949759118925,Bull,0.815092718958371,4.18401166051229e-55,1.7358418348358503e-25,0.18490728104048065
2023-02-22,17554.30078125,-0.015398310946496917,15.59000015258789,6.6875,7.334525,0.6412000000000004,6.160034853325591,6.14228500787475,3.8540949759118925,Sideways,0.004380684074318661,1.9409523606078648e-54,3.56741800311421e-24,0.9956193159256012
2023-02-23,17511.25,-0.0024554471223785586,15.079999923706055,6.6875,7.334525,0.6412000000000004,6.160034853325591,6.14228500787475,3.8540949759118925,Sideways,0.00021011594713227978,3.030438199767282e-56,2.7892978616379514e-26,0.9997898840541991
2023-02-24,17465.80078125,-0.002598803690668268,14.1899995803833,6.6875,7.334525,0.6412000000000004,6.160034853325591,6.14228500787475,3.8540949759118925,Sideways,3.662517664225665e-05,1.9061660016572053e-56,3.0783079470121473e-26,0.9999633748243126
2023-02-27,17392.69921875,-0.004194194796816341,13.880000114440918,6.6875,7.334525,0.6412000000000004,6.160034853325591,6.14228500787475,3.8540949759118925,Sideways,9.946803091491626e-06,1.605528864054961e-56,4.0785829943144765e-26,0.9999900531969548
2023-02-28,17303.94921875,-0.005115779048087727,14.020000457763672,6.6875,7.334525,0.6412000000000004,6.160034853325591,6.14228500787475,3.8540949759118925,Sideways,2.5586915640368e-06,1.413287680094856e-56,5.159585422593269e-26,0.9999974413072771
2023-03-01,17450.900390625,0.008456491641293511,13.0,6.75,7.36,0.4848250000000007,5.793614547571058,1.86027871209955,1.410342511752849,Sideways,2.7538795908165298e-05,2.5815657627331253e-64,3.8662876674824793e-25,0.9999724612034101
2023-03-02,17321.900390625,-0.007419626196212839,12.970000267028809,6.75,7.36,0.4848250000000007,5.793614547571058,1.86027871209955,1.410342511752849,Sideways,7.767903085931715e-06,1.8988439054438413e-64,5.1239539133896295e-25,0.9999922320977681
2023-03-03,17594.349609375,0.015606186138582535,12.180000305175781,6.75,7.36,0.4848250000000007,5.793614547571058,1.86027871209955,1.410342511752849,Sideways,0.00011875116457366028,4.128278158968346e-64,8.175504747388844e-25,0.9998812488349194
2023-03-06,17711.44921875,0.006633473404126094,12.270000457763672,6.75,7.36,0.4848250000000007,5.793614547571058,1.86027871209955,1.410342511752849,Sideways,0.0005859475070432428,3.8705863220427394e-64,2.2788529616880986e-25,0.9994140524940036
2023-03-09,17589.599609375,-0.009325598438082557,12.729999542236328,6.75,7.36,0.4848250000000007,5.793614547571058,1.86027871209955,1.410342511752849,Sideways,0.00014653018925787486,3.1567044304740526e-64,3.216445735629109e-25,0.9998534698106717
2023-03-10,17412.900390625,-0.010096462811863625,13.40999984741211,6.75,7.36,0.4848250000000007,5.793614547571058,1.86027871209955,1.410342511752849,Sideways,5.829418119317405e-06,2.392888354845032e-64,4.269417811168904e-25,0.9999941705815962
2023-03-13,17154.30078125,-0.014962416687813755,16.219999313354492,6.75,7.36,0.4848250000000007,5.793614547571058,1.86027871209955,1.410342511752849,Sideways,1.0038713723025142e-09,2.79607626093178e-64,1.178695426260059e-24,0.9999999989959178
2023-03-14,17043.30078125,-0.006491706128142258,16.219999313354492,6.75,7.36,0.4848250000000007,5.793614547571058,1.86027871209955,1.410342511752849,Sideways,8.114867207552495e-10,2.0381412478076494e-64,6.671994011392869e-25,0.9999999991887307
2023-03-15,16972.150390625,-0.004183422059139645,16.299999237060547,6.75,7.36,0.4848250000000007,5.793614547571058,1.86027871209955,1.410342511752849,Sideways,2.970794314038859e-10,1.8551875073073373e-64,7.494961924857092e-25,0.9999999997016857
2023-03-16,16985.599609375,0.0007921148752918237,16.219999313354492,6.75,7.36,0.4848250000000007,5.793614547571058,1.86027871209955,1.410342511752849,Sideways,8.937869072354905e-10,1.8204295243762283e-64,6.71002598695698e-25,0.9999999991050572
2023-03-17,17100.05078125,0.0067155298897271865,14.770000457763672,6.75,7.36,0.4848250000000007,5.793614547571058,1.86027871209955,1.410342511752849,Sideways,1.8673747521120654e-08,1.765422033122847e-64,5.799585488744082e-25,0.999999981326255
2023-03-20,16988.400390625,-0.006550651968001941,16.010000228881836,6.75,7.36,0.4848250000000007,5.793614547571058,1.86027871209955,1.410342511752849,Sideways,6.719560772007823e-10,1.774836168520651e-64,8.305431124596149e-25,0.9999999993269739
2023-03-21,17107.5,0.006986182644570191,15.079999923706055,6.75,7.36,0.4848250000000007,5.793614547571058,1.86027871209955,1.410342511752849,Sideways,9.208603628194222e-09,1.912648917175197e-64,5.5694575314131025e-25,0.9999999907922756
2023-03-22,17151.900390625,0.002592013577443892,14.8100004196167,6.75,7.36,0.4848250000000007,5.793614547571058,1.86027871209955,1.410342511752849,Sideways,2.8638633460233193e-08,1.8234422415050364e-64,4.1054103447498387e-25,0.9999999713618313
2023-03-23,17076.900390625,-0.0043822814890137705,14.489999771118164,6.75,7.36,0.4848250000000007,5.793614547571058,1.86027871209955,1.410342511752849,Sideways,1.0208933048873549e-08,1.536960969944834e-64,5.867472055292337e-25,0.9999999897918315
2023-03-24,16945.05078125,-0.007750894050448838,15.239999771118164,6.75,7.36,0.4848250000000007,5.793614547571058,1.86027871209955,1.410342511752849,Sideways,8.161893328622293e-10,1.4581071290120198e-64,1.093435301439167e-24,0.9999999991850927
2023-03-27,16985.69921875,0.002395965721106003,15.449999809265137,6.75,7.36,0.4848250000000007,5.793614547571058,1.86027871209955,1.410342511752849,Sideways,1.9831770385011837e-09,1.5780543597707074e-64,7.029492877753189e-25,0.9999999980173016
2023-03-28,16951.69921875,-0.0020036899079230227,15.100000381469727,6.75,7.36,0.4848250000000007,5.793614547571058,1.86027871209955,1.410342511752849,Sideways,1.6681475539018754e-09,1.3902226282077382e-64,8.05236092917108e-25,0.9999999983301677
2023-03-29,17080.69921875,0.0075810476927372725,13.630000114440918,6.75,7.36,0.4848250000000007,5.793614547571058,1.86027871209955,1.410342511752849,Sideways,3.4839402383870583e-06,3.822698421610438e-64,2.490475703832197e-24,0.9999965160592845
2023-04-03,17398.05078125,0.002203867672376198,12.59000015258789,6.75,7.18,0.3679749999999995,5.090099342761301,2.62451307993998,-0.7879185817465606,Sideways,0.028917765132576656,6.370481254769942e-70,8.601597750392216e-31,0.9710822348672362
2023-04-06,17599.150390625,0.002395004471214228,11.800000190734863,6.75,7.18,0.3679749999999995,5.090099342761301,2.62451307993998,-0.7879185817465606,Bull,0.47964114996091656,7.383237696388959e-70,6.421686718344727e-31,0.520358850038799
2023-04-11,17722.30078125,0.005559286811614234,11.979999542236328,6.75,7.18,0.3679749999999995,5.090099342761301,2.62451307993998,-0.7879185817465606,Bull,0.8742944539508051,2.927293850102137e-70,1.5690181653896578e-31,0.1257055460480019
2023-04-12,17812.400390625,0.005071088231309614,12.270000457763672,6.75,7.18,0.3679749999999995,5.090099342761301,2.62451307993998,-0.7879185817465606,Bull,0.9930954160578608,2.0260554897495003e-71,7.90834557417622e-33,0.006904583943507496
2023-04-13,17828.0,0.0008753891763391581,11.90999984741211,6.75,7.18,0.3679749999999995,5.090099342761301,2.62451307993998,-0.7879185817465606,Bull,0.9997287323583097,1.7950866509612573e-72,7.729888887346287e-34,0.000271267641850508
2023-04-18,17660.150390625,-0.0026408372714739102,12.079999923706055,6.75,7.18,0.3679749999999995,5.090099342761301,2.62451307993998,-0.7879185817465606,Bull,0.9999159181160042,4.287073164121768e-72,3.7621178312682884e-33,8.408188396545418e-05
2023-04-19,17618.75,-0.0023470351496987078,12.149999618530273,6.75,7.18,0.3679749999999995,5.090099342761301,2.62451307993998,-0.7879185817465606,Bull,0.9999332821746243,5.196622533078263e-72,5.830073004147336e-33,6.671782690240327e-05
2023-04-20,17624.44921875,0.00032342232975522987,11.9399995803833,6.75,7.18,0.3679749999999995,5.090099342761301,2.62451307993998,-0.7879185817465606,Bull,0.9999481029305678,4.3623947056541104e-72,7.503675815857739e-33,5.189707055024001e-05
2023-04-21,17624.05078125,-2.260734499433094e-05,11.630000114440918,6.75,7.18,0.3679749999999995,5.090099342761301,2.62451307993998,-0.7879185817465606,Bull,0.9999515021200677,4.739399347660521e-72,1.0745322492951105e-32,4.849787865062605e-05
2023-04-24,17743.400390625,0.006749146939408538,11.670000076293945,6.75,7.18,0.3679749999999995,5.090099342761301,2.62451307993998,-0.7879185817465606,Bull,0.9999805379922996,2.591548114218958e-72,4.064181032209306e-33,1.9462008634109918e-05
2023-04-25,17769.25,0.0014557975062981768,11.520000457763672,6.75,7.18,0.3679749999999995,5.090099342761301,2.62451307993998,-0.7879185817465606,Bull,0.9999897352371824,1.4915934635201773e-72,2.043167956840817e-33,1.0264762078943247e-05
2023-04-26,17813.599609375,0.002492753268886545,11.649999618530273,6.75,7.18,0.3679749999999995,5.090099342761301,2.62451307993998,-0.7879185817465606,Bull,0.999992456868568,1.2667525595506963e-72,1.5249783814689742e-33,7.543131978145179e-06
2023-04-27,17915.05078125,0.005678996739265909,11.430000305175781,6.75,7.18,0.3679749999999995,5.090099342761301,2.62451307993998,-0.7879185817465606,Bull,0.9999955944646627,9.609021338304529e-73,1.0904775174274422e-33,4.40553583568445e-06
2023-04-28,18065.0,0.008335179280697748,10.949999809265137,6.75,7.18,0.3679749999999995,5.090099342761301,2.62451307993998,-0.7879185817465606,Bull,0.9999981921335318,5.613101759143028e-73,5.168442020355534e-34,1.8078649520123675e-06
2023-05-03,18089.849609375,-0.003190111363585117,11.84000015258789,6.75,7.0125,0.14915000000000056,4.418653739261358,5.40107025674972,-3.612903225806452,Bull,0.9999989618778204,4.489039092728627e-86,9.190383303265047e-52,1.0381213486901618e-06
2023-05-04,18255.80078125,0.009131894646700034,11.729999542236328,6.75,7.0125,0.14915000000000056,4.418653739261358,5.40107025674972,-3.612903225806452,Bull,0.9999994088759123,4.037568275608412e-86,5.7689941536908746e-52,5.911231979736398e-07
2023-05-05,18069.0,-0.010285117822267788,12.300000190734863,6.75,7.0125,0.14915000000000056,4.418653739261358,5.40107025674972,-3.612903225806452,Bull,0.999997105715561,1.2501972539977375e-85,3.014018785184212e-51,2.894283799896434e-06
2023-05-08,18264.400390625,0.010756068652657526,12.640000343322754,6.75,7.0125,0.14915000000000056,4.418653739261358,5.40107025674972,-3.612903225806452,Bull,0.9999991839616688,5.780748458124677e-86,4.7795817549429815e-52,8.160386785753978e-07
2023-05-09,18265.94921875,8.479678637020549e-05,12.680000305175781,6.75,7.0125,0.14915000000000056,4.418653739261358,5.40107025674972,-3.612903225806452,Bull,0.9999996235492998,2.2295352550226415e-86,1.3259933060748459e-52,3.764511449995043e-07
2023-05-10,18315.099609375,0.0026872067245805376,13.079999923706055,6.75,7.0125,0.14915000000000056,4.418653739261358,5.40107025674972,-3.612903225806452,Bull,0.9999996161096361,2.620311742815052e-86,1.2329945811855154e-52,3.838890934785717e-07
2023-05-11,18297.0,-0.0009887229108728535,13.220000267028809,6.75,7.0125,0.14915000000000056,4.418653739261358,5.40107025674972,-3.612903225806452,Bull,0.9999995381987148,2.9372560957431423e-86,1.4049305506527214e-52,4.618013249621534e-07
2023-05-12,18314.80078125,0.0009724068345624825,12.850000381469727,6.75,7.0125,0.14915000000000056,4.418653739261358,5.40107025674972,-3.612903225806452,Bull,0.9999996463557806,2.2548279200950615e-86,1.172023705898553e-52,3.536446126371882e-07
2023-05-15,18398.849609375,0.004578622613795238,13.170000076293945,6.75,7.0125,0.14915000000000056,4.418653739261358,5.40107025674972,-3.612903225806452,Bull,0.9999996661973103,2.6639154363847295e-86,1.014383588220906e-52,3.3380260991968214e-07
2023-05-16,18286.5,-0.0061250587396132535,13.289999961853027,6.75,7.0125,0.14915000000000056,4.418653739261358,5.40107025674972,-3.612903225806452,Bull,0.9999992023552747,4.7717134750253984e-86,2.7082225240989218e-52,7.97644849149508e-07
2023-05-17,18181.75,-0.005744738948538704,13.109999656677246,6.75,7.0125,0.14915000000000056,4.418653739261358,5.40107025674972,-3.612903225806452,Bull,0.9999986920528867,6.0886391901473065e-86,4.840258645256972e-52,1.3079459711286186e-06
2023-05-18,18129.94921875,-0.0028531199312594804,12.800000190734863,6.75,7.0125,0.14915000000000056,4.418653739261358,5.40107025674972,-3.612903225806452,Bull,0.999998729964215,5.1002331829039094e-86,4.930801816383531e-52,1.270034304018552e-06
2023-05-19,18203.400390625,0.004043187469679982,12.300000190734863,6.75,7.0125,0.14915000000000056,4.418653739261358,5.40107025674972,-3.612903225806452,Bull,0.9999993268941116,3.1375879447164043e-86,2.8937284798606768e-52,6.731057916033102e-07
2023-05-22,18314.400390625,0.0060792457091855085,12.569999694824219,6.75,7.0125,0.14915000000000056,4.418653739261358,5.40107025674972,-3.612903225806452,Bull,0.9999995169529287,2.9127349798041042e-86,1.738928348287977e-52,4.830471650303121e-07
2023-05-23,18348.0,0.0018329197446846867,12.609999656677246,6.75,7.0125,0.14915000000000056,4.418653739261358,5.40107025674972,-3.612903225806452,Bull,0.9999996562438036,2.0704794166768745e-86,1.0140793408968139e-52,3.4375736466294063e-07
2023-05-24,18285.400390625,-0.003417628155656871,13.109999656677246,6.75,7.0125,0.14915000000000056,4.418653739261358,5.40107025674972,-3.612903225806452,Bull,0.9999993042222433,3.711632522322192e-86,2.0338170795627867e-52,6.957771298340913e-07
2023-05-25,18321.150390625,0.0019532029433287895,12.520000457763672,6.75,7.0125,0.14915000000000056,4.418653739261358,5.40107025674972,-3.612903225806452,Bull,0.9999995955150461,2.2354051571241768e-86,1.2978777293866368e-52,4.0448329415211004e-07
2023-05-26,18499.349609375,0.009679423693686186,11.899999618530273,6.75,7.0125,0.14915000000000056,4.418653739261358,5.40107025674972,-3.612903225806452,Bull,0.9999996647603091,2.9540847157906997e-86,1.5480106019114173e-52,3.352391142164311e-07
2023-05-29,18598.650390625,0.005353443226476252,12.300000190734863,6.75,7.0125,0.14915000000000056,4.418653739261358,5.40107025674972,-3.612903225806452,Bull,0.9999998256571568,1.7266063197587275e-86,4.638025780079207e-53,1.7434308156023568e-07
2023-05-30,18633.849609375,0.0018907797884415813,12.010000228881836,6.75,7.0125,0.14915000000000056,4.418653739261358,5.40107025674972,-3.612903225806452,Bull,0.9999998771563772,1.2257609495804435e-86,3.4298490616078257e-53,1.2284190233890177e-07
2023-05-31,18534.400390625,-0.005351312266430236,11.970000267028809,6.75,7.0125,0.14915000000000056,4.418653739261358,5.40107025674972,-3.612903225806452,Bull,0.9999997710874857,1.7843327369271253e-86,7.8770281018509055e-53,2.2891169461615554e-07
2023-06-01,18487.75,-0.0025201353688439534,11.600000381469727,6.75,7.054,0.2901800000000003,5.572774774951994,2.85302772462239,-4.182754182754178,Bull,0.9999986127450556,6.185997149507106e-76,1.4905120459148515e-29,1.3872555175156514e-06
2023-06-02,18534.099609375,0.002503906967370625,11.130000114440918,6.75,7.054,0.2901800000000003,5.572774774951994,2.85302772462239,-4.182754182754178,Bull,0.9999988140014223,5.961621151248213e-76,1.9355992663962867e-29,1.1859997566128784e-06
2023-06-05,18593.849609375,0.0032186023111129003,11.140000343322754,6.75,7.054,0.2901800000000003,5.572774774951994,2.85302772462239,-4.182754182754178,Bull,0.9999987165182626,7.467451263921561e-76,2.5629753155682383e-29,1.283481623936932e-06
2023-06-06,18599.0,0.00027695595857881204,11.380000114440918,6.75,7.054,0.2901800000000003,5.572774774951994,2.85302772462239,-4.182754182754178,Bull,0.9999987568961383,7.016079455928884e-76,2.1099481945854985e-29,1.243103060442373e-06
2023-06-07,18726.400390625,0.006826497990157328,11.4399995803833,6.75,7.054,0.2901800000000003,5.572774774951994,2.85302772462239,-4.182754182754178,Bull,0.9999988125025768,9.360827192550092e-76,2.0003664604255166e-29,1.1874966684999161e-06
2023-06-08,18634.55078125,-0.004916887367083021,11.260000228881836,6.75,7.054,0.2901800000000003,5.572774774951994,2.85302772462239,-4.182754182754178,Bull,0.9999986877382495,7.625363193307263e-76,2.21479998928209e-29,1.3122634874598761e-06
2023-06-09,18563.400390625,-0.003825505177262602,11.119999885559082,6.75,7.054,0.2901800000000003,5.572774774951994,2.85302772462239,-4.182754182754178,Bull,0.999998561584232,7.057815944350663e-76,2.5206001598623523e-29,1.4384156163647199e-06
2023-06-12,18601.5,0.0020503013499982166,11.25,6.75,7.054,0.2901800000000003,5.572774774951994,2.85302772462239,-4.182754182754178,Bull,0.9999988540518843,6.135171801330808e-76,1.7546902769133487e-29,1.1459472479884894e-06
2023-06-13,18716.150390625,0.00614458574708609,11.109999656677246,6.75,7.054,0.2901800000000003,5.572774774951994,2.85302772462239,-4.182754182754178,Bull,0.9999988324132114,8.441380006094041e-76,2.1561237441917502e-29,1.1675872183526745e-06
2023-06-14,18755.900390625,0.002121582036807868,11.15999984741211,6.75,7.054,0.2901800000000003,5.572774774951994,2.85302772462239,-4.182754182754178,Bull,0.9999989728281253,7.668216763424121e-76,1.7808726740663188e-29,1.0271703457021418e-06
2023-06-15,18688.099609375,-0.0036214536561356998,11.079999923706055,6.75,7.054,0.2901800000000003,5.572774774951994,2.85302772462239,-4.182754182754178,Bull,0.9999986745251279,8.305218209221243e-76,2.6199460319808074e-29,1.3254748450385323e-06
2023-06-16,18826.0,0.007351956368470602,10.84000015258789,6.75,7.054,0.2901800000000003,5.572774774951994,2.85302772462239,-4.182754182754178,Bull,0.9999987623749276,1.1288037398393664e-75,2.791052513341958e-29,1.237625987420877e-06
2023-06-19,18755.44921875,-0.003754557931873424,11.229999542236328,6.75,7.054,0.2901800000000003,5.572774774951994,2.85302772462239,-4.182754182754178,Bull,0.9999988965979986,7.674136046793235e-76,1.778071472349991e-29,1.1034037986936185e-06
2023-06-20,18816.69921875,0.0032603966930515953,11.130000114440918,6.75,7.054,0.2901800000000003,5.572774774951994,2.85302772462239,-4.182754182754178,Bull,0.9999990887922253,7.402832916110181e-76,1.4189071179725962e-29,9.112085872680881e-07
2023-06-21,18856.849609375,0.0021314905059401927,11.289999961853027,6.75,7.054,0.2901800000000003,5.572774774951994,2.85302772462239,-4.182754182754178,Bull,0.9999991256521937,7.472209416096804e-76,1.2882619203715732e-29,8.743478834408717e-07
2023-06-22,18771.25,-0.004549778379793411,11.550000190734863,6.75,7.054,0.2901800000000003,5.572774774951994,2.85302772462239,-4.182754182754178,Bull,0.99999885035934,7.853106062218313e-76,1.5816709462189932e-29,1.1496408595762237e-06
2023-06-23,18665.5,-0.005649543898520234,11.239999771118164,6.75,7.054,0.2901800000000003,5.572774774951994,2.85302772462239,-4.182754182754178,Bull,0.9999982495443732,9.668083895159027e-76,3.580489996238524e-29,1.7504552822280454e-06
2023-06-26,18691.19921875,0.0013758829522746805,11.399999618530273,6.75,7.054,0.2901800000000003,5.572774774951994,2.85302772462239,-4.182754182754178,Bull,0.9999987042073581,7.550540210891571e-76,2.172055723971229e-29,1.2957911926733795e-06
2023-06-27,18817.400390625,0.006729211402828641,10.779999732971191,6.75,7.054,0.2901800000000003,5.572774774951994,2.85302772462239,-4.182754182754178,Bull,0.9999987488816809,1.0217359138401004e-75,2.8806089184232726e-29,1.2511194302298665e-06
2023-06-28,18972.099609375,0.008187463868637099,10.890000343322754,6.75,7.054,0.2901800000000003,5.572774774951994,2.85302772462239,-4.182754182754178,Bull,0.9999989295762406,1.1371236281485745e-75,2.3204552760382828e-29,1.0704219571596664e-06
2023-07-03,19322.55078125,0.006933003527425256,11.539999961853027,6.75,7.1125,0.38907500000000006,7.54430241771511,4.46642832269215,-1.2337662337662425,Bull,0.9999952868167497,2.2702808319003417e-69,1.1204273733777482e-47,4.713184959238029e-06
2023-07-04,19389.0,0.0034330468644171055,11.699999809265137,6.75,7.1125,0.38907500000000006,7.54430241771511,4.46642832269215,-1.2337662337662425,Bull,0.9999965378870815,1.7359017742863134e-69,6.397765359288917e-48,3.4621131525356193e-06
2023-07-05,19398.5,0.0004898485434720244,11.880000114440918,6.75,7.1125,0.38907500000000006,7.54430241771511,4.46642832269215,-1.2337662337662425,Bull,0.9999966451998147,1.6503559179979924e-69,5.506740794600772e-48,3.3548016921078983e-06
2023-07-06,19497.30078125,0.005080291021865595,11.84000015258789,6.75,7.1125,0.38907500000000006,7.54430241771511,4.46642832269215,-1.2337662337662425,Bull,0.9999965958871786,2.0843405233304188e-69,6.302240992017671e-48,3.404112958138314e-06
2023-07-07,19331.80078125,-0.008524585713268293,11.529999732971191,6.75,7.1125,0.38907500000000006,7.54430241771511,4.46642832269215,-1.2337662337662425,Bull,0.9999939998449848,2.2509880258623313e-69,1.4856160092449975e-47,6.000155067658918e-06
2023-07-10,19355.900390625,0.0012458539412885826,11.460000038146973,6.75,7.1125,0.38907500000000006,7.54430241771511,4.46642832269215,-1.2337662337662425,Bull,0.9999969634964773,1.147678324357993e-69,5.645397684261148e-48,3.0365049515808375e-06
2023-07-11,19439.400390625,0.004304651710725516,11.010000228881836,6.75,7.1125,0.38907500000000006,7.54430241771511,4.46642832269215,-1.2337662337662425,Bull,0.9999968147945562,1.560746490128786e-69,8.358911190705518e-48,3.185204930488855e-06
2023-07-12,19384.30078125,-0.00283845407345589,10.9399995803833,6.75,7.1125,0.38907500000000006,7.54430241771511,4.46642832269215,-1.2337662337662425,Bull,0.9999966767628133,1.3129346051251213e-69,8.456439509978953e-48,3.323237332397052e-06
2023-07-13,19413.75,0.0015180775225879406,10.9399995803833,6.75,7.1125,0.38907500000000006,7.54430241771511,4.46642832269215,-1.2337662337662425,Bull,0.9999969286010911,1.3072396570768039e-69,7.809461306480921e-48,3.07139885739137e-06
2023-07-14,19564.5,0.007735121594226721,10.680000305175781,6.75,7.1125,0.38907500000000006,7.54430241771511,4.46642832269215,-1.2337662337662425,Bull,0.999996068720517,2.609343052677011e-69,1.390522551651377e-47,3.9312805631772805e-06
2023-07-17,19711.44921875,0.007482946045497489,11.319999694824219,6.75,7.1125,0.38907500000000006,7.54430241771511,4.46642832269215,-1.2337662337662425,Bull,0.9999968958011755,2.730243930169486e-69,8.085100982037678e-48,3.1042001131463213e-06
2023-07-18,19749.25,0.0019158704007220429,11.710000038146973,6.75,7.1125,0.38907500000000006,7.54430241771511,4.46642832269215,-1.2337662337662425,Bull,0.9999977636969101,1.942692146419193e-69,4.135485193322102e-48,2.2363042925710632e-06
2023-07-19,19833.150390625,0.00423928389630214,11.600000381469727,6.75,7.1125,0.38907500000000006,7.54430241771511,4.46642832269215,-1.2337662337662425,Bull,0.9999976653662056,2.48953594992451e-69,5.407639677013665e-48,2.334632372570265e-06
2023-07-20,19979.150390625,0.007334449485705515,11.789999961853027,6.75,7.1125,0.38907500000000006,7.54430241771511,4.46642832269215,-1.2337662337662425,Bull,0.9999972924415762,4.1275128183025424e-69,6.828740523861507e-48,2.707557396715509e-06
2023-07-21,19745.0,-0.011788954585924888,11.489999771118164,6.75,7.1125,0.38907500000000006,7.54430241771511,4.46642832269215,-1.2337662337662425,Bull,0.999992603237914,5.37968932979879e-69,2.3497602802795483e-47,7.3967634536255545e-06
2023-07-24,19672.349609375,-0.0036862180542648424,11.649999618530273,6.75,7.1125,0.38907500000000006,7.54430241771511,4.46642832269215,-1.2337662337662425,Bull,0.9999971816654276,1.4372455750044248e-69,4.368166047405334e-48,2.8183343324251807e-06
2023-07-25,19680.599609375,0.00041928243166748923,10.239999771118164,6.75,7.1125,0.38907500000000006,7.54430241771511,4.46642832269215,-1.2337662337662425,Bull,0.9999975092281699,1.3458358069838876e-69,8.452883906133614e-48,2.490770284039634e-06
2023-07-26,19778.30078125,0.0049520574860006375,10.460000038146973,6.75,7.1125,0.38907500000000006,7.54430241771511,4.46642832269215,-1.2337662337662425,Bull,0.9999976011269278,1.736287189828151e-69,7.681956506980393e-48,2.3988715720977385e-06
2023-07-27,19659.900390625,-0.006004368496797154,10.510000228881836,6.75,7.1125,0.38907500000000006,7.54430241771511,4.46642832269215,-1.2337662337662425,Bull,0.9999962230029656,1.8237445314990857e-69,1.2209246099559206e-47,3.7769972307437202e-06
2023-07-28,19646.05078125,-0.0007047080421790248,10.140000343322754,6.75,7.1125,0.38907500000000006,7.54430241771511,4.46642832269215,-1.2337662337662425,Bull,0.9999970548131102,1.3388818132920095e-69,1.0480240766626596e-47,2.945187708432109e-06
2023-07-31,19753.80078125,0.005469577389253641,10.40999984741211,6.75,7.1125,0.38907500000000006,7.54430241771511,4.46642832269215,-1.2337662337662425,Bull,0.9999973646989183,1.6985260121722888e-69,9.185545875196698e-48,2.635302595327493e-06
2023-08-01,19733.55078125,-0.0010256449710540406,10.279999732971191,6.75,7.185,0.38437499999999947,6.912412198882967,11.8709132182268,-0.4569190600522077,Bull,0.9999996643637695,7.619198261227426e-69,1.1902468408349532e-33,3.356359584961384e-07
2023-08-02,19526.55078125,-0.010545154493387934,11.279999732971191,6.75,7.185,0.38437499999999947,6.912412198882967,11.8709132182268,-0.4569190600522077,Bull,0.9999984438885178,2.042380264929403e-68,4.971218663067929e-33,1.5561106882521825e-06
2023-08-03,19381.650390625,-0.007448355676119346,11.1899995803833,6.75,7.185,0.38437499999999947,6.912412198882967,11.8709132182268,-0.4569190600522077,Bull,0.9999982245806067,1.4836292444901565e-68,4.687004159286122e-33,1.7754201743398782e-06
2023-08-04,19517.0,0.006959118337332752,10.569999694824219,6.75,7.185,0.38437499999999947,6.912412198882967,11.8709132182268,-0.4569190600522077,Bull,0.9999991352091557,1.081269860968762e-68,2.8141008332037033e-33,8.647901711335036e-07
2023-08-07,19597.30078125,0.004105960861445235,11.100000381469727,6.75,7.185,0.38437499999999947,6.912412198882967,11.8709132182268,-0.4569190600522077,Bull,0.9999994641113134,7.617149518304641e-69,1.0693163333871443e-33,5.358879239360408e-07
2023-08-08,19570.849609375,-0.0013506471779916257,11.329999923706055,6.75,7.185,0.38437499999999947,6.912412198882967,11.8709132182268,-0.4569190600522077,Bull,0.9999994551437005,6.735510503977273e-69,9.365498450457402e-34,5.448559615478746e-07
2023-08-09,19632.55078125,0.0031477485221408875,11.140000343322754,6.75,7.185,0.38437499999999947,6.912412198882967,11.8709132182268,-0.4569190600522077,Bull,0.9999995260078536,6.925825430596112e-69,8.978250374074123e-34,4.739936380450551e-07
2023-08-10,19543.099609375,-0.004566679886024027,11.399999618530273,6.75,7.185,0.38437499999999947,6.912412198882967,11.8709132182268,-0.4569190600522077,Bull,0.9999992111919183,8.63135993151402e-69,1.4236849068107108e-33,7.888089664831403e-07
2023-08-11,19428.30078125,-0.005891456761763215,11.520000457763672,6.75,7.185,0.38437499999999947,6.912412198882967,11.8709132182268,-0.4569190600522077,Bull,0.9999986662269094,1.0765238196753964e-68,2.7104550075358044e-33,1.3337717895051381e-06
2023-08-14,19434.55078125,0.0003216439248586792,12.0,6.75,7.185,0.38437499999999947,6.912412198882967,11.8709132182268,-0.4569190600522077,Bull,0.9999990824184923,7.325999289326824e-69,1.3498673493826091e-33,9.175816406218688e-07
2023-08-17,19365.25,-0.005137758290060533,12.239999771118164,6.75,7.185,0.38437499999999947,6.912412198882967,11.8709132182268,-0.4569190600522077,Bull,0.9999981947019403,1.2035271872279957e-68,2.9052889894917435e-33,1.8052964959885588e-06
2023-08-18,19310.150390625,-0.0028493381372506382,12.140000343322754,6.75,7.185,0.38437499999999947,6.912412198882967,11.8709132182268,-0.4569190600522077,Bull,0.9999980912998606,1.0801165715102155e-68,3.1796766631674376e-33,1.9086986831365434e-06
2023-08-21,19393.599609375,0.0043122099570484,11.960000038146973,6.75,7.185,0.38437499999999947,6.912412198882967,11.8709132182268,-0.4569190600522077,Bull,0.9999987728049999,8.693922055990345e-69,2.2732879181459147e-33,1.2271958382762331e-06
2023-08-22,19396.44921875,0.00014692476375842436,11.75,6.75,7.185,0.38437499999999947,6.912412198882967,11.8709132182268,-0.4569190600522077,Bull,0.9999988741480564,7.679171011156537e-69,2.640132787513904e-33,1.1258523869800054e-06
2023-08-23,19444.0,0.0024485198272942723,11.729999542236328,6.75,7.185,0.38437499999999947,6.912412198882967,11.8709132182268,-0.4569190600522077,Bull,0.9999990432120315,7.303118771717845e-69,2.2150905900895338e-33,9.567881706182677e-07
2023-08-24,19386.69921875,-0.0029513155310064644,11.699999809265137,6.75,7.185,0.38437499999999947,6.912412198882967,11.8709132182268,-0.4569190600522077,Bull,0.9999986335651797,8.627845981560085e-69,3.396686851251517e-33,1.3664365368360746e-06
2023-08-25,19265.80078125,-0.0062556798015631025,12.079999923706055,6.75,7.185,0.38437499999999947,6.912412198882967,11.8709132182268,-0.4569190600522077,Bull,0.9999963211661819,1.7843789585618749e-68,1.0556475380560817e-32,3.6788346219035063e-06
2023-08-28,19306.05078125,0.0020870149074536447,12.399999618530273,6.75,7.185,0.38437499999999947,6.912412198882967,11.8709132182268,-0.4569190600522077,Bull,0.9999976759599752,1.2286110393196888e-68,4.7543898294625444e-33,2.3240387910801453e-06
2023-08-29,19342.650390625,0.0018939637920959618,12.229999542236328,6.75,7.185,0.38437499999999947,6.912412198882967,11.8709132182268,-0.4569190600522077,Bull,0.9999981695162588,1.0348663696803732e-68,3.8001183147135255e-33,1.8304824773236824e-06
2023-08-30,19347.44921875,0.00024806491573087567,11.800000190734863,6.75,7.185,0.38437499999999947,6.912412198882967,11.8709132182268,-0.4569190600522077,Bull,0.9999982189344736,9.830214588552266e-69,4.775872713124566e-33,1.7810655256163261e-06
2023-08-31,19253.80078125,-0.004852103039648143,12.0600004196167,6.75,7.185,0.38437499999999947,6.912412198882967,11.8709132182268,-0.4569190600522077,Bull,0.9999961658869158,1.7279415055439357e-68,1.1402413478109277e-32,3.8341141649947915e-06
2023-09-01,19435.30078125,0.009382556025202547,11.369999885559082,6.75,7.172,0.33407999999999927,4.722001975652046,7.34344959415765,-0.06583278472679366,Bull,0.9999999294013857,3.355207029764006e-76,1.240021388206317e-43,7.060015262977329e-08
2023-09-04,19528.80078125,0.004799298621963187,10.960000038146973,6.75,7.172,0.33407999999999927,4.722001975652046,7.34344959415765,-0.06583278472679366,Bull,0.9999999670508265,1.8155731050791683e-76,5.425859431454897e-44,3.294783603442446e-08
2023-09-05,19574.900390625,0.002357814188949651,10.819999694824219,6.75,7.172,0.33407999999999927,4.722001975652046,7.34344959415765,-0.06583278472679366,Bull,0.9999999706633393,1.7592962745767716e-76,5.267724027181727e-44,2.933787049232836e-08
2023-09-06,19611.05078125,0.0018450694598145603,10.680000305175781,6.75,7.172,0.33407999999999927,4.722001975652046,7.34344959415765,-0.06583278472679366,Bull,0.999999971754733,1.8332644216251776e-76,5.544959405537497e-44,2.8244374868062517e-08
2023-09-07,19727.05078125,0.005897607236551244,10.869999885559082,6.75,7.172,0.33407999999999927,4.722001975652046,7.34344959415765,-0.06583278472679366,Bull,0.9999999767642296,2.0671435124954013e-76,4.064660294461e-44,2.323602150617345e-08
2023-09-08,19819.94921875,0.004698136818212182,10.779999732971191,6.75,7.172,0.33407999999999927,4.722001975652046,7.34344959415765,-0.06583278472679366,Bull,0.9999999819519872,1.965700292644909e-76,2.932365900483898e-44,1.8047712864557217e-08
2023-09-11,19996.349609375,0.008860770587058942,11.350000381469727,6.75,7.172,0.33407999999999927,4.722001975652046,7.34344959415765,-0.06583278472679366,Bull,0.9999999786159608,3.8662877988624723e-76,2.9788510238271286e-44,2.138373437924381e-08
2023-09-12,19993.19921875,-0.00015756069892455075,11.6899995803833,6.75,7.172,0.33407999999999927,4.722001975652046,7.34344959415765,-0.06583278472679366,Bull,0.9999999851643225,2.3164067604479984e-76,1.3981794702672444e-44,1.4836789365745221e-08
2023-09-13,20070.0,0.003833986143147051,11.829999923706055,6.75,7.172,0.33407999999999927,4.722001975652046,7.34344959415765,-0.06583278472679366,Bull,0.9999999852079783,2.7656672073342504e-76,1.4071393099678976e-44,1.47936732556755e-08
2023-09-14,20103.099609375,0.0016478497893743786,11.319999694824219,6.75,7.172,0.33407999999999927,4.722001975652046,7.34344959415765,-0.06583278472679366,Bull,0.9999999849715097,2.918246921663715e-76,2.004842096397938e-44,1.502897157060923e-08
2023-09-15,20192.349609375,0.004429787863222843,10.899999618530273,6.75,7.172,0.33407999999999927,4.722001975652046,7.34344959415765,-0.06583278472679366,Bull,0.9999999832216419,4.0549657977812657e-76,3.308925828856455e-44,1.677758301396427e-08
2023-09-18,20133.30078125,-0.0029286010148227575,10.84000015258789,6.75,7.172,0.33407999999999927,4.722001975652046,7.34344959415765,-0.06583278472679366,Bull,0.9999999842693797,2.979289384947354e-76,2.872806650997046e-44,1.5731270954169807e-08
2023-09-21,19742.349609375,-0.00802404589005525,10.819999694824219,6.75,7.172,0.33407999999999927,4.722001975652046,7.34344959415765,-0.06583278472679366,Bull,0.999999958617992,2.7378080577219694e-76,8.691800456090419e-44,4.1382896914086955e-08
2023-09-22,19674.25,-0.0034553806166447805,10.65999984741211,6.75,7.172,0.33407999999999927,4.722001975652046,7.34344959415765,-0.06583278472679366,Bull,0.9999999675928853,1.7217597014420355e-76,5.620240459588196e-44,3.240794812080582e-08
2023-09-25,19674.55078125,1.5287950028248088e-05,10.899999618530273,6.75,7.172,0.33407999999999927,4.722001975652046,7.34344959415765,-0.06583278472679366,Bull,0.9999999715291783,1.4936791525613863e-76,4.195561208125919e-44,2.8470698704008483e-08
2023-09-26,19664.69921875,-0.0005008515772894238,11.1899995803833,6.75,7.172,0.33407999999999927,4.722001975652046,7.34344959415765,-0.06583278472679366,Bull,0.999999965926691,1.7368739522388735e-76,5.062749284530096e-44,3.4072961089981985e-08
2023-09-27,19716.44921875,0.002628162551917123,11.59000015258789,6.75,7.172,0.33407999999999927,4.722001975652046,7.34344959415765,-0.06583278472679366,Bull,0.9999999704923543,1.722617654114052e-76,3.5567940222599264e-44,2.9507136029188578e-08
2023-09-28,19523.55078125,-0.009831803841213342,12.819999694824219,6.75,7.172,0.33407999999999927,4.722001975652046,7.34344959415765,-0.06583278472679366,Bull,0.9999998134117224,7.199657319132842e-76,1.9235010530129183e-43,1.8658815524540086e-07
2023-09-29,19638.30078125,0.005860311697675281,11.449999809265137,6.75,7.172,0.33407999999999927,4.722001975652046,7.34344959415765,-0.06583278472679366,Bull,0.9999999612336986,1.8614360683692614e-76,4.2160084115242096e-44,3.8765516928712065e-08
2023-10-04,19436.099609375,-0.004755597219883326,11.65999984741211,6.75,7.35,0.45644999999999936,4.452841148844522,12.1938328358572,-0.2616088947024253,Bull,0.9999999089050148,8.645227744895789e-70,5.683257971476808e-49,9.109544057497927e-08
2023-10-05,19545.75,0.005625729970019748,10.9399995803833,6.75,7.35,0.45644999999999936,4.452841148844522,12.1938328358572,-0.2616088947024253,Bull,0.9999999501960714,6.469222395705004e-70,4.453473428021119e-49,4.980413886644692e-08
2023-10-06,19653.5,0.005497568008546022,10.300000190734863,6.75,7.35,0.45644999999999936,4.452841148844522,12.1938328358572,-0.2616088947024253,Bull,0.9999999657520681,5.805370196827754e-70,3.9586963286364255e-49,3.4248216616960474e-08
2023-10-09,19512.349609375,-0.007207861089913015,11.399999618530273,6.75,7.35,0.45644999999999936,4.452841148844522,12.1938328358572,-0.2616088947024253,Bull,0.999999920393751,8.957246937809944e-70,5.7840360806349245e-49,7.960643587153259e-08
2023-10-10,19689.849609375,0.0090556762901256,11.270000457763672,6.75,7.35,0.45644999999999936,4.452841148844522,12.1938328358572,-0.2616088947024253,Bull,0.999999960487913,7.453207493790727e-70,2.5947952933338605e-49,3.95108788391513e-08
2023-10-11,19811.349609375,0.00615173136873013,10.989999771118164,6.75,7.35,0.45644999999999936,4.452841148844522,12.1938328358572,-0.2616088947024253,Bull,0.9999999805149857,4.621561460840974e-70,1.1068467832911118e-49,1.9483935929799134e-08
2023-10-12,19794.0,-0.0008761245971014768,10.619999885559082,6.75,7.35,0.45644999999999936,4.452841148844522,12.1938328358572,-0.2616088947024253,Bull,0.9999999827305147,3.636917560997951e-70,1.0511990086763704e-49,1.7268237997038167e-08
2023-10-13,19751.05078125,-0.002172167428733089,10.619999885559082,6.75,7.35,0.45644999999999936,4.452841148844522,12.1938328358572,-0.2616088947024253,Bull,0.9999999795436454,3.847582941598665e-70,1.459578271857696e-49,2.0456977508548416e-08
2023-10-16,19731.75,-0.0009776805295215437,11.069999694824219,6.75,7.35,0.45644999999999936,4.452841148844522,12.1938328358572,-0.2616088947024253,Bull,0.9999999798637875,3.5428209609831145e-70,1.109810531899579e-49,2.0136536847406692e-08
2023-10-17,19811.5,0.004033563661320618,10.699999809265137,6.75,7.35,0.45644999999999936,4.452841148844522,12.1938328358572,-0.2616088947024253,Bull,0.9999999825522538,3.875018379509905e-70,1.1855629291071015e-49,1.7446078850477987e-08
2023-10-18,19671.099609375,-0.007112043473065063,10.970000267028809,6.75,7.35,0.45644999999999936,4.452841148844522,12.1938328358572,-0.2616088947024253,Bull,0.9999999571773523,6.52268392900804e-70,3.097162522394256e-49,4.28216056419941e-08
2023-10-19,19624.69921875,-0.002361596586600212,10.899999618530273,6.75,7.35,0.45644999999999936,4.452841148844522,12.1938328358572,-0.2616088947024253,Bull,0.9999999658975872,4.507631883708609e-70,2.1752528185722752e-49,3.4102066712597666e-08
2023-10-20,19542.650390625,-0.004189660467809165,10.819999694824219,6.75,7.35,0.45644999999999936,4.452841148844522,12.1938328358572,-0.2616088947024253,Bull,0.9999999420797411,6.27926585951732e-70,4.347316617917142e-49,5.791937012221858e-08
2023-10-23,19281.75,-0.01344022395196905,10.90999984741211,6.75,7.35,0.45644999999999936,4.452841148844522,12.1938328358572,-0.2616088947024253,Bull,0.9999981650924846,9.149780765478267e-69,2.4854805113885155e-47,1.8349057953224747e-06
2023-10-26,18857.25,-0.013949914095014037,11.729999542236328,6.75,7.35,0.45644999999999936,4.452841148844522,12.1938328358572,-0.2616088947024253,Bull,0.9999164339199688,2.555410170405114e-67,1.9359299236013075e-45,8.35660805045672e-05
2023-10-27,19047.25,0.010025278863763394,10.90999984741211,6.75,7.35,0.45644999999999936,4.452841148844522,12.1938328358572,-0.2616088947024253,Bull,0.9999898946336003,3.2773333219526813e-68,9.613353374787754e-47,1.0105366768373187e-05
2023-10-30,19140.900390625,0.004904693073893485,11.489999771118164,6.75,7.35,0.45644999999999936,4.452841148844522,12.1938328358572,-0.2616088947024253,Bull,0.999997714726188,1.0446079354411774e-68,1.2513878603334099e-47,2.285273506890096e-06
2023-10-31,19079.599609375,-0.003207746304394414,11.829999923706055,6.75,7.35,0.45644999999999936,4.452841148844522,12.1938328358572,-0.2616088947024253,Bull,0.9999953869916669,1.4837780948529628e-68,1.9304629262576967e-47,4.613008671455366e-06
2023-11-01,18989.150390625,-0.004751896973195711,12.050000190734863,6.75,7.27,0.3351499999999996,4.981121115306397,-0.480472122779652,0.39344262295082366,Bull,0.9999451900908718,2.4319275591525994e-73,3.143651413308587e-35,5.480990873015817e-05
2023-11-02,19133.25,0.007559875254064636,11.079999923706055,6.75,7.27,0.3351499999999996,4.981121115306397,-0.480472122779652,0.39344262295082366,Bull,0.9999782761073662,1.1752959738712662e-73,1.4640892128396415e-35,2.1723892149983177e-05
2023-11-03,19230.599609375,0.005075080802081226,10.880000114440918,6.75,7.27,0.3351499999999996,4.981121115306397,-0.480472122779652,0.39344262295082366,Bull,0.9999923538054111,5.478159440680928e-74,4.8607559837165013e-36,7.646194816800532e-06
2023-11-06,19411.75,0.009375812778954773,11.109999656677246,6.75,7.27,0.3351499999999996,4.981121115306397,-0.480472122779652,0.39344262295082366,Bull,0.9999957919223881,5.1276040319787914e-74,2.5887343295945164e-36,4.20807636809345e-06
2023-11-07,19406.69921875,-0.0002602258142791332,11.1899995803833,6.75,7.27,0.3351499999999996,4.981121115306397,-0.480472122779652,0.39344262295082366,Bull,0.9999979044536432,2.198670079884899e-74,8.639928696815134e-37,2.095546647946362e-06
2023-11-08,19443.5,0.0018944969651071763,11.039999961853027,6.75,7.27,0.3351499999999996,4.981121115306397,-0.480472122779652,0.39344262295082366,Bull,0.9999985786972598,1.6301329747401302e-74,6.384213826765617e-37,1.421303852526103e-06
2023-11-09,19395.30078125,-0.0024820150223140987,10.979999542236328,6.75,7.27,0.3351499999999996,4.981121115306397,-0.480472122779652,0.39344262295082366,Bull,0.9999984110594486,1.6010073429333127e-74,8.566051228491424e-37,1.5889423064819017e-06
2023-11-10,19425.349609375,0.0015480850435944918,11.109999656677246,6.75,7.27,0.3351499999999996,4.981121115306397,-0.480472122779652,0.39344262295082366,Bull,0.9999989036047381,1.1784418963363624e-74,5.3528215096568484e-37,1.096395345550344e-06
2023-11-13,19443.55078125,0.0009365417093074231,11.1899995803833,6.75,7.27,0.3351499999999996,4.981121115306397,-0.480472122779652,0.39344262295082366,Bull,0.9999990053807267,1.102457835800528e-74,4.561345897522402e-37,9.94621088591865e-07
2023-11-16,19765.19921875,0.004551150068331243,11.649999618530273,6.75,7.27,0.3351499999999996,4.981121115306397,-0.480472122779652,0.39344262295082366,Bull,0.9999997148443478,6.650600412692906e-75,8.245446551262931e-38,2.8515502919050937e-07
2023-11-17,19731.80078125,-0.0016911889743673853,11.829999923706055,6.75,7.27,0.3351499999999996,4.981121115306397,-0.480472122779652,0.39344262295082366,Bull,0.9999996862716708,6.387521031936116e-75,8.028369858281092e-38,3.1372766845663234e-07
2023-11-20,19694.0,-0.0019175662679732529,12.149999618530273,6.75,7.27,0.3351499999999996,4.981121115306397,-0.480472122779652,0.39344262295082366,Bull,0.9999996195984564,7.052805801450319e-75,8.972587922338886e-38,3.8040323374304257e-07
2023-11-21,19783.400390625,0.004529201141300913,12.229999542236328,6.75,7.27,0.3351499999999996,4.981121115306397,-0.480472122779652,0.39344262295082366,Bull,0.9999997177147123,6.669855369499276e-75,6.57986886434013e-38,2.822844822396939e-07
2023-11-22,19811.849609375,0.0014370018446946907,11.869999885559082,6.75,7.27,0.3351499999999996,4.981121115306397,-0.480472122779652,0.39344262295082366,Bull,0.9999997870145534,5.054628003522515e-75,5.230277609496905e-38,2.129870384579866e-07
2023-11-23,19802.0,-0.0004972811112830416,11.319999694824219,6.75,7.27,0.3351499999999996,4.981121115306397,-0.480472122779652,0.39344262295082366,Bull,0.9999997978411761,4.5377944282757905e-75,6.564901108177993e-38,2.021574573067834e-07
2023-11-24,19794.69921875,-0.0003687570669664962,11.329999923706055,6.75,7.27,0.3351499999999996,4.981121115306397,-0.480472122779652,0.39344262295082366,Bull,0.9999998479143075,3.31121486313951e-75,6.4896084124611e-38,1.5208444170426802e-07
2023-11-29,20096.599609375,0.010348656573869122,12.710000038146973,6.75,7.27,0.3351499999999996,4.981121115306397,-0.480472122779652,0.39344262295082366,Bull,0.9999997332343257,1.4948126481144592e-74,1.3178114485220933e-37,2.6676451625907097e-07
2023-11-30,20133.150390625,0.0018171025823992028,12.6899995803833,6.75,7.27,0.3351499999999996,4.981121115306397,-0.480472122779652,0.39344262295082366,Bull,0.9999998495404838,7.866138394526229e-75,5.459185489457431e-38,1.5046077019079843e-07
2023-12-01,20267.900390625,0.00667064331563437,12.380000114440918,6.75,7.224,0.27059999999999995,4.913119122300058,2.27204171144844,0.8637873754152814,Bull,0.9999999338142538,9.789904813640625e-79,1.2267094262560464e-40,6.618613275653073e-08
2023-12-04,20686.80078125,0.020457480483773903,12.989999771118164,6.75,7.224,0.27059999999999995,4.913119122300058,2.27204171144844,0.8637873754152814,Bull,0.9999992186279412,4.453458106404975e-77,4.648050433818532e-39,7.813734747302821e-07
2023-12-05,20855.099609375,0.008102650447744338,13.460000038146973,6.75,7.224,0.27059999999999995,4.913119122300058,2.27204171144844,0.8637873754152814,Bull,0.9999999426254379,3.120422077909999e-78,6.529946556074061e-41,5.73732800572448e-08
2023-12-06,20937.69921875,0.003952820545223537,13.739999771118164,6.75,7.224,0.27059999999999995,4.913119122300058,2.27204171144844,0.8637873754152814,Bull,0.9999999538667919,2.838693023722479e-78,4.2154290051787825e-41,4.6133830901872924e-08
2023-12-07,20901.150390625,-0.0017471243957791426,12.670000076293945,6.75,7.224,0.27059999999999995,4.913119122300058,2.27204171144844,0.8637873754152814,Bull,0.9999999752653824,1.1451266072600834e-78,2.7114816626716e-41,2.4736093478221362e-08
2023-12-08,20969.400390625,0.0032600507599202964,12.470000267028809,6.75,7.224,0.27059999999999995,4.913119122300058,2.27204171144844,0.8637873754152814,Bull,0.9999999773935999,1.253144630310385e-78,2.9847642770295747e-41,2.2606860008411448e-08
2023-12-11,20997.099609375,0.001320063516009915,12.760000228881836,6.75,7.224,0.27059999999999995,4.913119122300058,2.27204171144844,0.8637873754152814,Bull,0.9999999760475479,1.3596621515458454e-78,2.8175711590776573e-41,2.3952304974823434e-08
2023-12-12,20906.400390625,-0.004328963470418101,12.710000038146973,6.75,7.224,0.27059999999999995,4.913119122300058,2.27204171144844,0.8637873754152814,Bull,0.9999999707797547,1.1749017777751647e-78,3.363868689964663e-41,2.922068663218162e-08
2023-12-13,20926.349609375,0.0009537608817135473,12.069999694824219,6.75,7.224,0.27059999999999995,4.913119122300058,2.27204171144844,0.8637873754152814,Bull,0.9999999809588191,7.625140801005588e-79,2.5953458992901076e-41,1.9041742076882917e-08
2023-12-14,21182.69921875,0.012175662163725103,12.319999694824219,6.75,7.224,0.27059999999999995,4.913119122300058,2.27204171144844,0.8637873754152814,Bull,0.9999999385072461,5.888420902999664e-78,1.5947891504915535e-40,6.149439851935483e-08
2023-12-15,21456.650390625,0.012849864921501506,13.130000114440918,6.75,7.224,0.27059999999999995,4.913119122300058,2.27204171144844,0.8637873754152814,Bull,0.9999998900530105,2.2727402425146613e-77,2.7837268902632916e-40,1.0994686975317804e-07
2023-12-18,21418.650390625,-0.0017725827811074615,13.899999618530273,6.75,7.224,0.27059999999999995,4.913119122300058,2.27204171144844,0.8637873754152814,Bull,0.9999999401188706,8.574460514177785e-78,5.420709979483432e-41,5.988277490226838e-08
2023-12-19,21453.099609375,0.001607082806947435,13.869999885559082,6.75,7.224,0.27059999999999995,4.913119122300058,2.27204171144844,0.8637873754152814,Bull,0.9999999451938508,8.375092816856221e-78,5.053955323161537e-41,5.4806527886342734e-08
2023-12-20,21150.150390625,-0.014222122733049722,14.449999809265137,6.75,7.224,0.27059999999999995,4.913119122300058,2.27204171144844,0.8637873754152814,Bull,0.9999986127268657,9.411388724131057e-77,2.168712428321015e-39,1.3872720622460829e-06
2023-12-21,21255.05078125,0.004947534816775346,13.760000228881836,6.75,7.224,0.27059999999999995,4.913119122300058,2.27204171144844,0.8637873754152814,Bull,0.9999998601706563,1.043886977710329e-77,9.884005986433757e-41,1.398311028524438e-07
2023-12-22,21349.400390625,0.004429103580375731,13.710000038146973,6.75,7.224,0.27059999999999995,4.913119122300058,2.27204171144844,0.8637873754152814,Bull,0.9999998701168891,1.239129555845442e-77,9.34784549750221e-41,1.2988188851643807e-07
2023-12-27,21654.75,0.009903547502138933,15.5600004196167,6.75,7.224,0.27059999999999995,4.913119122300058,2.27204171144844,0.8637873754152814,Bull,0.9999984009859014,5.362374095327064e-76,1.7524824922177388e-39,1.599013470897313e-06
2023-12-28,21778.69921875,0.0057075621422148105,15.140000343322754,6.75,7.224,0.27059999999999995,4.913119122300058,2.27204171144844,0.8637873754152814,Bull,0.9999994218962308,2.1968186647887204e-76,5.3498430134663454e-40,5.781051016669022e-07
2023-12-29,21731.400390625,-0.0021741548367498844,14.5,6.75,7.224,0.27059999999999995,4.913119122300058,2.27204171144844,0.8637873754152814,Bull,0.9999997546110836,6.261516132726444e-77,2.017532335499231e-40,2.4539068413216906e-07
2024-01-01,21741.900390625,0.0004830551173010514,14.5,6.75,7.2025,0.2386999999999997,4.59341811463998,2.32014521918176,0.33178500331785266,Bull,0.9999998211969956,1.5652865510137504e-79,6.146864508418914e-48,1.7880448925077744e-07
2024-01-02,21665.80078125,-0.0035062758581720864,14.579999923706055,6.75,7.2025,0.2386999999999997,4.59341811463998,2.32014521918176,0.33178500331785266,Bull,0.9999997560153431,1.5568358473523043e-79,8.064720161901621e-48,2.439845312663427e-07
2024-01-03,21517.349609375,-0.006875448193459907,14.100000381469727,6.75,7.2025,0.2386999999999997,4.59341811463998,2.32014521918176,0.33178500331785266,Bull,0.999999909214243,3.071807131557252e-80,4.029492209322867e-48,9.078585353900072e-08
2024-01-04,21658.599609375,0.006543017882762483,13.329999923706055,6.75,7.2025,0.2386999999999997,4.59341811463998,2.32014521918176,0.33178500331785266,Bull,0.999999958781701,2.081650052400374e-80,2.205389193009789e-48,4.1216931311523576e-08
2024-01-05,21710.80078125,0.0024072823978970102,12.630000114440918,6.75,7.2025,0.2386999999999997,4.59341811463998,2.32014521918176,0.33178500331785266,Bull,0.9999999769061108,1.1738537570646184e-80,1.311722648127063e-48,2.309381243638784e-08
2024-01-08,21513.0,-0.009152465005292239,13.460000038146973,6.75,7.2025,0.2386999999999997,4.59341811463998,2.32014521918176,0.33178500331785266,Bull,0.9999998960192952,2.823436245046378e-80,5.601974550071974e-48,1.0397944799978871e-07
2024-01-09,21544.849609375,0.001479387172036867,13.260000228881836,6.75,7.2025,0.2386999999999997,4.59341811463998,2.32014521918176,0.33178500331785266,Bull,0.9999999593783294,1.0888229203328137e-80,1.4909439731480846e-48,4.0620129616289606e-08
2024-01-10,21618.69921875,0.003421854015216792,12.970000267028809,6.75,7.2025,0.2386999999999997,4.59341811463998,2.32014521918176,0.33178500331785266,Bull,0.999999962867151,1.1924089732014735e-80,1.5628679183188153e-48,3.7133662764070595e-08
2024-01-11,21647.19921875,0.001317434984659037,12.770000457763672,6.75,7.2025,0.2386999999999997,4.59341811463998,2.32014521918176,0.33178500331785266,Bull,0.9999999710780689,9.213460242081836e-81,1.263340919203443e-48,2.892022377564777e-08
2024-01-12,21894.55078125,0.011361703346499745,13.100000381469727,6.75,7.2025,0.2386999999999997,4.59341811463998,2.32014521918176,0.33178500331785266,Bull,0.9999998712155586,1.0304863936367058e-79,1.044914104550732e-47,1.2878414690862018e-07
2024-01-15,22097.44921875,0.009224398809286917,13.789999961853027,6.75,7.2025,0.2386999999999997,4.59341811463998,2.32014521918176,0.33178500331785266,Bull,0.9999998769963061,1.6528538269511882e-79,8.730727675970206e-48,1.230044476934632e-07
2024-01-16,22032.30078125,-0.002952587985615914,13.569999694824219,6.75,7.2025,0.2386999999999997,4.59341811463998,2.32014521918176,0.33178500331785266,Bull,0.9999999437386593,3.528587639670579e-80,2.2643924306991007e-48,5.626098257197262e-08
2024-01-17,21571.94921875,-0.021115770473744744,15.079999923706055,6.75,7.2025,0.2386999999999997,4.59341811463998,2.32014521918176,0.33178500331785266,Bull,0.9999375143584861,1.979851369019162e-77,1.4415135192823872e-44,6.24856397088361e-05
2024-01-18,21462.25,-0.0050982455047793645,14.069999694824219,6.75,7.2025,0.2386999999999997,4.59341811463998,2.32014521918176,0.33178500331785266,Bull,0.9999987529343843,1.1944017135668324e-79,2.9127284898910887e-47,1.247065728271985e-06
2024-01-19,21622.400390625,0.007434254509367264,13.880000114440918,6.75,7.2025,0.2386999999999997,4.59341811463998,2.32014521918176,0.33178500331785266,Bull,0.9999997177474541,5.719272858903735e-80,1.0270711369731482e-47,2.8225220255009334e-07
2024-01-24,21453.94921875,0.010079006802925212,14.380000114440918,6.75,7.2025,0.2386999999999997,4.59341811463998,2.32014521918176,0.33178500331785266,Bull,0.9999987803756246,1.5972945066840628e-79,4.841412953533431e-47,1.2196239213596487e-06
2024-01-25,21352.599609375,-0.004735247364061254,13.869999885559082,6.75,7.2025,0.2386999999999997,4.59341811463998,2.32014521918176,0.33178500331785266,Bull,0.9999991745538633,5.750351485055153e-80,2.372710160988759e-47,8.254475550398785e-07
2024-01-30,21522.099609375,-0.009963166019046519,16.100000381469727,6.75,7.2025,0.2386999999999997,4.59341811463998,2.32014521918176,0.33178500331785266,Bull,0.9999889639647859,1.8874590251527043e-78,3.964633117763467e-46,1.1036037005390559e-05
2024-01-31,21725.69921875,0.009415559590485083,16.049999237060547,6.75,7.2025,0.2386999999999997,4.59341811463998,2.32014521918176,0.33178500331785266,Bull,0.9999928249601928,2.3174330752273264e-78,2.2788471873759264e-46,7.175038828268241e-06
2024-02-01,21697.44921875,-0.00130114950214822,14.460000038146973,6.75,7.09,0.05787500000000012,4.898237799890026,3.70825027553563,0.1988071570576455,Bull,0.9999992495798411,1.5830010927423318e-88,1.5847290000450232e-41,7.504202968361639e-07
2024-02-02,21853.80078125,0.007180149098767169,14.699999809265137,6.75,7.09,0.05787500000000012,4.898237799890026,3.70825027553563,0.1988071570576455,Bull,0.9999985697151029,5.455487670097315e-88,3.832563250746826e-41,1.430285829827537e-06
2024-02-05,21771.69921875,-0.0037639297855089193,15.619999885559082,6.75,7.09,0.05787500000000012,4.898237799890026,3.70825027553563,0.1988071570576455,Bull,0.9999963435469454,1.0598456219129316e-87,7.538419804453215e-41,3.656454654782736e-06
2024-02-06,21929.400390625,0.007217294659854949,15.789999961853027,6.75,7.09,0.05787500000000012,4.898237799890026,3.70825027553563,0.1988071570576455,Bull,0.9999953060069976,2.3802234945825345e-87,1.1789054057330696e-40,4.693991224186947e-06
2024-02-07,21930.5,5.014190025218764e-05,15.510000228881836,6.75,7.09,0.05787500000000012,4.898237799890026,3.70825027553563,0.1988071570576455,Bull,0.9999978647633784,8.149497394006423e-88,3.8858137414238224e-41,2.1352362687033513e-06
2024-02-08,21717.94921875,-0.009739290405751649,15.829999923706055,6.75,7.09,0.05787500000000012,4.898237799890026,3.70825027553563,0.1988071570576455,Bull,0.9999853449426815,3.361932638136258e-87,4.295938835300924e-40,1.4655056596694224e-05
2024-02-09,21782.5,0.0029678235415700974,15.449999809265137,6.75,7.09,0.05787500000000012,4.898237799890026,3.70825027553563,0.1988071570576455,Bull,0.9999973857445704,5.307462570340139e-88,4.240962377604261e-41,2.614256223502287e-06
2024-02-12,21616.05078125,-0.007670764664605448,16.059999465942383,6.75,7.09,0.05787500000000012,4.898237799890026,3.70825027553563,0.1988071570576455,Bull,0.9999833491169033,2.472693244635078e-87,3.835827579999727e-40,1.6650884385856345e-05
2024-02-13,21743.25,0.005867234081485647,15.8100004196167,6.75,7.09,0.05787500000000012,4.898237799890026,3.70825027553563,0.1988071570576455,Bull,0.9999919795003417,1.537709232298387e-87,1.4717805269556507e-40,8.020497860472283e-06
2024-02-14,21840.05078125,0.004442111482625561,15.4399995803833,6.75,7.09,0.05787500000000012,4.898237799890026,3.70825027553563,0.1988071570576455,Bull,0.9999956570157967,1.0060295656169381e-87,7.841277641812948e-41,4.342982477946388e-06
2024-02-15,21910.75,0.003231907943473083,15.229999542236328,6.75,7.09,0.05787500000000012,4.898237799890026,3.70825027553563,0.1988071570576455,Bull,0.999998378852474,4.113806080422604e-88,2.894243703562257e-41,1.621146299624308e-06
2024-02-16,22040.69921875,0.005913324803860001,15.220000267028809,6.75,7.09,0.05787500000000012,4.898237799890026,3.70825027553563,0.1988071570576455,Bull,0.9999985482037652,5.379552730154962e-88,3.058358473471144e-41,1.451794504191421e-06
2024-02-19,22122.25,0.0036931806134258504,15.220000267028809,6.75,7.09,0.05787500000000012,4.898237799890026,3.70825027553563,0.1988071570576455,Bull,0.999998680676942,5.666944008557417e-88,2.6019036451905417e-41,1.3193229936657131e-06
2024-02-20,22196.94921875,0.003370967472487328,16.06999969482422,6.75,7.09,0.05787500000000012,4.898237799890026,3.70825027553563,0.1988071570576455,Bull,0.9999994464853157,2.96180804339836e-88,1.4712464016580095e-41,5.535146482512592e-07
2024-02-21,22055.05078125,-0.006413220819374543,15.930000305175781,6.75,7.09,0.05787500000000012,4.898237799890026,3.70825027553563,0.1988071570576455,Bull,0.9999993408057334,2.0657059383003496e-88,1.8758963896846193e-41,6.591943566186865e-07
2024-02-22,22217.44921875,0.007336344949249518,15.199999809265137,6.75,7.09,0.05787500000000012,4.898237799890026,3.70825027553563,0.1988071570576455,Bull,0.99999973513335,1.2010898617271078e-88,8.255214558988447e-42,2.6486715743464657e-07
2024-02-23,22212.69921875,-0.000213818777795819,14.970000267028809,6.75,7.09,0.05787500000000012,4.898237799890026,3.70825027553563,0.1988071570576455,Bull,0.9999998783423582,4.446657630594533e-89,3.217077729139688e-42,1.21657291203054e-07
2024-02-26,22122.05078125,-0.004089278221713085,15.600000381469727,6.75,7.09,0.05787500000000012,4.898237799890026,3.70825027553563,0.1988071570576455,Bull,0.9999997118357402,8.38398058837021e-89,7.743194940328668e-42,2.881631490299255e-07
2024-02-27,22198.349609375,0.003443060208267885,15.729999542236328,6.75,7.09,0.05787500000000012,4.898237799890026,3.70825027553563,0.1988071570576455,Bull,0.9999997345439976,9.61506033556397e-89,8.136533889693003e-42,2.654569363823344e-07
2024-02-28,21951.150390625,-0.011198396451173726,16.329999923706055,6.75,7.09,0.05787500000000012,4.898237799890026,3.70825027553563,0.1988071570576455,Bull,0.9999979048247163,4.1765706277046366e-88,9.852139418471771e-41,2.095176926411507e-06
2024-02-29,21982.80078125,0.0014408171929075416,15.569999694824219,6.75,7.09,0.05787500000000012,4.898237799890026,3.70825027553563,0.1988071570576455,Bull,0.9999997630402785,3.854162288621184e-89,5.604712773131479e-42,2.3695936298577836e-07
2024-03-01,22338.75,0.0160624736924449,15.239999771118164,6.75,7.068,0.14301999999999992,4.201080450973227,8.82666749224432,0.26490066225166586,Bull,0.9999995119616242,5.949002533406751e-85,3.8294109576883828e-59,4.880398253961955e-07
2024-03-04,22405.599609375,0.0029880715530739466,14.920000076293945,6.75,7.068,0.14301999999999992,4.201080450973227,8.82666749224432,0.26490066225166586,Bull,0.9999999509309431,4.46442242112034e-86,1.2651446529262643e-60,4.9069639379371104e-08
2024-03-05,22356.30078125,-0.0022027147028049303,14.380000114440918,6.75,7.068,0.14301999999999992,4.201080450973227,8.82666749224432,0.26490066225166586,Bull,0.9999999727369872,1.8010040811810968e-86,7.277361615629142e-61,2.7263927000525718e-08
2024-03-06,22474.05078125,0.0052531495595052715,14.300000190734863,6.75,7.068,0.14301999999999992,4.201080450973227,8.82666749224432,0.26490066225166586,Bull,0.9999999702304199,2.6920575167236114e-86,9.236570829237478e-61,2.9768681825826277e-08
2024-03-07,22493.55078125,0.0008672911404987264,13.609999656677246,6.75,7.068,0.14301999999999992,4.201080450973227,8.82666749224432,0.26490066225166586,Bull,0.9999999890205801,8.578658214518454e-87,3.943064659977658e-61,1.0978167739034755e-08
2024-03-12,22335.69921875,0.00013650954899359894,13.640000343322754,6.75,7.068,0.14301999999999992,4.201080450973227,8.82666749224432,0.26490066225166586,Bull,0.9999999891806511,4.907388706143911e-87,3.504845416709135e-61,1.0819823108980134e-08
2024-03-13,21997.69921875,-0.015248393356596964,14.430000305175781,6.75,7.068,0.14301999999999992,4.201080450973227,8.82666749224432,0.26490066225166586,Bull,0.999999579347875,9.232488214814213e-86,3.0235275540433094e-59,4.2065230747920905e-07
2024-03-14,22146.650390625,0.006748394232673185,13.619999885559082,6.75,7.068,0.14301999999999992,4.201080450973227,8.82666749224432,0.26490066225166586,Bull,0.9999999705032683,7.68454781653324e-87,8.996938759376586e-61,2.949843791450829e-08
2024-03-15,22023.349609375,-0.005583024746448362,13.6899995803833,6.75,7.068,0.14301999999999992,4.201080450973227,8.82666749224432,0.26490066225166586,Bull,0.9999999546453192,7.53887548182812e-87,1.2769476746347676e-60,4.535369273438145e-08
2024-03-18,22055.69921875,0.001467800056624233,13.899999618530273,6.75,7.068,0.14301999999999992,4.201080450973227,8.82666749224432,0.26490066225166586,Bull,0.9999999642568589,6.359298167141788e-87,8.095615342021346e-61,3.5744208656692196e-08
2024-03-19,21817.44921875,-0.010860963960358783,14.109999656677246,6.75,7.068,0.14301999999999992,4.201080450973227,8.82666749224432,0.26490066225166586,Bull,0.9999996483166506,3.569651108538322e-86,1.3982653408003047e-59,3.516826790011727e-07
2024-03-20,21839.099609375,0.0009918508439663014,13.470000267028809,6.75,7.068,0.14301999999999992,4.201080450973227,8.82666749224432,0.26490066225166586,Bull,0.9999999337378562,5.9370720754543035e-87,1.6254875226750065e-60,6.626277256162204e-08
2024-03-21,22011.94921875,0.007883528864675105,12.510000228881836,6.75,7.068,0.14301999999999992,4.201080450973227,8.82666749224432,0.26490066225166586,Bull,0.999999951636711,6.824425398042361e-87,1.9384476844785108e-60,4.8364465855434675e-08
2024-03-22,22096.75,0.0038450866714008036,12.220000267028809,6.75,7.068,0.14301999999999992,4.201080450973227,8.82666749224432,0.26490066225166586,Bull,0.9999999763240343,3.67054839989337e-87,8.426068692392755e-61,2.3676857887346797e-08
2024-03-27,22123.650390625,0.005391158338500764,12.699999809265137,6.75,7.068,0.14301999999999992,4.201080450973227,8.82666749224432,0.26490066225166586,Bull,0.9999999726715035,4.548286812049365e-87,8.728306754942009e-61,2.732898668662195e-08
2024-03-28,22326.900390625,0.009145057280234776,12.829999923706055,6.75,7.068,0.14301999999999992,4.201080450973227,8.82666749224432,0.26490066225166586,Bull,0.9999999521860456,1.4615643645094298e-86,1.8274277672207328e-60,4.7813287724895185e-08
2024-04-02,22453.30078125,-0.00038736104211539534,11.649999618530273,6.75,7.15,0.2644500000000001,3.8747783319197815,5.17883401841703,1.191264063534092,Bull,0.999999981329893,3.734710517320141e-82,6.962090099660733e-73,1.866949970739598e-08
2024-04-03,22434.650390625,-0.0008309754048160305,11.369999885559082,6.75,7.15,0.2644500000000001,3.8747783319197815,5.17883401841703,1.191264063534092,Bull,0.9999999816463971,3.2987188327103494e-82,7.698774147035478e-73,1.835207489444859e-08
2024-04-04,22514.650390625,0.0035595696965144527,11.220000267028809,6.75,7.15,0.2644500000000001,3.8747783319197815,5.17883401841703,1.191264063534092,Bull,0.9999999890096661,2.3603739405206875e-82,5.773395751387116e-73,1.0989355884518743e-08
2024-04-05,22513.69921875,-4.22476898839797e-05,11.34000015258789,6.75,7.15,0.2644500000000001,3.8747783319197815,5.17883401841703,1.191264063534092,Bull,0.9999999893916539,2.0890433418294052e-82,4.899503697952581e-73,1.0609335727659337e-08
2024-04-08,22666.30078125,0.006755296273493474,11.609999656677246,6.75,7.15,0.2644500000000001,3.8747783319197815,5.17883401841703,1.191264063534092,Bull,0.9999999920692062,2.2617512157110205e-82,5.1858994015183704e-73,7.93093322355487e-09
2024-04-09,22642.75,-0.0010395619844089984,11.359999656677246,6.75,7.15,0.2644500000000001,3.8747783319197815,5.17883401841703,1.191264063534092,Bull,0.9999999940555426,1.374958171863598e-82,3.5061537132061746e-73,5.943953526919654e-09
2024-04-10,22753.80078125,0.004892486360835239,11.109999656677246,6.75,7.15,0.2644500000000001,3.8747783319197815,5.17883401841703,1.191264063534092,Bull,0.9999999933897925,2.0144086806577521e-82,5.117431999663614e-73,6.609401461895906e-09
2024-04-15,22272.5,-0.011024443666037696,12.470000267028809,6.75,7.15,0.2644500000000001,3.8747783319197815,5.17883401841703,1.191264063534092,Bull,0.9999999550054791,3.628700118611516e-82,2.64017334495259e-72,4.4995729008076854e-08
2024-04-16,22147.900390625,-0.005610032105390299,12.619999885559082,6.75,7.15,0.2644500000000001,3.8747783319197815,5.17883401841703,1.191264063534092,Bull,0.9999999663741624,1.772843060154213e-82,1.177876656177864e-72,3.3624339964470865e-08
2024-04-19,22147.0,0.006848265696137249,13.460000038146973,6.75,7.15,0.2644500000000001,3.8747783319197815,5.17883401841703,1.191264063534092,Bull,0.9999999399296957,3.5204351556126695e-82,1.642047006687675e-72,6.006937351801448e-08
2024-04-22,22336.400390625,0.008515605079627573,12.699999809265137,6.75,7.15,0.2644500000000001,3.8747783319197815,5.17883401841703,1.191264063534092,Bull,0.9999999825486158,1.548709746456654e-82,7.753647616325993e-73,1.7452108717867908e-08
2024-04-23,22368.0,0.0014137138340638612,10.199999809265137,6.75,7.15,0.2644500000000001,3.8747783319197815,5.17883401841703,1.191264063534092,Bull,0.9999999916944944,6.826518676322283e-83,9.028060414764314e-73,8.306855831424924e-09
2024-04-24,22402.400390625,0.001536747364098986,10.279999732971191,6.75,7.15,0.2644500000000001,3.8747783319197815,5.17883401841703,1.191264063534092,Bull,0.9999999927204044,6.279275931339971e-83,7.989358890599422e-73,7.278980825795467e-09
2024-04-25,22570.349609375,0.007468967297299811,10.729999542236328,6.75,7.15,0.2644500000000001,3.8747783319197815,5.17883401841703,1.191264063534092,Bull,0.9999999915453373,1.1720866260825728e-82,8.642812554774888e-73,8.455162480855663e-09
2024-04-26,22419.94921875,-0.006685928069119567,10.930000305175781,6.75,7.15,0.2644500000000001,3.8747783319197815,5.17883401841703,1.191264063534092,Bull,0.9999999901992851,8.037854177735183e-83,1.004350065773419e-72,9.799023144262479e-09
2024-04-29,22643.400390625,0.009917283345523465,12.239999771118164,6.75,7.15,0.2644500000000001,3.8747783319197815,5.17883401841703,1.191264063534092,Bull,0.9999999875835784,2.047299220754098e-82,7.880125477058821e-73,1.2417707830422213e-08
2024-04-30,22604.849609375,-0.0017039682453004383,12.869999885559082,6.75,7.15,0.2644500000000001,3.8747783319197815,5.17883401841703,1.191264063534092,Bull,0.9999999915307853,1.0568878295333212e-82,2.797202739106951e-73,8.469047407391128e-09
2024-05-03,22475.849609375,-0.0076389620148829334,14.619999885559082,6.75,7.054,0.1166400000000003,3.8603948193853155,5.8542940931708,2.7443105756358666,Bull,0.9999999243664235,1.676298571830671e-89,3.32682933620795e-75,7.56339784970254e-08
2024-05-06,22442.69921875,-0.0014760226012829026,16.600000381469727,6.75,7.054,0.1166400000000003,3.8603948193853155,5.8542940931708,2.7443105756358666,Bull,0.9999993530402481,1.4937311223317687e-88,1.7783252615155324e-74,6.469587576850682e-07
2024-05-07,22302.5,-0.0062665796554610105,17.010000228881836,6.75,7.054,0.1166400000000003,3.8603948193853155,5.8542940931708,2.7443105756358666,Bull,0.9999606311067457,5.500309657907301e-88,1.0746834115395318e-73,3.936889220685259e-05
2024-05-08,22302.5,0.0,17.079999923706055,6.75,7.054,0.1166400000000003,3.8603948193853155,5.8542940931708,2.7443105756358666,Bull,0.9961371193125299,1.484833391951033e-86,1.937028221002345e-72,0.0038628806880027645
2024-05-09,21957.5,-0.015590012996666094,18.200000762939453,6.75,7.054,0.1166400000000003,3.8603948193853155,5.8542940931708,2.7443105756358666,Sideways,0.48875058202599647,1.47025249571353e-84,1.0981993892539262e-69,0.5112494179751583
2024-05-10,22055.19921875,0.004439599522660019,18.469999313354492,6.75,7.054,0.1166400000000003,3.8603948193853155,5.8542940931708,2.7443105756358666,Sideways,0.33043075674228656,5.326980467147556e-85,1.1075742141821468e-70,0.6695692432575078
2024-05-13,22104.05078125,0.002212518664983643,20.600000381469727,6.75,7.054,0.1166400000000003,3.8603948193853155,5.8542940931708,2.7443105756358666,Sideways,0.0060718975752693674,2.473072496811847e-84,5.227785302974776e-70,0.9939281024243066
2024-05-14,22217.849609375,0.005135117275633606,20.200000762939453,6.75,7.054,0.1166400000000003,3.8603948193853155,5.8542940931708,2.7443105756358666,Sideways,0.00040582242808563835,1.6260707872905213e-85,2.6120876151545877e-71,0.9995941775712722
2024-05-15,22200.55078125,-0.0007789037357247285,20.270000457763672,6.75,7.054,0.1166400000000003,3.8603948193853155,5.8542940931708,2.7443105756358666,Sideways,3.713673101228755e-05,1.083707380998636e-85,1.8015249363991112e-71,0.9999628632706
2024-05-16,22403.849609375,0.00911570311987133,20.0,6.75,7.054,0.1166400000000003,3.8603948193853155,5.8542940931708,2.7443105756358666,Sideways,2.702061343282122e-05,1.7236868405963896e-85,1.9824031688705188e-71,0.999972979386613
2024-05-17,22466.099609375,0.0027746873362616406,19.799999237060547,6.75,7.054,0.1166400000000003,3.8603948193853155,5.8542940931708,2.7443105756358666,Sideways,8.514739188814699e-05,1.571022969674879e-85,1.346676780908745e-71,0.9999148526094349
2024-05-22,22597.80078125,0.0030469687473969323,21.469999313354492,6.75,7.054,0.1166400000000003,3.8603948193853155,5.8542940931708,2.7443105756358666,Sideways,1.6702937256068823e-06,4.2210962305316947e-85,3.5898952939374248e-71,0.9999983297070992
2024-05-23,22967.650390625,0.01623413013834582,21.3799991607666,6.75,7.054,0.1166400000000003,3.8603948193853155,5.8542940931708,2.7443105756358666,Sideways,1.4348971273772216e-07,1.2887238540835846e-84,1.0905915991501818e-70,0.9999998565108502
2024-05-24,22957.099609375,-0.00045948127907615604,21.709999084472656,6.75,7.054,0.1166400000000003,3.8603948193853155,5.8542940931708,2.7443105756358666,Sideways,4.524734718021572e-07,9.540959311136496e-85,3.9750031302855224e-71,0.9999995475264882
2024-05-27,22932.44921875,-0.0010743358183047916,23.190000534057617,6.75,7.054,0.1166400000000003,3.8603948193853155,5.8542940931708,2.7443105756358666,Sideways,4.030627224566692e-09,1.787806763526943e-84,1.2478222546191132e-70,0.9999999959691195
2024-05-28,22888.150390625,-0.00193357757447097,24.200000762939453,6.75,7.054,0.1166400000000003,3.8603948193853155,5.8542940931708,2.7443105756358666,Sideways,1.0692426832782535e-10,2.6687839400815013e-84,3.150099389737746e-70,0.9999999998944986
2024-05-29,22704.69921875,-0.0080474093408375,24.18000030517578,6.75,7.054,0.1166400000000003,3.8603948193853155,5.8542940931708,2.7443105756358666,Sideways,5.098855014792606e-11,1.6601208041392874e-84,4.144391313899674e-70,0.9999999999490683
2024-05-30,22488.650390625,-0.00956116224385675,24.18000030517578,6.75,7.054,0.1166400000000003,3.8603948193853155,5.8542940931708,2.7443105756358666,Sideways,2.1600327849424924e-11,9.830603366146889e-85,4.856074925775611e-70,0.9999999999781721
2024-05-31,22530.69921875,0.0018680341105537352,24.600000381469727,6.75,7.054,0.1166400000000003,3.8603948193853155,5.8542940931708,2.7443105756358666,Sideways,1.71859883087115e-11,1.2739486234786253e-84,4.831476587713325e-70,0.9999999999818101
2024-06-03,23263.900390625,0.03202403067452011,20.940000534057617,6.75,7.0225,0.1931750000000001,3.665688271434475,7.63172049636414,3.4251175285426427,Sideways,6.532663342655045e-12,2.247842708282241e-80,2.512799152072967e-77,0.999999999992724
2024-06-04,21884.5,-0.06112419596275757,26.75,6.75,7.0225,0.1931750000000001,3.665688271434475,7.63172049636414,3.4251175285426427,Sideways,1.9781321944376622e-47,1.4465015910445864e-78,5.8632725903611464e-67,1.0
2024-06-05,22620.349609375,0.03307130264902321,18.889999389648438,6.75,7.0225,0.1931750000000001,3.665688271434475,7.63172049636414,3.4251175285426427,Sideways,6.914659064917277e-30,1.9415688151184465e-80,5.207978495494291e-75,1.0
2024-06-06,22821.400390625,0.008848783029735371,16.799999237060547,6.75,7.0225,0.1931750000000001,3.665688271434475,7.63172049636414,3.4251175285426427,Sideways,1.3409275195190274e-24,4.891242159691192e-81,2.1598906625081214e-77,1.0
2024-06-07,23290.150390625,0.02033183181806326,16.8799991607666,6.75,7.0225,0.1931750000000001,3.665688271434475,7.63172049636414,3.4251175285426427,Sideways,2.942958830793183e-27,3.06197118677501e-80,2.0789196186529466e-76,1.0
2024-06-10,23259.19921875,-0.0013298220789751808,16.399999618530273,6.75,7.0225,0.1931750000000001,3.665688271434475,7.63172049636414,3.4251175285426427,Sideways,3.671911484945374e-24,1.1536391169185958e-80,1.6016924092571356e-77,1.0
2024-06-11,23264.849609375,0.00024290193115634738,14.770000457763672,6.75,7.0225,0.1931750000000001,3.665688271434475,7.63172049636414,3.4251175285426427,Sideways,2.7068924506908766e-23,8.323197041853104e-81,1.584075114102774e-77,1.0
2024-06-12,23322.94921875,0.002494199810096445,14.390000343322754,6.75,7.0225,0.1931750000000001,3.665688271434475,7.63172049636414,3.4251175285426427,Sideways,3.7887807846026874e-23,8.839546531274357e-81,1.725097052921888e-77,1.0
2024-06-13,23398.900390625,0.0032512085635553246,13.489999771118164,6.75,7.0225,0.1931750000000001,3.665688271434475,7.63172049636414,3.4251175285426427,Sideways,8.110442971773218e-23,9.054745978215418e-81,2.147678812294588e-77,1.0
2024-06-14,23465.599609375,0.0028464728647632507,12.819999694824219,6.75,7.0225,0.1931750000000001,3.665688271434475,7.63172049636414,3.4251175285426427,Sideways,1.362413497509576e-22,9.421819181880499e-81,2.6038892342886477e-77,1.0
2024-06-19,23516.0,-0.0017801967265448713,13.710000038146973,6.75,7.0225,0.1931750000000001,3.665688271434475,7.63172049636414,3.4251175285426427,Sideways,1.1002777500682086e-22,1.0376976580812427e-80,1.970352663529723e-77,1.0
2024-06-20,23567.0,0.0021663878659495613,13.350000381469727,6.75,7.0225,0.1931750000000001,3.665688271434475,7.63172049636414,3.4251175285426427,Sideways,1.4664621848916452e-22,1.0937194869292526e-80,2.1848653967103655e-77,1.0
2024-06-21,23501.099609375,-0.0028002164622532473,13.180000305175781,6.75,7.0225,0.1931750000000001,3.665688271434475,7.63172049636414,3.4251175285426427,Sideways,1.2105166194442848e-22,8.457334887012753e-81,2.341687355286351e-77,1.0
2024-06-24,23537.849609375,0.0015625352218749532,14.0600004196167,6.75,7.0225,0.1931750000000001,3.665688271434475,7.63172049636414,3.4251175285426427,Sideways,7.427120910866163e-22,8.771779070934762e-81,1.2735994997988226e-77,1.0
2024-06-25,23721.30078125,0.007763664467508334,14.3100004196167,6.75,7.0225,0.1931750000000001,3.665688271434475,7.63172049636414,3.4251175285426427,Sideways,2.7541903231997348e-22,1.4933454393672e-80,1.9047185720047156e-77,1.0
2024-06-26,23868.80078125,0.006198787876631016,14.050000190734863,6.75,7.0225,0.1931750000000001,3.665688271434475,7.63172049636414,3.4251175285426427,Sideways,3.562218917235686e-22,1.8915848760227747e-80,2.0354988041120405e-77,1.0
2024-06-27,24044.5,0.007334080659762657,14.149999618530273,6.75,7.0225,0.1931750000000001,3.665688271434475,7.63172049636414,3.4251175285426427,Sideways,2.6030163058645212e-22,2.867862008437517e-80,2.5261267187489462e-77,1.0
2024-06-28,24010.599609375,-0.0014108969297394127,13.800000190734863,6.75,7.0225,0.1931750000000001,3.665688271434475,7.63172049636414,3.4251175285426427,Sideways,1.31788697098734e-21,1.9990185255414315e-80,1.7496624510038567e-77,1.0
2024-07-01,24141.94921875,0.00545557559691747,13.829999923706055,6.75,7.0075,0.2595749999999999,2.1474714438209475,7.1944634466085,2.103879026955968,Sideways,5.999151344291776e-21,3.0006983162272303e-84,6.064289941277438e-163,1.0
2024-07-02,24123.849609375,-0.0007499973340487516,13.640000343322754,6.75,7.0075,0.2595749999999999,2.1474714438209475,7.1944634466085,2.103879026955968,Sideways,7.08036957302114e-21,2.4660339946793786e-84,5.49027623296335e-163,1.0
2024-07-03,24286.5,0.006719678910168409,13.210000038146973,6.75,7.0075,0.2595749999999999,2.1474714438209475,7.1944634466085,2.103879026955968,Sideways,2.322475593405511e-13,1.2513466690276476e-82,1.6139749256954734e-161,1.0
2024-07-04,24302.150390625,0.0006441994597673961,12.859999656677246,6.75,7.0075,0.2595749999999999,2.1474714438209475,7.1944634466085,2.103879026955968,Bull,0.9994615464794597,9.62173965972805e-87,1.1258928172608528e-166,0.0005384535191305404
2024-07-05,24323.849609375,0.0008924945580705119,12.699999809265137,6.75,7.0075,0.2595749999999999,2.1474714438209475,7.1944634466085,2.103879026955968,Bull,0.9999999790452423,6.524318257697488e-90,1.6215224095792845e-169,2.0954420373882168e-08
2024-07-08,24320.55078125,-0.0001356303337513403,13.600000381469727,6.75,7.0075,0.2595749999999999,2.1474714438209475,7.1944634466085,2.103879026955968,Bull,0.9999999909123289,1.0065429651383824e-89,1.9816830453170673e-169,9.087432494159055e-09
2024-07-09,24433.19921875,0.00462112711188291,14.279999732971191,6.75,7.0075,0.2595749999999999,2.1474714438209475,7.1944634466085,2.103879026955968,Bull,0.9999999475003292,9.123775569869037e-89,3.1367167694592984e-168,5.2498367012135626e-08
2024-07-10,24324.44921875,-0.004460845993233708,14.430000305175781,6.75,7.0075,0.2595749999999999,2.1474714438209475,7.1944634466085,2.103879026955968,Bull,0.9999999535793915,5.087005117206795e-89,2.144081510761339e-168,4.642138126450738e-08
2024-07-11,24315.94921875,-0.0003495037195243165,14.0,6.75,7.0075,0.2595749999999999,2.1474714438209475,7.1944634466085,2.103879026955968,Bull,0.999999974486855,2.3942400182639957e-89,1.0842102415871142e-168,2.551342016790914e-08
2024-07-12,24502.150390625,0.007628403248955412,13.729999542236328,6.75,7.0075,0.2595749999999999,2.1474714438209475,7.1944634466085,2.103879026955968,Bull,0.9999999723404475,4.400238621764075e-89,1.6167967035018056e-168,2.765867092333168e-08
2024-07-15,24586.69921875,0.0034447298074261035,14.1899995803833,6.75,7.0075,0.2595749999999999,2.1474714438209475,7.1944634466085,2.103879026955968,Bull,0.9999999712490539,5.188828640937936e-89,1.3151953404766726e-168,2.8751690408397828e-08
2024-07-16,24613.0,0.0010691440871768358,14.220000267028809,6.75,7.0075,0.2595749999999999,2.1474714438209475,7.1944634466085,2.103879026955968,Bull,0.9999999723659133,4.83157465000107e-89,1.1909904430487328e-168,2.7635424824802993e-08
2024-07-19,24530.900390625,-0.010944347737899481,14.829999923706055,6.75,7.0075,0.2595749999999999,2.1474714438209475,7.1944634466085,2.103879026955968,Bull,0.9999999206229435,1.1033954622389164e-88,3.3350428356103266e-168,7.937803229731135e-08
2024-07-22,24509.25,-0.0008829659721330775,15.4399995803833,6.75,7.0075,0.2595749999999999,2.1474714438209475,7.1944634466085,2.103879026955968,Bull,0.9999999493738883,6.207938682379073e-89,1.0469956313372466e-168,5.0626612839985576e-08
2024-07-23,24479.05078125,-0.0012329157000276177,12.75,6.75,7.0075,0.2595749999999999,2.1474714438209475,7.1944634466085,2.103879026955968,Bull,0.9999999941974238,4.356599390098343e-90,1.8961731743377232e-169,5.802120626309879e-09
2024-07-24,24413.5,-0.00268142363114976,11.760000228881836,6.75,7.0075,0.2595749999999999,2.1474714438209475,7.1944634466085,2.103879026955968,Bull,0.9999999955653038,2.4355163637273065e-90,1.9688512828731804e-169,4.433109278313142e-09
2024-07-25,24406.099609375,-0.0003031729363163769,12.619999885559082,6.75,7.0075,0.2595749999999999,2.1474714438209475,7.1944634466085,2.103879026955968,Bull,0.9999999944484443,2.9131245767919007e-90,1.812173585862977e-169,5.55295607722858e-09
2024-07-26,24834.849609375,0.01741480789992859,12.25,6.75,7.0075,0.2595749999999999,2.1474714438209475,7.1944634466085,2.103879026955968,Bull,0.9999999493848022,1.1905696526424344e-88,6.955065792425515e-168,5.061552377615378e-08
2024-07-29,24836.099609375,5.0331230625744864e-05,12.949999809265137,6.75,7.0075,0.2595749999999999,2.1474714438209475,7.1944634466085,2.103879026955968,Bull,0.9999999933679646,9.850443316140839e-90,1.7215900502256937e-169,6.6324851110040286e-09
2024-07-30,24857.30078125,0.0008532792280141148,12.880000114440918,6.75,7.0075,0.2595749999999999,2.1474714438209475,7.1944634466085,2.103879026955968,Bull,0.9999999936662789,9.193941288386308e-90,1.6851937113238206e-169,6.332566012384052e-09
2024-07-31,24951.150390625,0.0037684255675633532,13.25,6.75,7.0075,0.2595749999999999,2.1474714438209475,7.1944634466085,2.103879026955968,Bull,0.9999999916508386,1.5217249298433565e-89,2.3103591424153719e-169,8.348381873979154e-09
2024-08-01,25010.900390625,0.002391816490734086,12.930000305175781,6.75,6.91,0.2706200000000001,2.4425390408502556,3.81893090072953,1.2459016393442601,Bull,0.9999999742685762,1.1756506198057242e-87,1.9794466361330442e-148,2.5731725355247054e-08
2024-08-02,24717.69921875,-0.011792190883304469,14.319999694824219,6.75,6.91,0.2706200000000001,2.4425390408502556,3.81893090072953,1.2459016393442601,Bull,0.9996029790659532,4.5765333355365356e-85,1.1863133830448578e-145,0.000397020932532455
2024-08-05,24055.599609375,-0.02715175314145156,20.3700008392334,6.75,6.91,0.2706200000000001,2.4425390408502556,3.81893090072953,1.2459016393442601,Bull,0.0021652142400711677,7.793771060964307e-81,7.184743666208626e-140,0.9978347857591758
2024-08-06,23992.55078125,-0.0026244033870099497,18.739999771118164,6.75,6.91,0.2706200000000001,2.4425390408502556,3.81893090072953,1.2459016393442601,Bull,0.07097916982551526,1.7252421546937214e-82,9.309347684364656e-143,0.9290208301758789
2024-08-07,24297.5,0.012630066341245293,16.170000076293945,6.75,6.91,0.2706200000000001,2.4425390408502556,3.81893090072953,1.2459016393442601,Bull,0.6684186908269881,8.006762647732229e-83,3.4826305088240454e-143,0.3315813091719618
2024-08-08,24117.0,-0.007456478381555143,16.600000381469727,6.75,6.91,0.2706200000000001,2.4425390408502556,3.81893090072953,1.2459016393442601,Bull,0.8601764651478859,2.6820955407532383e-83,1.4720745735272362e-143,0.13982353485180607
2024-08-09,24367.5,0.010333291215294636,15.34000015258789,6.75,6.91,0.2706200000000001,2.4425390408502556,3.81893090072953,1.2459016393442601,Bull,0.9783773587067521,7.0537631010655975e-84,2.6335780896273217e-144,0.021622641292350597
2024-08-12,24347.0,-0.0008416385761983504,15.869999885559082,6.75,6.91,0.2706200000000001,2.4425390408502556,3.81893090072953,1.2459016393442601,Bull,0.9955023704457061,1.3774659870762019e-84,3.702041675573961e-145,0.004497629552806186
2024-08-13,24139.0,-0.00857984886239657,16.170000076293945,6.75,6.91,0.2706200000000001,2.4425390408502556,3.81893090072953,1.2459016393442601,Bull,0.9978257149201691,2.2025434781533126e-84,1.4498877873243716e-144,0.002174285081021778
2024-08-14,24143.75,0.0001967576418212346,15.4399995803833,6.75,6.91,0.2706200000000001,2.4425390408502556,3.81893090072953,1.2459016393442601,Bull,0.999735639797274,2.872982639782515e-85,1.5566221675179215e-145,0.0002643602038069134
2024-08-19,24572.650390625,0.0012827353541420893,14.319999694824219,6.75,6.91,0.2706200000000001,2.4425390408502556,3.81893090072953,1.2459016393442601,Bull,0.9999929163855864,8.219744640026093e-86,1.9339707260853545e-146,7.083612843380568e-06
2024-08-20,24698.849609375,0.0051226163083365125,13.819999694824219,6.75,6.91,0.2706200000000001,2.4425390408502556,3.81893090072953,1.2459016393442601,Bull,0.9999985462938291,4.8495619471149686e-86,1.0720454478902273e-146,1.4537059160800876e-06
2024-08-21,24770.19921875,0.0028846181820890576,13.329999923706055,6.75,6.91,0.2706200000000001,2.4425390408502556,3.81893090072953,1.2459016393442601,Bull,0.9999990498840782,3.4644151755601455e-86,7.507561045649212e-147,9.501149219913288e-07
2024-08-22,24811.5,0.0016659691560852782,13.0,6.75,6.91,0.2706200000000001,2.4425390408502556,3.81893090072953,1.2459016393442601,Bull,0.9999992184278524,2.8929402075771275e-86,6.593480221507524e-147,7.815736736125198e-07
2024-08-23,24823.150390625,0.0004694458708691634,13.550000190734863,6.75,6.91,0.2706200000000001,2.4425390408502556,3.81893090072953,1.2459016393442601,Bull,0.9999989618632685,3.813055962116734e-86,7.271823718967789e-147,1.038135102577632e-06
2024-08-26,25010.599609375,0.007523018148105455,13.800000190734863,6.75,6.91,0.2706200000000001,2.4425390408502556,3.81893090072953,1.2459016393442601,Bull,0.9999972709921116,1.8587828546408434e-85,2.5782886627912277e-146,2.7290062892538163e-06
2024-08-27,25017.75,0.0002858535502177548,13.630000114440918,6.75,6.91,0.2706200000000001,2.4425390408502556,3.81893090072953,1.2459016393442601,Bull,0.999999740568489,1.3582361358067779e-86,1.812820295145194e-147,2.594331869171312e-07
2024-08-28,25052.349609375,0.0013820469762269526,13.949999809265137,6.75,6.91,0.2706200000000001,2.4425390408502556,3.81893090072953,1.2459016393442601,Bull,0.9999996709739749,1.834034952865871e-86,2.1951427412766658e-147,3.290271944927041e-07
2024-08-29,25151.94921875,0.003967777356455909,13.789999961853027,6.75,6.91,0.2706200000000001,2.4425390408502556,3.81893090072953,1.2459016393442601,Bull,0.9999996521838207,2.317984030574962e-86,2.7107766362382067e-147,3.478145126066207e-07
2024-08-30,25235.900390625,0.003332202116407902,13.390000343322754,6.75,6.91,0.2706200000000001,2.4425390408502556,3.81893090072953,1.2459016393442601,Bull,0.9999997460363697,1.8329773671631694e-86,2.2345280436700447e-147,2.539647823435518e-07
2024-09-02,25278.69921875,0.0016945136137639853,14.0600004196167,6.75,6.8325,0.19434999999999913,4.218176537374929,5.42151479550008,1.9104084321475368,Bull,0.9999995906765363,1.5212250082246177e-82,3.4182666672295896e-60,4.0932234781897086e-07
2024-09-03,25279.849609375,4.550726442364936e-05,13.84000015258789,6.75,6.8325,0.19434999999999913,4.218176537374929,5.42151479550008,1.9104084321475368,Bull,0.9999998406820068,5.132778304857343e-83,1.343743657109903e-60,1.593162776415703e-07
2024-09-04,25198.69921875,-0.003215245383183467,14.380000114440918,6.75,6.8325,0.19434999999999913,4.218176537374929,5.42151479550008,1.9104084321475368,Bull,0.9999999759711503,5.673238319362667e-84,3.508532923064729e-61,2.4029254112040943e-08
2024-09-05,25145.099609375,-0.0021293438665674616,14.210000038146973,6.75,6.8325,0.19434999999999913,4.218176537374929,5.42151479550008,1.9104084321475368,Bull,0.9999999807769202,3.5486238657802384e-84,2.6664712258514313e-61,1.92221200060642e-08
2024-09-06,24852.150390625,-0.011718747382249265,15.220000267028809,6.75,6.8325,0.19434999999999913,4.218176537374929,5.42151479550008,1.9104084321475368,Bull,0.9999998007297307,1.983932755720542e-83,4.193006133881528e-60,1.9927143778289636e-07
2024-09-09,24936.400390625,0.003384315433638339,14.239999771118164,6.75,6.8325,0.19434999999999913,4.218176537374929,5.42151479550008,1.9104084321475368,Bull,0.999999978412234,2.0576118078740757e-84,2.9032451337713984e-61,2.1586410227321564e-08
2024-09-10,25041.099609375,0.0041898603137641086,13.359999656677246,6.75,6.8325,0.19434999999999913,4.218176537374929,5.42151479550008,1.9104084321475368,Bull,0.9999999870306057,1.4387141073346634e-84,2.656805562267887e-61,1.2969002687453423e-08
2024-09-11,24918.44921875,-0.004909997784499106,13.630000114440918,6.75,6.8325,0.19434999999999913,4.218176537374929,5.42151479550008,1.9104084321475368,Bull,0.9999999811770979,1.3826688261041384e-84,3.3846680143468815e-61,1.8822575348900126e-08
2024-09-12,25388.900390625,0.018703624424743968,13.180000305175781,6.75,6.8325,0.19434999999999913,4.218176537374929,5.42151479550008,1.9104084321475368,Bull,0.9999998601779323,4.887242701979555e-83,1.027267304286365e-59,1.3982187061068322e-07
2024-09-13,25356.5,-0.0012769785942554214,12.550000190734863,6.75,6.8325,0.19434999999999913,4.218176537374929,5.42151479550008,1.9104084321475368,Bull,0.999999992280209,1.338241182743921e-84,1.2481630271325816e-61,7.7197414717392e-09
2024-09-16,25383.75,0.0010740980826790941,12.460000038146973,6.75,6.8325,0.19434999999999913,4.218176537374929,5.42151479550008,1.9104084321475368,Bull,0.9999999925894372,1.2887708250106308e-84,1.2089459203311336e-61,7.408806021984718e-09
2024-09-17,25418.55078125,0.0013700476615561017,12.59000015258789,6.75,6.8325,0.19434999999999913,4.218176537374929,5.42151479550008,1.9104084321475368,Bull,0.9999999923020368,1.352796453500526e-84,1.2232023391277198e-61,7.699319536951467e-09
2024-09-18,25377.55078125,-0.0016142974615182065,13.369999885559082,6.75,6.8325,0.19434999999999913,4.218176537374929,5.42151479550008,1.9104084321475368,Bull,0.9999999883075362,1.7636953661228513e-84,1.400056093227109e-61,1.1691391604981064e-08
2024-09-19,25415.80078125,0.0015061029073179838,12.470000267028809,6.75,6.8325,0.19434999999999913,4.218176537374929,5.42151479550008,1.9104084321475368,Bull,0.9999999924730218,1.1124973395532934e-84,1.1686071453457205e-61,7.526410707319193e-09
2024-09-20,25790.94921875,0.014652566289984728,12.789999961853027,6.75,6.8325,0.19434999999999913,4.218176537374929,5.42151479550008,1.9104084321475368,Bull,0.9999999425635923,2.572629057972633e-83,2.3906634208373866e-60,5.74346026019481e-08
2024-09-23,25939.05078125,0.005725960454112572,13.789999961853027,6.75,6.8325,0.19434999999999913,4.218176537374929,5.42151479550008,1.9104084321475368,Bull,0.9999999747124096,1.2657636563553889e-83,3.8351929321437485e-61,2.528579376274324e-08
2024-09-24,25940.400390625,5.20286681844374e-05,13.390000343322754,6.75,6.8325,0.19434999999999913,4.218176537374929,5.42151479550008,1.9104084321475368,Bull,0.9999999841893442,6.529888469400757e-84,2.194804264294174e-61,1.58124193495362e-08
2024-09-25,26004.150390625,0.0024545416621303915,12.739999771118164,6.75,6.8325,0.19434999999999913,4.218176537374929,5.42151479550008,1.9104084321475368,Bull,0.9999999884385035,4.943519890640845e-84,2.0402190825031804e-61,1.1561107983208945e-08
2024-09-26,26216.05078125,0.008115692736807522,12.0,6.75,6.8325,0.19434999999999913,4.218176537374929,5.42151479550008,1.9104084321475368,Bull,0.999999984054739,1.1268209825767565e-83,5.7076126995670285e-61,1.594687810743425e-08
2024-09-27,26178.94921875,-0.0014162255444679923,11.960000038146973,6.75,6.8325,0.19434999999999913,4.218176537374929,5.42151479550008,1.9104084321475368,Bull,0.9999999897190719,5.213584135461545e-84,2.5875397495469957e-61,1.0282282294422407e-08
2024-09-30,25810.849609375,-0.014160691857076434,12.789999961853027,6.75,6.8325,0.19434999999999913,4.218176537374929,5.42151479550008,1.9104084321475368,Bull,0.9999998167295584,3.616464405134544e-83,6.196282223162114e-60,1.8326862713875164e-07
2024-10-01,25796.900390625,-0.0005405862138807384,11.989999771118164,6.75,6.785,0.326225,4.407490379293244,6.54875254137406,2.7540983606557212,Bull,0.9999999733190638,1.2767815887919715e-76,4.648658931187858e-55,2.668270341990242e-08
2024-10-04,25014.599609375,-0.009370461848646757,14.130000114440918,6.75,6.785,0.326225,4.407490379293244,6.54875254137406,2.7540983606557212,Bull,0.9999977904614606,1.5106107826574327e-75,2.8764844878155935e-53,2.2095386268336836e-06
2024-10-07,24795.75,-0.008787371273170997,15.079999923706055,6.75,6.785,0.326225,4.407490379293244,6.54875254137406,2.7540983606557212,Bull,0.9999797019650105,9.914806803892806e-75,2.642612858784521e-52,2.0298035517267615e-05
2024-10-08,25013.150390625,0.008729434677965052,14.59000015258789,6.75,6.785,0.326225,4.407490379293244,6.54875254137406,2.7540983606557212,Bull,0.9999976276368162,1.6661084288323241e-75,2.5437768095846274e-53,2.3723622577713524e-06
2024-10-09,24981.94921875,-0.0012481693673798233,14.119999885559082,6.75,6.785,0.326225,4.407490379293244,6.54875254137406,2.7540983606557212,Bull,0.9999989474423355,5.891533248810188e-76,9.452783392767122e-54,1.052557877281163e-06
2024-10-10,24998.44921875,0.0006602588660852999,13.5,6.75,6.785,0.326225,4.407490379293244,6.54875254137406,2.7540983606557212,Bull,0.9999994119863823,3.090951474841562e-76,5.90671929645399e-54,5.88014171453352e-07
2024-10-11,24964.25,-0.0013689902517646816,13.220000267028809,6.75,6.785,0.326225,4.407490379293244,6.54875254137406,2.7540983606557212,Bull,0.9999994621540819,2.41444387127492e-76,6.034835163163363e-54,5.378452209273952e-07
2024-10-14,25127.94921875,0.006535939888908111,13.0,6.75,6.785,0.326225,4.407490379293244,6.54875254137406,2.7540983606557212,Bull,0.9999998971870863,6.630532414300779e-77,1.6092606524846537e-54,1.0281248548226287e-07
2024-10-15,25057.349609375,-0.0028135592532655376,13.0,6.75,6.785,0.326225,4.407490379293244,6.54875254137406,2.7540983606557212,Bull,0.9999998779931122,5.893063469472787e-77,1.6832579217035168e-54,1.2200695244052484e-07
2024-10-16,24971.30078125,-0.003439985380697183,13.050000190734863,6.75,6.785,0.326225,4.407490379293244,6.54875254137406,2.7540983606557212,Bull,0.9999997922459658,7.916350082742924e-77,2.9382812999980746e-54,2.077547696416869e-07
2024-10-17,24749.849609375,-0.008907784090014885,13.390000343322754,6.75,6.785,0.326225,4.407490379293244,6.54875254137406,2.7540983606557212,Bull,0.999998038942171,4.911236373044975e-76,3.941434468186679e-53,1.961057961031318e-06
2024-10-18,24854.05078125,0.004201335956550517,13.039999961853027,6.75,6.785,0.326225,4.407490379293244,6.54875254137406,2.7540983606557212,Bull,0.9999994818428127,1.4982080735890236e-76,7.335934551754531e-54,5.181587175533008e-07
2024-10-21,24781.099609375,-0.002939498473548445,13.760000228881836,6.75,6.785,0.326225,4.407490379293244,6.54875254137406,2.7540983606557212,Bull,0.999998449152665,3.1541564584882096e-76,1.5502972867653692e-53,1.5508468143670563e-06
2024-10-22,24472.099609375,-0.012547572909439223,14.399999618530273,6.75,6.785,0.326225,4.407490379293244,6.54875254137406,2.7540983606557212,Bull,0.9999544018056299,6.422351305439049e-75,1.384197652275082e-51,4.5598195174308043e-05
2024-10-23,24435.5,-0.0014966842167451323,14.619999885559082,6.75,6.785,0.326225,4.407490379293244,6.54875254137406,2.7540983606557212,Bull,0.999971939557217,1.865861701831703e-75,2.3296473463214616e-52,2.8060442839709133e-05
2024-10-24,24399.400390625,-0.0014784351216731097,13.970000267028809,6.75,6.785,0.326225,4.407490379293244,6.54875254137406,2.7540983606557212,Bull,0.9998593635013399,1.4151736559689178e-75,2.3324288941560417e-52,0.00014063649809892392
2024-10-25,24180.80078125,-0.00899959570008371,14.630000114440918,6.75,6.785,0.326225,4.407490379293244,6.54875254137406,2.7540983606557212,Bull,0.9976740890984268,2.3294125037513305e-74,9.084634378426339e-51,0.0023259109002952217
2024-10-28,24339.150390625,0.006527218917237164,14.289999961853027,6.75,6.785,0.326225,4.407490379293244,6.54875254137406,2.7540983606557212,Bull,0.9963415081050646,6.276111035035464e-75,1.1908606307302592e-51,0.0036584918942197757
2024-10-29,24466.849609375,0.0052329430871703615,14.520000457763672,6.75,6.785,0.326225,4.407490379293244,6.54875254137406,2.7540983606557212,Bull,0.98570211410622,2.886989059039844e-74,2.776322179479686e-51,0.014297885892137232
2024-10-30,24340.849609375,-0.00516313130612327,15.510000228881836,6.75,6.785,0.326225,4.407490379293244,6.54875254137406,2.7540983606557212,Bull,0.8445304874022418,3.157507583437733e-73,4.478796802470399e-50,0.15546951259862699
2024-10-31,24205.349609375,-0.00558232586918934,15.550000190734863,6.75,6.785,0.326225,4.407490379293244,6.54875254137406,2.7540983606557212,Bull,0.5387844174414385,5.4009342706598085e-73,1.1889511336055815e-49,0.4612155825601426
2024-11-01,24304.349609375,0.004081663627652918,15.899999618530273,6.75,6.812,0.3428400000000007,3.8820970044657566,6.25451408956974,2.155453951665587,Bull,0.3446646001082689,5.057436486222879e-74,1.9581879023661905e-67,0.6553353998916396
2024-11-04,23995.349609375,-0.012795285302364113,16.690000534057617,6.75,6.812,0.3428400000000007,3.8820970044657566,6.25451408956974,2.155453951665587,Sideways,0.009586130984269902,6.768573183916448e-74,1.1664991528772911e-66,0.9904138690151432
2024-11-05,24213.30078125,0.009042055940529129,16.1200008392334,6.75,6.812,0.3428400000000007,3.8820970044657566,6.25451408956974,2.155453951665587,Sideways,0.007425330322734252,4.3435750422051857e-75,2.572495499945286e-68,0.9925746696767517
2024-11-06,24484.05078125,0.011119815807918394,14.869999885559082,6.75,6.812,0.3428400000000007,3.8820970044657566,6.25451408956974,2.155453951665587,Sideways,0.008029464780567335,4.870554906592176e-75,1.6016722796490862e-68,0.9919705352197686
2024-11-07,24199.349609375,-0.011696159889418445,14.9399995803833,6.75,6.812,0.3428400000000007,3.8820970044657566,6.25451408956974,2.155453951665587,Sideways,0.002976947440061139,3.5504788198042287e-75,3.266515730717792e-68,0.9970230525593067
2024-11-08,24148.19921875,-0.0021159463488489003,14.470000267028809,6.75,6.812,0.3428400000000007,3.8820970044657566,6.25451408956974,2.155453951665587,Sideways,0.0021019538842909358,2.1566352482614303e-75,1.4963010731990642e-68,0.9978980461144238
2024-11-11,24141.30078125,-0.00028571169910344984,14.270000457763672,6.75,6.812,0.3428400000000007,3.8820970044657566,6.25451408956974,2.155453951665587,Sideways,0.001329010642318709,1.9979629027708192e-75,1.5412208930992226e-68,0.9986709893582838
2024-11-12,23883.44921875,-0.010738381367723213,14.59000015258789,6.75,6.812,0.3428400000000007,3.8820970044657566,6.25451408956974,2.155453951665587,Sideways,2.8288678388765577e-05,1.5439522415202992e-75,4.0592819272744e-68,0.9999717113204952
2024-11-13,23559.05078125,-0.013675649189030194,15.4399995803833,6.75,6.812,0.3428400000000007,3.8820970044657566,6.25451408956974,2.155453951665587,Sideways,1.66912792597453e-08,1.1157158864577518e-75,9.099221439074549e-68,0.9999999833089533
2024-11-14,23532.69921875,-0.0011191584619590343,14.779999732971191,6.75,6.812,0.3428400000000007,3.8820970044657566,6.25451408956974,2.155453951665587,Sideways,1.358178758768626e-07,8.223838151477271e-76,3.938485852514492e-68,0.9999998641833464
2024-11-19,23518.5,0.002754783503889256,15.65999984741211,6.75,6.812,0.3428400000000007,3.8820970044657566,6.25451408956974,2.155453951665587,Sideways,4.4996918099163804e-08,9.563907193148714e-76,4.030261630296181e-68,0.9999999550018411
2024-11-22,23907.25,0.02358904203763299,16.100000381469727,6.75,6.812,0.3428400000000007,3.8820970044657566,6.25451408956974,2.155453951665587,Sideways,5.554458470500973e-10,4.2713124485398153e-75,2.7126825780112073e-67,0.9999999994433892
2024-11-25,24221.900390625,0.013075438521712217,15.300000190734863,6.75,6.812,0.3428400000000007,3.8820970044657566,6.25451408956974,2.155453951665587,Sideways,3.879394501765768e-07,3.6968760662376487e-75,2.545878720323283e-68,0.9999996120605672
2024-11-26,24194.5,-0.0011318641340202825,15.3100004196167,6.75,6.812,0.3428400000000007,3.8820970044657566,6.25451408956974,2.155453951665587,Sideways,1.010377796073512e-06,2.705568802074599e-75,1.2065435645015651e-68,0.9999989896210184
2024-11-27,24274.900390625,0.0033175761911502914,14.630000114440918,6.75,6.812,0.3428400000000007,3.8820970044657566,6.25451408956974,2.155453951665587,Sideways,3.598889680287775e-06,2.824933760782245e-75,1.1760439098425301e-68,0.9999964011104753
2024-11-28,23914.150390625,-0.0149725605075969,15.210000038146973,6.75,6.812,0.3428400000000007,3.8820970044657566,6.25451408956974,2.155453951665587,Sideways,3.906305311760583e-09,2.1433076413960837e-75,6.519258687497869e-68,0.9999999960928108
2024-11-29,24131.099609375,0.009031098528695802,14.430000305175781,6.75,6.812,0.3428400000000007,3.8820970044657566,6.25451408956974,2.155453951665587,Sideways,2.034644991840044e-07,2.5316486159157455e-75,2.2943509796040417e-68,0.9999997965351419
2024-12-02,24276.05078125,0.005988850983542634,14.699999809265137,6.75,6.7775,0.30299999999999994,3.530243394934618,6.05635133683882,2.5691699604742935,Sideways,7.269427479755713e-07,1.4789849547709546e-78,3.3355018919844647e-84,0.999999273055701
2024-12-03,24457.150390625,0.007432322879372628,14.369999885559082,6.75,6.7775,0.30299999999999994,3.530243394934618,6.05635133683882,2.5691699604742935,Sideways,3.117790938398026e-06,1.9466286928278025e-78,2.998779844833864e-84,0.9999968822097289
2024-12-04,24467.44921875,0.0004210081782723239,14.449999809265137,6.75,6.7775,0.30299999999999994,3.530243394934618,6.05635133683882,2.5691699604742935,Sideways,7.876200589388795e-06,1.7750775065100273e-78,2.2512643033442746e-84,0.9999921237996241
2024-12-05,24708.400390625,0.009799651742121284,14.529999732971191,6.75,6.7775,0.30299999999999994,3.530243394934618,6.05635133683882,2.5691699604742935,Sideways,7.503376940590943e-05,3.4236477401318255e-78,2.975439435791508e-84,0.9999249662317348
2024-12-06,24677.80078125,-0.0012391968835286232,14.140000343322754,6.75,6.7775,0.30299999999999994,3.530243394934618,6.05635133683882,2.5691699604742935,Sideways,0.0015552072278007974,2.682000385163576e-78,2.214929697697765e-84,0.9984447927725858
2024-12-09,24619.0,-0.002385583169878571,14.109999656677246,6.75,6.7775,0.30299999999999994,3.530243394934618,6.05635133683882,2.5691699604742935,Sideways,0.005239940324102427,3.171572003087231e-78,3.520180686156706e-84,0.9947600596765297
2024-12-10,24610.05078125,-0.00036357470666444975,13.779999732971191,6.75,6.7775,0.30299999999999994,3.530243394934618,6.05635133683882,2.5691699604742935,Sideways,0.016934670803227855,3.184431861944502e-78,4.0286325181864156e-84,0.9830653291965772
2024-12-11,24641.80078125,0.0012892918089711122,13.270000457763672,6.75,6.7775,0.30299999999999994,3.530243394934618,6.05635133683882,2.5691699604742935,Sideways,0.031975765332483266,2.0253800148321753e-78,2.6005609280542013e-84,0.9680242346685015
2024-12-12,24548.69921875,-0.003785351792322941,13.1899995803833,6.75,6.7775,0.30299999999999994,3.530243394934618,6.05635133683882,2.5691699604742935,Sideways,0.03457555245683903,1.7017474843879632e-78,3.2096857503834873e-84,0.9654244475433695
2024-12-13,24768.30078125,0.008905773422254015,13.050000190734863,6.75,6.7775,0.30299999999999994,3.530243394934618,6.05635133683882,2.5691699604742935,Sideways,0.03464552658587055,2.6964599295457267e-78,3.241010197100825e-84,0.9653544734134555
2024-12-16,24668.25,-0.004047649614185296,14.020000457763672,6.75,6.7775,0.30299999999999994,3.530243394934618,6.05635133683882,2.5691699604742935,Sideways,0.026395248351674477,2.820812372281245e-78,2.902764408132743e-84,0.9736047516474814
2024-12-17,24336.0,-0.01356025614827435,14.489999771118164,6.75,6.7775,0.30299999999999994,3.530243394934618,6.05635133683882,2.5691699604742935,Sideways,0.0009936718306818454,3.475642124215395e-78,1.7331021631083594e-83,0.9990063281691544
2024-12-18,24198.849609375,-0.005651640286891943,14.369999885559082,6.75,6.7775,0.30299999999999994,3.530243394934618,6.05635133683882,2.5691699604742935,Sideways,4.216614488779928e-05,9.458855775540035e-79,3.9496154444844075e-84,0.9999578338551913
2024-12-19,23951.69921875,-0.01026582529903898,14.510000228881836,6.75,6.7775,0.30299999999999994,3.530243394934618,6.05635133683882,2.5691699604742935,Sideways,1.6463563457847675e-07,7.032459801518549e-79,8.478850660239417e-84,0.9999998353632826
2024-12-20,23587.5,-0.015322359236337606,15.069999694824219,6.75,6.7775,0.30299999999999994,3.530243394934618,6.05635133683882,2.5691699604742935,Sideways,3.1091591886025672e-09,5.0159262444943006e-79,3.153991266416896e-83,0.9999999968895281
2024-12-23,23753.44921875,0.007010839504245724,13.520000457763672,6.75,6.7775,0.30299999999999994,3.530243394934618,6.05635133683882,2.5691699604742935,Sideways,8.755818187747533e-07,4.384706378231857e-79,1.0767998043756895e-83,0.99999912441892
2024-12-24,23727.650390625,-0.0010866989549987555,13.180000305175781,6.75,6.7775,0.30299999999999994,3.530243394934618,6.05635133683882,2.5691699604742935,Sideways,1.0693150411820044e-06,3.741820496200472e-79,1.0130502466306667e-83,0.999998930685823
2024-12-27,23813.400390625,0.002657545248501766,13.239999771118164,6.75,6.7775,0.30299999999999994,3.530243394934618,6.05635133683882,2.5691699604742935,Sideways,2.536217842279755e-06,4.260942234575266e-79,8.576308058312565e-84,0.9999974637826529
2024-12-30,23644.900390625,-0.007101000468431965,13.970000267028809,6.75,6.7775,0.30299999999999994,3.530243394934618,6.05635133683882,2.5691699604742935,Sideways,3.266554587069796e-07,3.618457753604229e-79,1.3962162130360139e-83,0.9999996733459363
2024-12-31,23644.80078125,-4.2127301519090045e-06,14.449999809265137,6.75,6.7775,0.30299999999999994,3.530243394934618,6.05635133683882,2.5691699604742935,Sideways,5.158061603452692e-07,3.6978091168623944e-79,1.0474403935940072e-83,0.9999994841929458
2025-01-01,23742.900390625,0.004140304217561321,14.449999809265137,6.75,6.758,0.1649799999999999,3.0957071771397837,7.15634434518184,2.5132275132275117,Sideways,1.705930815107539e-06,5.89132348824926e-88,3.82258950441885e-106,0.9999982940695189
2025-01-02,24188.650390625,0.018599976157659907,13.739999771118164,6.75,6.758,0.1649799999999999,3.0957071771397837,7.15634434518184,2.5132275132275117,Sideways,4.784343714021253e-06,1.5678065987577016e-87,7.9829318294631195e-106,0.9999952156545842
2025-01-03,24004.75,-0.007631803596810856,13.539999961853027,6.75,6.758,0.1649799999999999,3.0957071771397837,7.15634434518184,2.5132275132275117,Sideways,5.7891110049278965e-06,7.682143804641176e-88,3.0396822021958996e-106,0.9999942108901673
2025-01-06,23616.05078125,-0.016325128725884954,15.649999618530273,6.75,6.758,0.1649799999999999,3.0957071771397837,7.15634434518184,2.5132275132275117,Sideways,1.342075536063487e-09,7.954668645148499e-88,1.5080159758990619e-105,0.9999999986575858
2025-01-07,23707.900390625,0.0038817437019732417,14.65999984741211,6.75,6.758,0.1649799999999999,3.0957071771397837,7.15634434518184,2.5132275132275117,Sideways,8.663345162398859e-08,6.266865273142194e-88,3.584152147317461e-106,0.9999999133651765
2025-01-08,23688.94921875,-0.0007996806978147784,14.470000267028809,6.75,6.758,0.1649799999999999,3.0957071771397837,7.15634434518184,2.5132275132275117,Sideways,8.673717110837628e-08,5.727205346780042e-88,3.632416621560121e-106,0.9999999132633131
2025-01-09,23526.5,-0.006881216315863482,14.65999984741211,6.75,6.758,0.1649799999999999,3.0957071771397837,7.15634434518184,2.5132275132275117,Sideways,6.294761926746038e-09,5.034964550807249e-88,6.608500316621452e-106,0.9999999937062967
2025-01-10,23431.5,-0.004046174437066828,14.920000076293945,6.75,6.758,0.1649799999999999,3.0957071771397837,7.15634434518184,2.5132275132275117,Sideways,2.1631742946723876e-09,4.622344695406115e-88,6.921884076280871e-106,0.9999999978354026
2025-01-13,23085.94921875,-0.014857097422370331,16.0,6.75,6.758,0.1649799999999999,3.0957071771397837,7.15634434518184,2.5132275132275117,Sideways,4.606597257561361e-13,5.016781575770995e-88,4.784418892652567e-105,1.0
2025-01-14,23176.05078125,0.003895278043635164,15.470000267028809,6.75,6.758,0.1649799999999999,3.0957071771397837,7.15634434518184,2.5132275132275117,Sideways,3.6365096241924085e-11,4.1573958246170475e-88,1.2749760885216172e-105,0.9999999999636202
2025-01-15,23213.19921875,0.0016015971562733668,15.260000228881836,6.75,6.758,0.1649799999999999,3.0957071771397837,7.15634434518184,2.5132275132275117,Sideways,7.061453791549175e-11,4.0635022336783824e-88,1.1079598863628341e-105,0.9999999999308784
2025-01-16,23311.80078125,0.004238654922064901,15.470000267028809,6.75,6.758,0.1649799999999999,3.0957071771397837,7.15634434518184,2.5132275132275117,Sideways,2.7212350274193935e-10,4.681566141797235e-88,9.121666677304573e-106,0.9999999997271516
2025-01-17,23203.19921875,-0.004669537131428157,15.75,6.75,6.758,0.1649799999999999,3.0957071771397837,7.15634434518184,2.5132275132275117,Sideways,4.154240702675748e-11,4.280736664595448e-88,1.2699478287417426e-105,0.9999999999599822
2025-01-20,23344.75,0.006081952909099664,16.420000076293945,6.75,6.758,0.1649799999999999,3.0957071771397837,7.15634434518184,2.5132275132275117,Sideways,1.0992942294046893e-10,6.017238165066501e-88,9.568806008770089e-106,0.9999999998908606
2025-01-21,23024.650390625,-0.013806721311582606,17.059999465942383,6.75,6.758,0.1649799999999999,3.0957071771397837,7.15634434518184,2.5132275132275117,Sideways,1.5834918098002618e-13,5.613104520931754e-88,5.522909879209942e-105,1.0
2025-01-22,23155.349609375,0.0056604403518015324,16.770000457763672,6.75,6.758,0.1649799999999999,3.0957071771397837,7.15634434518184,2.5132275132275117,Sideways,7.79611046629278e-12,5.35283118013477e-88,1.60740608817397e-105,0.999999999992724
2025-01-23,23205.349609375,0.0021570002277194853,16.700000762939453,6.75,6.758,0.1649799999999999,3.0957071771397837,7.15634434518184,2.5132275132275117,Sideways,1.86659133369321e-11,5.262891474260424e-88,1.2381726889857544e-105,0.9999999999818101
2025-01-24,23092.19921875,-0.00488797436469754,16.75,6.75,6.758,0.1649799999999999,3.0957071771397837,7.15634434518184,2.5132275132275117,Sideways,2.9482980915648657e-12,4.75846188727444e-88,1.9105424005215046e-105,0.999999999996362
2025-01-27,22829.150390625,-0.011456619090824587,18.1299991607666,6.75,6.758,0.1649799999999999,3.0957071771397837,7.15634434518184,2.5132275132275117,Sideways,1.572132000631582e-15,6.24271812725979e-88,9.445751253607617e-105,1.0
2025-01-28,22957.25,0.005595545512054291,18.200000762939453,6.75,6.758,0.1649799999999999,3.0957071771397837,7.15634434518184,2.5132275132275117,Sideways,1.840780149568254e-14,6.916219172966705e-88,3.8789368604922924e-105,1.0
2025-01-29,23163.099609375,0.008926687592645893,18.639999389648438,6.75,6.758,0.1649799999999999,3.0957071771397837,7.15634434518184,2.5132275132275117,Sideways,5.752915854163177e-14,1.0319785335644515e-87,3.2077930653690674e-105,1.0
2025-01-30,23249.5,0.003723148074350194,17.389999389648438,6.75,6.758,0.1649799999999999,3.0957071771397837,7.15634434518184,2.5132275132275117,Sideways,2.5223556635904934e-11,6.369918872871292e-88,1.3633453201774064e-105,0.9999999999745341
2025-01-31,23508.400390625,0.011074194280356322,16.25,6.75,6.758,0.1649799999999999,3.0957071771397837,7.15634434518184,2.5132275132275117,Sideways,9.247043052920354e-10,7.423770849865699e-88,1.002070151451025e-105,0.9999999990759534
2025-02-01,23482.150390625,-0.001117246011978889,16.25,6.5,6.7325,0.2786333333000002,2.5861832882339453,6.90372509668613,2.447089947089953,Sideways,5.048448253878204e-09,1.156951753345428e-83,1.276897138508781e-127,0.9999999949504854
2025-02-03,23361.05078125,-0.005170435671733403,14.350000381469727,6.5,6.7325,0.2786333333000002,2.5861832882339453,6.90372509668613,2.447089947089953,Sideways,7.561178509957021e-09,7.4269167287851055e-84,2.1350277446829995e-127,0.99999999244028
2025-02-04,23739.25,0.016059657410686868,14.020000457763672,6.5,6.7325,0.2786333333000002,2.5861832882339453,6.90372509668613,2.447089947089953,Sideways,4.472210546476559e-08,1.5869374175923996e-83,2.5353112593082186e-127,0.9999999552783275
2025-02-05,23696.30078125,-0.0018108456539069108,14.079999923706055,6.5,6.7325,0.2786333333000002,2.5861832882339453,6.90372509668613,2.447089947089953,Sideways,2.134412529765389e-07,1.039864885810249e-83,8.391559199334234e-128,0.9999997865598061
2025-02-06,23603.349609375,-0.003930316218479903,14.180000305175781,6.5,6.7325,0.2786333333000002,2.5861832882339453,6.90372509668613,2.447089947089953,Sideways,5.99127665735658e-08,9.547405241570067e-84,1.0949394335141319e-127,0.9999999400861288
2025-02-07,23559.94921875,-0.0018404311807618838,13.6899995803833,6.5,6.7325,0.2786333333000002,2.5861832882339453,6.90372509668613,2.447089947089953,Sideways,1.7744334186127282e-07,8.229694515785653e-84,1.3516114551559154e-127,0.9999998225575994
2025-02-10,23381.599609375,-0.0075988318246352615,14.449999809265137,6.5,6.7325,0.2786333333000002,2.5861832882339453,6.90372509668613,2.447089947089953,Sideways,5.068752632519685e-09,7.88851682497724e-84,2.372027096730699e-127,0.9999999949322955
2025-02-11,23071.80078125,-0.013338245144624153,14.869999885559082,6.5,6.7325,0.2786333333000002,2.5861832882339453,6.90372509668613,2.447089947089953,Sideways,8.267683882384706e-12,7.370660976792547e-84,9.096200841095971e-127,0.999999999992724
2025-02-12,23045.25,-0.001151451956867338,14.899999618530273,6.5,6.7325,0.2786333333000002,2.5861832882339453,6.90372509668613,2.447089947089953,Sideways,3.010340813564489e-11,6.288226560056976e-84,3.985343180957902e-127,0.9999999999708962
2025-02-13,23031.400390625,-0.0006011552347958088,14.960000038146973,6.5,6.7325,0.2786333333000002,2.5861832882339453,6.90372509668613,2.447089947089953,Sideways,2.57092504423446e-11,6.267692374933152e-84,4.120462527448271e-127,0.9999999999745341
2025-02-14,22929.25,-0.00444513112662715,15.020000457763672,6.5,6.7325,0.2786333333000002,2.5861832882339453,6.90372509668613,2.447089947089953,Sideways,5.245245729705265e-12,5.84192998796158e-84,6.207175020474187e-127,0.999999999996362
2025-02-17,22959.5,0.001318406118349223,15.720000267028809,6.5,6.7325,0.2786333333000002,2.5861832882339453,6.90372509668613,2.447089947089953,Sideways,9.66483530731291e-12,6.62465604446603e-84,5.365735373631027e-127,0.9999999999890861
2025-02-18,22945.30078125,-0.0006186376571162799,15.670000076293945,6.5,6.7325,0.2786333333000002,2.5861832882339453,6.90372509668613,2.447089947089953,Sideways,9.416343653780069e-12,6.394113615647101e-84,5.7237784309865224e-127,0.9999999999890861
2025-02-19,22932.900390625,-0.0005405787764224007,15.420000076293945,6.5,6.7325,0.2786333333000002,2.5861832882339453,6.90372509668613,2.447089947089953,Sideways,1.0874454655738874e-11,6.046535797143198e-84,5.9952805310238215e-127,0.9999999999890861
2025-02-20,22913.150390625,-0.0008615791713867465,14.680000305175781,6.5,6.7325,0.2786333333000002,2.5861832882339453,6.90372509668613,2.447089947089953,Sideways,1.917047064817991e-11,5.262597918916816e-84,6.800054382138534e-127,0.9999999999818101
2025-02-21,22795.900390625,-0.005130286241460248,14.529999732971191,6.5,6.7325,0.2786333333000002,2.5861832882339453,6.90372509668613,2.447089947089953,Sideways,4.212922769023257e-12,4.73699276646113e-84,1.2243220524670777e-126,0.999999999996362
2025-02-24,22553.349609375,-0.010697116011174177,14.4399995803833,6.5,6.7325,0.2786333333000002,2.5861832882339453,6.90372509668613,2.447089947089953,Sideways,3.701427917410448e-14,4.361056183723645e-84,4.002536868705889e-126,1.0
2025-02-25,22547.55078125,-0.00025714910818764225,13.720000267028809,6.5,6.7325,0.2786333333000002,2.5861832882339453,6.90372509668613,2.447089947089953,Sideways,2.40441382614644e-13,3.6568327410827586e-84,2.7804844077623642e-126,1.0
2025-02-28,22124.69921875,-0.01882096814125905,13.90999984741211,6.5,6.7325,0.2786333333000002,2.5861832882339453,6.90372509668613,2.447089947089953,Sideways,2.5409917504539482e-18,4.296020574016789e-84,5.995327590106349e-125,1.0
2025-03-03,22119.30078125,-0.0002440302652016664,13.760000228881836,6.5,6.6825,0.18137500000000006,2.9517527093563922,7.19463453565767,2.245706737120212,Sideways,1.2883259164816622e-16,1.5797040833166798e-87,1.048248537358048e-104,1.0
2025-03-04,22082.650390625,-0.001658315891150207,13.829999923706055,6.5,6.6825,0.18137500000000006,2.9517527093563922,7.19463453565767,2.245706737120212,Sideways,6.122558625067315e-17,1.562880409471312e-87,1.2024694711137694e-104,1.0
2025-03-05,22337.30078125,0.01146571185468711,13.670000076293945,6.5,6.6825,0.18137500000000006,2.9517527093563922,7.19463453565767,2.245706737120212,Sideways,1.2116302353556874e-15,2.1506055611455965e-87,8.021817281901842e-105,1.0
2025-03-06,22544.69921875,0.00924200854408832,13.729999542236328,6.5,6.6825,0.18137500000000006,2.9517527093563922,7.19463453565767,2.245706737120212,Sideways,1.1695467534179308e-13,2.200823275262439e-87,3.539525667453326e-105,1.0
2025-03-07,22552.5,0.00034595413741610534,13.470000267028809,6.5,6.6825,0.18137500000000006,2.9517527093563922,7.19463453565767,2.245706737120212,Sideways,2.7546531879403127e-13,1.878489041348916e-87,2.4608342720756044e-105,1.0
2025-03-10,22460.30078125,-0.004096583464717347,13.989999771118164,6.5,6.6825,0.18137500000000006,2.9517527093563922,7.19463453565767,2.245706737120212,Sideways,3.427285060861205e-14,1.8844539066655287e-87,3.30177922129758e-105,1.0
2025-03-11,22497.900390625,0.0016726478000064651,14.069999694824219,6.5,6.6825,0.18137500000000006,2.9517527093563922,7.19463453565767,2.245706737120212,Sideways,6.767050587431727e-14,1.9691954326027936e-87,2.6077877179677914e-105,1.0
2025-03-12,22470.5,-0.001218651042867137,13.6899995803833,6.5,6.6825,0.18137500000000006,2.9517527093563922,7.19463453565767,2.245706737120212,Sideways,6.106101467372003e-14,1.8280931836868006e-87,3.1705957969538206e-105,1.0
2025-03-13,22397.19921875,-0.00326742167482874,13.279999732971191,6.5,6.6825,0.18137500000000006,2.9517527093563922,7.19463453565767,2.245706737120212,Sideways,3.03015395913071e-14,1.6829321607878732e-87,5.3931656115165635e-105,1.0
2025-03-18,22834.30078125,0.014359703182661372,13.210000038146973,6.5,6.6825,0.18137500000000006,2.9517527093563922,7.19463453565767,2.245706737120212,Sideways,3.939759475355211e-12,2.9856393989321845e-87,2.711214986722137e-105,0.999999999996362
2025-03-19,22907.599609375,0.0032048904937790478,13.300000190734863,6.5,6.6825,0.18137500000000006,2.9517527093563922,7.19463453565767,2.245706737120212,Sideways,4.4669082133748616e-11,2.4164293637686815e-87,8.313589088881023e-106,0.9999999999563443
2025-03-20,23190.650390625,0.012280480863664548,12.600000381469727,6.5,6.6825,0.18137500000000006,2.9517527093563922,7.19463453565767,2.245706737120212,Sideways,6.521793979442966e-10,3.5777272203787926e-87,8.460136008419232e-106,0.9999999993488018
2025-03-21,23350.400390625,0.0068649342763162065,12.579999923706055,6.5,6.6825,0.18137500000000006,2.9517527093563922,7.19463453565767,2.245706737120212,Sideways,9.384041162185433e-09,3.5905290182204566e-87,3.3761577700161326e-106,0.9999999906176527
2025-03-24,23658.349609375,0.013101970335000056,13.699999809265137,6.5,6.6825,0.18137500000000006,2.9517527093563922,7.19463453565767,2.245706737120212,Sideways,3.790592373686193e-08,6.455033375731917e-87,2.0550280278931963e-106,0.9999999620922615
2025-03-25,23668.650390625,0.0004353025297464832,13.640000343322754,6.5,6.6825,0.18137500000000006,2.9517527093563922,7.19463453565767,2.245706737120212,Sideways,1.542163891342164e-07,5.0306604862583075e-87,9.111744777854436e-107,0.9999998457824523
2025-03-26,23486.849609375,-0.007710730752587225,13.470000267028809,6.5,6.6825,0.18137500000000006,2.9517527093563922,7.19463453565767,2.245706737120212,Sideways,7.550378648201829e-09,4.309134245820552e-87,2.0000971904805878e-106,0.999999992451194
2025-03-27,23591.94921875,0.004464845602965276,13.300000190734863,6.5,6.6825,0.18137500000000006,2.9517527093563922,7.19463453565767,2.245706737120212,Sideways,5.462004653205027e-08,4.739199339461928e-87,1.2948235969417047e-106,0.9999999453793876
2025-03-28,23519.349609375,-0.003082049047667123,12.720000267028809,6.5,6.6825,0.18137500000000006,2.9517527093563922,7.19463453565767,2.245706737120212,Sideways,6.092073691208721e-08,3.9131787737728045e-87,1.8135461356143814e-106,0.9999999390784088
2025-04-02,23332.349609375,0.007168090205371445,13.720000267028809,6.3125,6.455,0.41202499999999986,2.9517527093563922,5.75542274993133,0.8502289077828573,Sideways,2.4480450496840593e-09,4.143834807537108e-75,4.23294860238582e-99,0.9999999975516403
2025-04-03,23250.099609375,-0.003531376595912815,13.600000381469727,6.3125,6.455,0.41202499999999986,2.9517527093563922,5.75542274993133,0.8502289077828573,Sideways,6.285629810644497e-09,3.2556907224101646e-75,5.709480882731119e-99,0.9999999937135726
2025-04-04,22904.44921875,-0.014978235581472139,13.760000228881836,6.3125,6.455,0.41202499999999986,2.9517527093563922,5.75542274993133,0.8502289077828573,Sideways,2.2185954329458187e-12,3.16057723225611e-75,3.587488802343303e-98,0.999999999996362
2025-04-07,22161.599609375,-0.032970136904421674,22.790000915527344,6.3125,6.455,0.41202499999999986,2.9517527093563922,5.75542274993133,0.8502289077828573,Sideways,6.838438949705811e-32,1.1808171752554048e-73,6.695427657337738e-94,1.0
2025-04-08,22535.849609375,0.01674631338889978,20.440000534057617,6.3125,6.455,0.41202499999999986,2.9517527093563922,5.75542274993133,0.8502289077828573,Sideways,1.8134084822987765e-23,2.5854178691779276e-74,6.506570055626098e-97,1.0
2025-04-09,22399.150390625,-0.006084328049671031,21.43000030517578,6.3125,6.455,0.41202499999999986,2.9517527093563922,5.75542274993133,0.8502289077828573,Sideways,8.808955985096508e-25,2.487661223762557e-74,5.941002952364415e-97,1.0
2025-04-16,23437.19921875,0.004646504460063537,15.869999885559082,6.3125,6.455,0.41202499999999986,2.9517527093563922,5.75542274993133,0.8502289077828573,Sideways,4.328691836750886e-13,8.759321323322026e-75,3.5626359343539393e-99,1.0
2025-04-17,23851.650390625,0.017528943393621495,15.470000267028809,6.3125,6.455,0.41202499999999986,2.9517527093563922,5.75542274993133,0.8502289077828573,Sideways,1.2162866088064042e-12,2.0009449341922015e-74,6.563564636961864e-99,1.0
2025-04-21,24125.55078125,0.011418063566753105,15.520000457763672,6.3125,6.455,0.41202499999999986,2.9517527093563922,5.75542274993133,0.8502289077828573,Sideways,3.051589948728175e-11,2.3031204353020074e-74,1.762711394644388e-99,0.9999999999708962
2025-04-22,24167.25,0.0017269335569158489,15.229999542236328,6.3125,6.455,0.41202499999999986,2.9517527093563922,5.75542274993133,0.8502289077828573,Sideways,1.7006697475701133e-10,1.8943160701278167e-74,8.984843486501803e-100,0.999999999829015
2025-04-23,24328.94921875,0.006668556323176313,15.960000038146973,6.3125,6.455,0.41202499999999986,2.9517527093563922,5.75542274993133,0.8502289077828573,Sideways,2.369911457189784e-10,2.847775492888354e-74,8.073915023196902e-100,0.9999999997635314
2025-04-24,24246.69921875,-0.0033864737270896763,16.25,6.3125,6.455,0.41202499999999986,2.9517527093563922,5.75542274993133,0.8502289077828573,Sideways,2.373551116438587e-10,2.3762604798364765e-74,7.493244439632619e-100,0.9999999997635314
2025-04-25,24039.349609375,-0.008588438645809417,17.15999984741211,6.3125,6.455,0.41202499999999986,2.9517527093563922,5.75542274993133,0.8502289077828573,Sideways,2.1760095463019795e-12,2.482775824959994e-74,1.8548994720643517e-99,0.999999999996362
2025-04-28,24328.5,0.011956447831200931,16.940000534057617,6.3125,6.455,0.41202499999999986,2.9517527093563922,5.75542274993133,0.8502289077828573,Sideways,3.261736617875105e-11,4.000963691404503e-74,1.3918414217009541e-99,0.9999999999672582
2025-04-29,24335.94921875,0.00030614622903455367,17.3700008392334,6.3125,6.455,0.41202499999999986,2.9517527093563922,5.75542274993133,0.8502289077828573,Sideways,6.17992779085765e-11,3.5801696148566275e-74,7.384219178758313e-100,0.9999999999381544
2025-04-30,24334.19921875,-7.191266338548166e-05,18.219999313354492,6.3125,6.455,0.41202499999999986,2.9517527093563922,5.75542274993133,0.8502289077828573,Sideways,4.547977051543351e-11,4.2609192025208875e-74,8.03393788622465e-100,0.9999999999527063
2025-05-05,24461.150390625,0.004689876016656186,18.34000015258789,6.25,6.272,0.48112000000000066,2.9517527093563922,4.26017137941537,0.13029315960910726,Sideways,5.72746147542768e-11,1.3019900828356785e-70,1.597144050456709e-97,0.9999999999417923
2025-05-06,24379.599609375,-0.0033394596535795407,19.0,6.25,6.272,0.48112000000000066,2.9517527093563922,4.26017137941537,0.13029315960910726,Sideways,1.1181245414075136e-11,1.345498632240423e-70,2.138202977247683e-97,0.9999999999890861
2025-05-07,24414.400390625,0.001426437150093386,19.059999465942383,6.25,6.272,0.48112000000000066,2.9517527093563922,4.26017137941537,0.13029315960910726,Sideways,1.662950085432171e-11,1.4472811460941421e-70,1.929300229819189e-97,0.9999999999818101
2025-05-08,24273.80078125,-0.005775526588332327,21.010000228881836,6.25,6.272,0.48112000000000066,2.9517527093563922,4.26017137941537,0.13029315960910726,Sideways,2.345127652812639e-14,2.5901834759537012e-70,7.962756527944806e-97,1.0
2025-05-09,24008.0,-0.011010503428714508,21.6299991607666,6.25,6.272,0.48112000000000066,2.9517527093563922,4.26017137941537,0.13029315960910726,Sideways,9.532952174011262e-17,2.723870915969351e-70,3.232891697319236e-96,1.0
2025-05-12,24924.69921875,0.03747214018466671,18.389999389648438,6.25,6.272,0.48112000000000066,2.9517527093563922,4.26017137941537,0.13029315960910726,Sideways,1.2201701704773044e-19,2.605987565245997e-69,3.0056544854875835e-94,1.0
2025-05-13,24578.349609375,-0.013993290077199355,18.200000762939453,6.25,6.272,0.48112000000000066,2.9517527093563922,4.26017137941537,0.13029315960910726,Sideways,2.514677982048263e-16,2.925061231283118e-70,1.3107857219953105e-96,1.0
2025-05-14,24666.900390625,0.003596321541244558,17.229999542236328,6.25,6.272,0.48112000000000066,2.9517527093563922,4.26017137941537,0.13029315960910726,Sideways,9.147365260101363e-10,1.285416171847651e-70,9.395404704900827e-98,0.9999999990868673
2025-05-15,25062.099609375,0.015894449466611917,16.889999389648438,6.25,6.272,0.48112000000000066,2.9517527093563922,4.26017137941537,0.13029315960910726,Sideways,3.390613334948728e-09,2.9622192957283143e-70,1.69514434054218e-97,0.9999999966094038
2025-05-16,25019.80078125,-0.0016891866264205442,16.549999237060547,6.25,6.272,0.48112000000000066,2.9517527093563922,4.26017137941537,0.13029315960910726,Sideways,4.728671290637583e-08,1.7227226330459593e-70,4.967806121451618e-98,0.9999999527135526
2025-05-19,24945.44921875,-0.002976133107706799,17.360000610351562,6.25,6.272,0.48112000000000066,2.9517527093563922,4.26017137941537,0.13029315960910726,Sideways,5.850390555833403e-09,1.8990090335069782e-70,6.510372854205563e-98,0.9999999941501301
2025-05-20,24683.900390625,-0.010540184450815589,17.389999389648438,6.25,6.272,0.48112000000000066,2.9517527093563922,4.26017137941537,0.13029315960910726,Sideways,7.03694586707208e-10,1.358498896511469e-70,1.466491585770606e-97,0.9999999992978701
2025-05-21,24813.44921875,0.0052345883147392296,17.549999237060547,6.25,6.272,0.48112000000000066,2.9517527093563922,4.26017137941537,0.13029315960910726,Sideways,5.793250810771125e-09,1.631481947368905e-70,7.578052333558375e-98,0.9999999942083377
2025-05-22,24609.69921875,-0.008245170966734258,17.260000228881836,6.25,6.272,0.48112000000000066,2.9517527093563922,4.26017137941537,0.13029315960910726,Sideways,7.385030060120772e-10,1.1361361504668836e-70,1.2826435946196038e-97,0.9999999992614903
2025-05-23,24853.150390625,0.009843878373448323,17.280000686645508,6.25,6.272,0.48112000000000066,2.9517527093563922,4.26017137941537,0.13029315960910726,Sideways,2.4240241271096904e-09,1.872600623351707e-70,1.0551035158186461e-97,0.9999999975771061
2025-05-26,25001.150390625,0.0059373186446142635,18.020000457763672,6.25,6.272,0.48112000000000066,2.9517527093563922,4.26017137941537,0.13029315960910726,Sideways,2.33464906736577e-09,2.653297876422516e-70,7.876035331875454e-98,0.9999999976644176
2025-05-27,24826.19921875,-0.00702232377173064,18.540000915527344,6.25,6.272,0.48112000000000066,2.9517527093563922,4.26017137941537,0.13029315960910726,Sideways,2.8800915944472053e-10,2.239093159404445e-70,1.231909782487044e-97,0.9999999997125997
2025-05-28,24752.44921875,-0.002975073210803887,18.020000457763672,6.25,6.272,0.48112000000000066,2.9517527093563922,4.26017137941537,0.13029315960910726,Sideways,1.61609450336529e-09,1.6005459400755275e-70,8.681217525887505e-98,0.9999999983847374
2025-05-29,24833.599609375,0.003273116733106363,16.420000076293945,6.25,6.272,0.48112000000000066,2.9517527093563922,4.26017137941537,0.13029315960910726,Sideways,4.109683933215776e-08,1.228188684494078e-70,5.816611051620136e-98,0.9999999589017543
2025-05-30,24750.69921875,-0.0033438193068198903,16.079999923706055,6.25,6.272,0.48112000000000066,2.9517527093563922,4.26017137941537,0.13029315960910726,Sideways,3.134832399437409e-08,9.81794353931053e-71,6.548038219354058e-98,0.9999999686515371
2025-06-02,24716.599609375,-0.001378673005562118,17.15999984741211,5.75,6.3075,0.8785249999999998,2.9517527093563922,2.24153555327886,-0.1948051948052032,Sideways,2.5957731297962713e-09,6.2792865538314535e-52,8.48930943100571e-84,0.9999999974024831
2025-06-03,24542.5,-0.007068758288164619,16.559999465942383,5.75,6.3075,0.8785249999999998,2.9517527093563922,2.24153555327886,-0.1948051948052032,Sideways,8.867023369926925e-10,4.422899844702635e-52,1.3336582443193645e-83,0.9999999991123332
2025-06-04,24620.19921875,0.0031609038835467354,15.75,5.75,6.3075,0.8785249999999998,2.9517527093563922,2.24153555327886,-0.1948051948052032,Sideways,7.2122206623572275e-09,4.1801647201733665e-52,9.066820896895105e-84,0.999999992789526
2025-06-05,24750.900390625,0.005294655304090157,15.079999923706055,5.75,6.3075,0.8785249999999998,2.9517527093563922,2.24153555327886,-0.1948051948052032,Sideways,3.708161241077411e-07,4.956006113615315e-52,9.140778020737453e-84,0.9999996291845269
2025-06-06,25003.05078125,0.010135980900817266,14.630000114440918,5.75,6.3075,0.8785249999999998,2.9517527093563922,2.24153555327886,-0.1948051948052032,Sideways,0.0015862666931589881,3.4743738544731274e-50,5.877002480582578e-82,0.9984137333079127
2025-06-09,25103.19921875,0.003997448256890138,14.6899995803833,5.75,6.3075,0.8785249999999998,2.9517527093563922,2.24153555327886,-0.1948051948052032,Bull,0.9625468923923478,9.464174719190548e-52,9.090131806956965e-84,0.03745310760765011
2025-06-10,25104.25,4.18575835460567e-05,14.020000457763672,5.75,6.3075,0.8785249999999998,2.9517527093563922,2.24153555327886,-0.1948051948052032,Bull,0.9996901609225477,9.060237924608718e-54,1.1795834838964919e-85,0.000309839078790588
2025-06-11,25141.400390625,0.001478750781646587,13.670000076293945,5.75,6.3075,0.8785249999999998,2.9517527093563922,2.24153555327886,-0.1948051948052032,Bull,0.999997196675686,1.6524095758156982e-54,2.199708385363792e-86,2.803325764422944e-06
2025-06-12,24888.19921875,-0.010122141121121413,14.020000457763672,5.75,6.3075,0.8785249999999998,2.9517527093563922,2.24153555327886,-0.1948051948052032,Bull,0.9999880449345926,1.0658223601432605e-53,4.603519280545662e-85,1.1955065356305454e-05
2025-06-13,24718.599609375,-0.006837783295332098,15.079999923706055,5.75,6.3075,0.8785249999999998,2.9517527093563922,2.24153555327886,-0.1948051948052032,Bull,0.9999443299710402,4.894437788397924e-53,1.9392334217569973e-84,5.56700301394468e-05
2025-06-16,24946.5,0.00917755091754434,14.84000015258789,5.75,6.3075,0.8785249999999998,2.9517527093563922,2.24153555327886,-0.1948051948052032,Bull,0.9999821966941922,2.0470876115548002e-53,4.3270667784473557e-85,1.780330536473141e-05
2025-06-17,24853.400390625,-0.0037389519699400583,14.399999618530273,5.75,6.3075,0.8785249999999998,2.9517527093563922,2.24153555327886,-0.1948051948052032,Bull,0.9999913815271021,8.06642106322666e-54,2.3068189792807077e-85,8.618471686851307e-06
2025-06-18,24812.05078125,-0.0016651260767121068,14.279999732971191,5.75,6.3075,0.8785249999999998,2.9517527093563922,2.24153555327886,-0.1948051948052032,Bull,0.9999918969152506,7.300313285953201e-54,2.346660227711599e-85,8.10308342961664e-06
2025-06-19,24793.25,-0.0007580150449296773,14.260000228881836,5.75,6.3075,0.8785249999999998,2.9517527093563922,2.24153555327886,-0.1948051948052032,Bull,0.999992593324495,6.616176867685656e-54,2.4276794822378176e-85,7.406675011212027e-06
2025-06-20,25112.400390625,0.012790324902965947,13.670000076293945,5.75,6.3075,0.8785249999999998,2.9517527093563922,2.24153555327886,-0.1948051948052032,Bull,0.9999971702276546,4.931965903236943e-54,1.424736131604675e-85,2.8297711607729307e-06
2025-06-23,24971.900390625,-0.005610555258512813,14.050000190734863,5.75,6.3075,0.8785249999999998,2.9517527093563922,2.24153555327886,-0.1948051948052032,Bull,0.9999967194507158,3.889194330669021e-54,1.0118018868509017e-85,3.280547930541062e-06
2025-06-24,25044.349609375,0.0028970292423300638,13.640000343322754,5.75,6.3075,0.8785249999999998,2.9517527093563922,2.24153555327886,-0.1948051948052032,Bull,0.9999988895184997,1.4288181942991862e-54,3.1588944357488834e-86,1.1104799318809248e-06
2025-06-25,25244.75,0.00796997571939643,12.960000038146973,5.75,6.3075,0.8785249999999998,2.9517527093563922,2.24153555327886,-0.1948051948052032,Bull,0.9999995497456543,8.32872347737786e-55,1.5734957165013527e-86,4.5025552645477213e-07
2025-06-26,25549.0,0.011979963629751521,12.59000015258789,5.75,6.3075,0.8785249999999998,2.9517527093563922,2.24153555327886,-0.1948051948052032,Bull,0.9999996920815212,1.0584305472605862e-54,1.2730723174748457e-86,3.079186334013197e-07
2025-06-27,25637.80078125,0.00346967847107354,12.390000343322754,5.75,6.3075,0.8785249999999998,2.9517527093563922,2.24153555327886,-0.1948051948052032,Bull,0.9999999201390924,2.629503812111446e-55,1.8428206087807296e-87,7.986160862801263e-08
2025-06-30,25517.05078125,-0.004720968611190444,12.789999961853027,5.75,6.3075,0.8785249999999998,2.9517527093563922,2.24153555327886,-0.1948051948052032,Bull,0.999999823634441,4.64177472577376e-55,3.995825854715802e-87,1.763668849140532e-07
2025-07-01,25541.80078125,0.0009694695897414579,12.529999732971191,5.75,6.35,0.9676499999999999,2.9517527093563922,5.01015599522554,-0.5795235028976164,Bull,0.9999999334977496,5.342593016991935e-52,4.341958060946236e-87,6.650043350433995e-08
2025-07-02,25453.400390625,-0.0034670116851196766,12.449999809265137,5.75,6.35,0.9676499999999999,2.9517527093563922,5.01015599522554,-0.5795235028976164,Bull,0.9999998923631268,7.296625890772105e-52,8.008536120291428e-87,1.076369507172541e-07
2025-07-03,25405.30078125,-0.0018915002785163046,12.390000343322754,5.75,6.35,0.9676499999999999,2.9517527093563922,5.01015599522554,-0.5795235028976164,Bull,0.9999998860475963,7.060457979579488e-52,8.601759341135376e-87,1.1395146361550591e-07
2025-07-04,25461.0,0.0021900252291445488,12.319999694824219,5.75,6.35,0.9676499999999999,2.9517527093563922,5.01015599522554,-0.5795235028976164,Bull,0.9999999282154047,4.964606800850787e-52,5.778497666763314e-87,7.178343468099922e-08
2025-07-07,25461.30078125,1.181334092876479e-05,12.5600004196167,5.75,6.35,0.9676499999999999,2.9517527093563922,5.01015599522554,-0.5795235028976164,Bull,0.9999999245374085,5.1925110418854146e-52,5.532366894953792e-87,7.546112746123087e-08
2025-07-08,25522.5,0.0024007330644550996,12.199999809265137,5.75,6.35,0.9676499999999999,2.9517527093563922,5.01015599522554,-0.5795235028976164,Bull,0.9999999438623506,4.305619979933423e-52,4.600736321455728e-87,5.6139193192876075e-08
2025-07-09,25476.099609375,-0.0018196736296237606,11.9399995803833,5.75,6.35,0.9676499999999999,2.9517527093563922,5.01015599522554,-0.5795235028976164,Bull,0.9999999356150532,4.4029601953280555e-52,6.010658778532134e-87,6.438321705050103e-08
2025-07-10,25355.25,-0.004754933244868607,11.670000076293945,5.75,6.35,0.9676499999999999,2.9517527093563922,5.01015599522554,-0.5795235028976164,Bull,0.9999999003703174,5.5279799360150806e-52,1.424668174218093e-86,9.962969089816232e-08
2025-07-11,25149.849609375,-0.00813389240519248,11.819999694824219,5.75,6.35,0.9676499999999999,2.9517527093563922,5.01015599522554,-0.5795235028976164,Bull,0.999999615476628,1.5688016677866864e-51,7.513250196304619e-86,3.8452237321727955e-07
2025-07-14,25082.30078125,-0.0026894675348791744,11.979999542236328,5.75,6.35,0.9676499999999999,2.9517527093563922,5.01015599522554,-0.5795235028976164,Bull,0.9999997022751347,1.053195094284019e-51,4.713813346690917e-86,2.977232025792576e-07
2025-07-15,25195.80078125,0.004514895720960817,11.479999542236328,5.75,6.35,0.9676499999999999,2.9517527093563922,5.01015599522554,-0.5795235028976164,Bull,0.9999998377425204,7.18129249256047e-52,3.0031727369363844e-86,1.6225688383561557e-07
2025-07-16,25212.05078125,0.0006447408512447503,11.239999771118164,5.75,6.35,0.9676499999999999,2.9517527093563922,5.01015599522554,-0.5795235028976164,Bull,0.9999998673047318,5.784202946872139e-52,2.5175277561717805e-86,1.3269369646598445e-07
2025-07-17,25111.44921875,-0.003998199509757984,11.239999771118164,5.75,6.35,0.9676499999999999,2.9517527093563922,5.01015599522554,-0.5795235028976164,Bull,0.9999997377126764,9.655646005990755e-52,5.809981156833862e-86,2.6228869400412307e-07
2025-07-18,24968.400390625,-0.005712845317742711,11.390000343322754,5.75,6.35,0.9676499999999999,2.9517527093563922,5.01015599522554,-0.5795235028976164,Bull,0.9999993617786676,1.9273337423252e-51,2.104367637416372e-85,6.382229248128804e-07
2025-07-21,25090.69921875,0.004886187422514114,11.199999809265137,5.75,6.35,0.9676499999999999,2.9517527093563922,5.01015599522554,-0.5795235028976164,Bull,0.9999997291488765,1.0329751377985889e-51,8.064983197804972e-86,2.7085074971712195e-07
2025-07-22,25060.900390625,-0.0011883501967580668,10.75,5.75,6.35,0.9676499999999999,2.9517527093563922,5.01015599522554,-0.5795235028976164,Bull,0.999999708110451,1.0195395009858755e-51,1.054333886518355e-85,2.918881755154013e-07
2025-07-23,25219.900390625,0.006324502693684897,10.520000457763672,5.75,6.35,0.9676499999999999,2.9517527093563922,5.01015599522554,-0.5795235028976164,Bull,0.9999998206149191,8.855695055916337e-52,7.845425521916611e-86,1.7938579312635382e-07
2025-07-24,25062.099609375,-0.006276651657225533,10.720000267028809,5.75,6.35,0.9676499999999999,2.9517527093563922,5.01015599522554,-0.5795235028976164,Bull,0.9999993978819469,2.2103859282508877e-51,3.9567394835908234e-85,6.021182012032249e-07
2025-07-25,24837.0,-0.009022252428611252,11.279999732971191,5.75,6.35,0.9676499999999999,2.9517527093563922,5.01015599522554,-0.5795235028976164,Bull,0.9999973151752445,6.988888300700358e-51,1.8514918957847794e-84,2.684823161780912e-06
2025-07-28,24680.900390625,-0.006304795850755804,12.0600004196167,5.75,6.35,0.9676499999999999,2.9517527093563922,5.01015599522554,-0.5795235028976164,Bull,0.9999946613094552,1.0939558150353303e-50,2.503466610002216e-84,5.3386899202300746e-06
2025-07-29,24821.099609375,0.005664401180259817,11.529999732971191,5.75,6.35,0.9676499999999999,2.9517527093563922,5.01015599522554,-0.5795235028976164,Bull,0.9999985818186412,3.636502060887355e-51,5.637892027378342e-85,1.4181820405741387e-06
2025-07-30,24855.05078125,0.001366900490246142,11.210000038146973,5.75,6.35,0.9676499999999999,2.9517527093563922,5.01015599522554,-0.5795235028976164,Bull,0.9999990949440419,2.355836449431571e-51,3.534331336488005e-85,9.050543081363299e-07
2025-07-31,24768.349609375,-0.003494369971240235,11.539999961853027,5.75,6.35,0.9676499999999999,2.9517527093563922,5.01015599522554,-0.5795235028976164,Bull,0.9999980996199024,4.0660836112848507e-51,6.991535805189548e-85,1.900381243362591e-06
2025-08-01,24565.349609375,-0.008229715141942045,11.979999542236328,5.75,6.522,1.0539200000000006,2.9517527093563922,3.91466433816623,0.5181347150258864,Bull,0.9999849229434135,4.1606471845140774e-47,6.953986166904508e-84,1.5077056196358037e-05
2025-08-04,24722.75,0.006386974825463857,11.970000267028809,5.75,6.522,1.0539200000000006,2.9517527093563922,3.91466433816623,0.5181347150258864,Bull,0.9999965957525738,1.134601833413116e-47,8.632456751706852e-85,3.4042477130633815e-06
2025-08-05,24649.55078125,-0.0029651959185494695,11.710000038146973,5.75,6.522,1.0539200000000006,2.9517527093563922,3.91466433816623,0.5181347150258864,Bull,0.9999955854534289,1.2708922772574813e-47,1.2983571060376288e-84,4.414544824990093e-06
2025-08-06,24574.19921875,-0.003061596134311999,11.960000038146973,5.75,6.522,1.0539200000000006,2.9517527093563922,3.91466433816623,0.5181347150258864,Bull,0.9999920512698145,2.0618658653947202e-47,2.3271842554951373e-84,7.948731126916749e-06
2025-08-07,24596.150390625,0.0008928622028389917,11.6899995803833,5.75,6.522,1.0539200000000006,2.9517527093563922,3.91466433816623,0.5181347150258864,Bull,0.9999918940412706,1.5549311936338208e-47,1.7530609809769398e-84,8.105959167589796e-06
2025-08-08,24363.30078125,-0.00951200879308063,12.029999732971191,5.75,6.522,1.0539200000000006,2.9517527093563922,3.91466433816623,0.5181347150258864,Bull,0.999910666646937,1.797196236893513e-46,5.040397459645671e-83,8.933335214522415e-05
2025-08-11,24585.05078125,0.009060632685991908,12.220000267028809,5.75,6.522,1.0539200000000006,2.9517527093563922,3.91466433816623,0.5181347150258864,Bull,0.9999812904392849,3.9091278523517947e-47,3.7177594561295905e-84,1.8709559620163252e-05
2025-08-12,24487.400390625,-0.003979850901478695,12.229999542236328,5.75,6.522,1.0539200000000006,2.9517527093563922,3.91466433816623,0.5181347150258864,Bull,0.9999813504102453,4.0950658778370817e-47,4.582036903496185e-84,1.8649590251396995e-05
2025-08-13,24619.349609375,0.0053739877432256436,12.140000343322754,5.75,6.522,1.0539200000000006,2.9517527093563922,3.91466433816623,0.5181347150258864,Bull,0.9999929297186844,1.97744800268898e-47,1.4420329712288752e-84,7.070283010809652e-06
2025-08-14,24631.30078125,0.00048532037708285097,12.359999656677246,5.75,6.522,1.0539200000000006,2.9517527093563922,3.91466433816623,0.5181347150258864,Bull,0.99999468599301,1.558577691826707e-47,9.36616014365555e-85,5.314008337665902e-06
2025-08-19,24980.650390625,0.004159900285259885,11.789999961853027,5.75,6.522,1.0539200000000006,2.9517527093563922,3.91466433816623,0.5181347150258864,Bull,0.9999994416977382,2.847793446653389e-48,8.641023927844444e-86,5.583012732261788e-07
2025-08-20,25050.55078125,0.002794273751954044,11.789999961853027,5.75,6.522,1.0539200000000006,2.9517527093563922,3.91466433816623,0.5181347150258864,Bull,0.9999996550978407,1.9806813182708595e-48,4.99092253013805e-86,3.449033013881378e-07
2025-08-21,25083.75,0.0013244115539841486,11.369999885559082,5.75,6.522,1.0539200000000006,2.9517527093563922,3.91466433816623,0.5181347150258864,Bull,0.9999997261511828,1.6166643087510208e-48,4.485804431980533e-86,2.7385024104475146e-07
2025-08-22,24870.099609375,-0.008553963109247331,11.729999542236328,5.75,6.522,1.0539200000000006,2.9517527093563922,3.91466433816623,0.5181347150258864,Bull,0.9999981239179169,8.236568177448468e-48,4.7934464288078774e-85,1.8760830597609024e-06
2025-08-25,24967.75,0.003918729092601476,11.760000228881836,5.75,6.522,1.0539200000000006,2.9517527093563922,3.91466433816623,0.5181347150258864,Bull,0.9999994011743157,2.903874484013444e-48,9.387853805295201e-86,5.988241806335485e-07
2025-08-26,24712.05078125,-0.010293981565065833,12.1899995803833,5.75,6.522,1.0539200000000006,2.9517527093563922,3.91466433816623,0.5181347150258864,Bull,0.9999913144797328,2.798631956623683e-47,2.3118686033826167e-84,8.685520905423431e-06
2025-08-29,24426.849609375,-0.003026946376657732,11.75,5.75,6.522,1.0539200000000006,2.9517527093563922,3.91466433816623,0.5181347150258864,Bull,0.9999753706301732,5.128818703982792e-47,7.983872775225625e-84,2.46293708996227e-05
2025-09-01,24625.05078125,0.008081328102276956,11.289999961853027,5.75,6.585,1.0882500000000004,2.9517527093563922,5.31637027174359,0.19392372333548735,Bull,0.9999927230284011,4.078695623902879e-46,5.069145728970294e-84,7.276970882138736e-06
2025-09-02,24579.599609375,-0.0018474345185382894,11.399999618530273,5.75,6.585,1.0882500000000004,2.9517527093563922,5.31637027174359,0.19392372333548735,Bull,0.9999937088484864,3.2284755933908562e-46,3.7168929807560715e-84,6.291149907066815e-06
2025-09-03,24715.05078125,0.005495586709857895,10.930000305175781,5.75,6.585,1.0882500000000004,2.9517527093563922,5.31637027174359,0.19392372333548735,Bull,0.9999971048133449,1.9475352501429233e-46,1.955232331075684e-84,2.895185119890012e-06
2025-09-04,24734.30078125,0.0007785744550393448,10.850000381469727,5.75,6.585,1.0882500000000004,2.9517527093563922,5.31637027174359,0.19392372333548735,Bull,0.9999980905358865,1.2738348890717509e-46,1.288786573018844e-84,1.9094647974407263e-06
2025-09-05,24741.0,0.0002708106342015157,10.779999732971191,5.75,6.585,1.0882500000000004,2.9517527093563922,5.31637027174359,0.19392372333548735,Bull,0.999998219149114,1.2071471044479808e-46,1.3275135094490917e-84,1.7808497447843605e-06
2025-09-08,24773.150390625,0.0012986346282709543,10.84000015258789,5.75,6.585,1.0882500000000004,2.9517527093563922,5.31637027174359,0.19392372333548735,Bull,0.9999985671175898,1.0254190351169788e-46,1.0132198213854896e-84,1.4328824235010172e-06
2025-09-09,24868.599609375,0.0038455266535053208,10.6899995803833,5.75,6.585,1.0882500000000004,2.9517527093563922,5.31637027174359,0.19392372333548735,Bull,0.9999991291701161,7.426198445314552e-47,6.303215609963749e-85,8.708282337315166e-07
2025-09-10,24973.099609375,0.004193282121674665,10.539999961853027,5.75,6.585,1.0882500000000004,2.9517527093563922,5.31637027174359,0.19392372333548735,Bull,0.9999994961837179,5.087188035926508e-47,3.500736130727816e-85,5.038172285233797e-07
2025-09-11,25005.5,0.0012965707489705478,10.359999656677246,5.75,6.585,1.0882500000000004,2.9517527093563922,5.31637027174359,0.19392372333548735,Bull,0.9999995957369627,4.2417022546037167e-47,3.4835355064826133e-85,4.042640759175656e-07
2025-09-12,25114.0,0.004329658895022681,10.119999885559082,5.75,6.585,1.0882500000000004,2.9517527093563922,5.31637027174359,0.19392372333548735,Bull,0.999999705498383,3.878345409015845e-47,3.2087105886717334e-85,2.9450122728925693e-07
2025-09-15,25069.19921875,-0.001785489719644452,10.399999618530273,5.75,6.585,1.0882500000000004,2.9517527093563922,5.31637027174359,0.19392372333548735,Bull,0.9999996605366172,3.917192417706971e-47,3.2233509101633684e-85,3.394642947825026e-07
2025-09-16,25239.099609375,0.0067543940269436074,10.270000457763672,5.75,6.585,1.0882500000000004,2.9517527093563922,5.31637027174359,0.19392372333548735,Bull,0.9999998054190845,3.2296501497965843e-47,1.9693386154366062e-85,1.945809745808333e-07
2025-09-17,25330.25,0.003604969810507005,10.25,5.75,6.585,1.0882500000000004,2.9517527093563922,5.31637027174359,0.19392372333548735,Bull,0.9999998936691611,1.9431990110119905e-47,8.571181299806172e-86,1.0633119869463733e-07
2025-09-18,25423.599609375,0.0036785274558399,9.890000343322754,5.75,6.585,1.0882500000000004,2.9517527093563922,5.31637027174359,0.19392372333548735,Bull,0.9999999143838104,1.8639797703287498e-47,8.156249280592714e-86,8.561497091973291e-08
2025-09-19,25327.05078125,-0.0038048357551339826,9.970000267028809,5.75,6.585,1.0882500000000004,2.9517527093563922,5.31637027174359,0.19392372333548735,Bull,0.9999998698331267,2.270634387367263e-47,1.2366190697434644e-85,1.3016610678464833e-07
2025-09-22,25202.349609375,-0.00493579674708062,10.5600004196167,5.75,6.585,1.0882500000000004,2.9517527093563922,5.31637027174359,0.19392372333548735,Bull,0.9999997955165081,2.7851682008728516e-47,1.4777939311718813e-85,2.0448283773501232e-07
2025-09-23,25169.5,-0.001304284606843299,10.630000114440918,5.75,6.585,1.0882500000000004,2.9517527093563922,5.31637027174359,0.19392372333548735,Bull,0.999999780960958,2.822992559190302e-47,1.7082375166779315e-85,2.1903882056958015e-07
2025-09-24,25056.900390625,-0.004483689738311146,10.520000457763672,5.75,6.585,1.0882500000000004,2.9517527093563922,5.31637027174359,0.19392372333548735,Bull,0.9999995373983599,4.946508593017756e-47,4.52070479944804e-85,4.6260185970765833e-07
2025-09-25,24890.849609375,-0.006649003929024595,10.779999732971191,5.75,6.585,1.0882500000000004,2.9517527093563922,5.31637027174359,0.19392372333548735,Bull,0.9999982063434515,1.4674015312279104e-46,2.423233993518888e-84,1.7936562201938023e-06
2025-09-26,24654.69921875,-0.009532730366893805,11.430000305175781,5.75,6.585,1.0882500000000004,2.9517527093563922,5.31637027174359,0.19392372333548735,Bull,0.9999902998022017,5.749354794364947e-46,1.2908327363801196e-83,9.700198057107534e-06
2025-09-29,24634.900390625,-0.0008033674181471517,11.369999885559082,5.75,6.585,1.0882500000000004,2.9517527093563922,5.31637027174359,0.19392372333548735,Bull,0.999994229534701,3.047637966709258e-46,5.729657591836703e-84,5.770464113164755e-06
2025-09-30,24611.099609375,-0.0009666077692868598,11.069999694824219,5.75,6.585,1.0882500000000004,2.9517527093563922,5.31637027174359,0.19392372333548735,Bull,0.9999930468862462,3.573153422432459e-46,8.458633894592995e-84,6.95311366739608e-06
2025-10-01,24836.30078125,0.009108779315782467,10.289999961853027,5.75,6.482,1.0289000000000001,2.9517527093563922,-0.485415514324072,-1.02105934907466,Bull,0.9999900258650922,9.770394180995862e-48,7.955614099792525e-83,9.974135320958157e-06
2025-10-06,25077.650390625,0.007340173682814145,10.1899995803833,5.75,6.482,1.0289000000000001,2.9517527093563922,-0.485415514324072,-1.02105934907466,Bull,0.9999980090053026,2.638831482700166e-48,9.752797414366378e-84,1.9909938770891517e-06
2025-10-07,25108.30078125,0.0012214730903828323,10.050000190734863,5.75,6.482,1.0289000000000001,2.9517527093563922,-0.485415514324072,-1.02105934907466,Bull,0.9999987869858241,1.609631975431145e-48,5.127331275811882e-84,1.213015476562156e-06
2025-10-08,25046.150390625,-0.0024783611817054724,10.3100004196167,5.75,6.482,1.0289000000000001,2.9517527093563922,-0.485415514324072,-1.02105934907466,Bull,0.9999983291686793,1.9656785539019675e-48,6.574544348418304e-84,1.670831154785134e-06
2025-10-09,25181.80078125,0.005401403691044332,10.119999885559082,5.75,6.482,1.0289000000000001,2.9517527093563922,-0.485415514324072,-1.02105934907466,Bull,0.9999990265937603,1.5185315182831797e-48,3.981796611076265e-84,9.734046831649046e-07
2025-10-10,25285.349609375,0.004103618794970308,10.100000381469727,5.75,6.482,1.0289000000000001,2.9517527093563922,-0.485415514324072,-1.02105934907466,Bull,0.9999994328647307,1.0270706698767364e-48,2.0244230476885347e-84,5.671344432260091e-07
2025-10-13,25227.349609375,-0.0022964532241035664,11.010000228881836,5.75,6.482,1.0289000000000001,2.9517527093563922,-0.485415514324072,-1.02105934907466,Bull,0.999999391177156,9.242214951821979e-49,1.2839405112120152e-84,6.088221065374644e-07
2025-10-14,25145.5,-0.0032497538671527296,11.15999984741211,5.75,6.482,1.0289000000000001,2.9517527093563922,-0.485415514324072,-1.02105934907466,Bull,0.999999053460208,1.2599142936914033e-48,2.092232945286985e-84,9.465385973565684e-07
2025-10-15,25323.55078125,0.007055869574947451,10.529999732971191,5.75,6.482,1.0289000000000001,2.9517527093563922,-0.485415514324072,-1.02105934907466,Bull,0.9999994517312782,1.0745271427131106e-48,1.5612144451995054e-84,5.482672981895849e-07
2025-10-16,25585.30078125,0.010283174673804386,10.869999885559082,5.75,6.482,1.0289000000000001,2.9517527093563922,-0.485415514324072,-1.02105934907466,Bull,0.9999996758852446,1.0543463798790463e-48,7.426324323106539e-85,3.2411628640420343e-07
2025-10-17,25709.849609375,0.0048561734175648985,11.630000114440918,5.75,6.482,1.0289000000000001,2.9517527093563922,-0.485415514324072,-1.02105934907466,Bull,0.9999998702442183,4.641025763143381e-49,1.2658087450379735e-85,1.2975663748891297e-07
2025-10-20,25843.150390625,0.0051714188632333265,11.359999656677246,5.75,6.482,1.0289000000000001,2.9517527093563922,-0.485415514324072,-1.02105934907466,Bull,0.9999999000829171,4.552234447716885e-49,1.0401517904195922e-85,9.991535387371907e-08
2025-10-21,25868.599609375,0.000984272270986046,11.300000190734863,5.75,6.482,1.0289000000000001,2.9517527093563922,-0.485415514324072,-1.02105934907466,Bull,0.9999999192441497,3.640193149790065e-49,7.909670001241748e-86,8.075476202580416e-08
2025-10-24,25795.150390625,-0.0037243774174138414,11.59000015258789,5.75,6.482,1.0289000000000001,2.9517527093563922,-0.485415514324072,-1.02105934907466,Bull,0.9999998885214216,4.3069831191952115e-49,1.0810422856069602e-85,1.114769021275961e-07
2025-10-27,25966.05078125,0.00660344071508198,11.859999656677246,5.75,6.482,1.0289000000000001,2.9517527093563922,-0.485415514324072,-1.02105934907466,Bull,0.9999998990351793,5.769886004738358e-49,8.802348207881788e-86,1.0096408677590122e-07
2025-10-28,25936.19921875,-0.0011502994876563522,11.949999809265137,5.75,6.482,1.0289000000000001,2.9517527093563922,-0.485415514324072,-1.02105934907466,Bull,0.9999999169158434,4.0697776976208985e-49,6.125967754180112e-86,8.308543890617217e-08
2025-10-29,26053.900390625,0.004527837947802368,11.970000267028809,5.75,6.482,1.0289000000000001,2.9517527093563922,-0.485415514324072,-1.02105934907466,Bull,0.9999999199753834,5.103751761202076e-49,6.900480733994462e-86,8.002508857960951e-08
2025-10-30,25877.849609375,-0.006780108726120027,12.069999694824219,5.75,6.482,1.0289000000000001,2.9517527093563922,-0.485415514324072,-1.02105934907466,Bull,0.9999998444509522,6.906519541284992e-49,1.8022688121831216e-85,1.5554850440487996e-07
2025-10-31,25722.099609375,-0.006036845980053782,12.149999618530273,5.75,6.482,1.0289000000000001,2.9517527093563922,-0.485415514324072,-1.02105934907466,Bull,0.9999998061066623,6.3244178745963646e-49,1.96553631869167e-85,1.9389245584718487e-07
2025-11-03,25763.349609375,0.001602394830084992,12.670000076293945,5.75,6.5375,1.1311,2.9517527093563922,8.79682398441806,-0.12787723785167016,Bull,0.9999999681240302,1.047433166701369e-45,2.396971577408494e-86,3.187570015364022e-08
2025-11-04,25597.650390625,-0.006452358545521922,12.649999618530273,5.75,6.5375,1.1311,2.9517527093563922,8.79682398441806,-0.12787723785167016,Bull,0.99999992529047,1.820880975882299e-45,7.554467993268325e-86,7.471059705559115e-08
2025-11-07,25492.30078125,-0.0006822649376453303,12.5600004196167,5.75,6.5375,1.1311,2.9517527093563922,8.79682398441806,-0.12787723785167016,Bull,0.9999999301689992,1.3865994593291297e-45,6.801868431186694e-86,6.982980552045082e-08
2025-11-10,25574.349609375,0.0032134043686110675,12.300000190734863,5.75,6.5375,1.1311,2.9517527093563922,8.79682398441806,-0.12787723785167016,Bull,0.99999994908285,1.1702913916893868e-45,5.282645426265763e-86,5.0916261892322275e-08
2025-11-11,25694.94921875,0.004704563337770722,12.489999771118164,5.75,6.5375,1.1311,2.9517527093563922,8.79682398441806,-0.12787723785167016,Bull,0.9999999576539276,1.2195870364417526e-45,4.017182358270876e-86,4.234706601730639e-08
2025-11-12,25875.80078125,0.007013755040664786,12.109999656677246,5.75,6.5375,1.1311,2.9517527093563922,8.79682398441806,-0.12787723785167016,Bull,0.9999999688807297,1.2454730026405401e-45,3.418088305812093e-86,3.1119972346450386e-08
2025-11-13,25879.150390625,0.00012944111834060272,12.15999984741211,5.75,6.5375,1.1311,2.9517527093563922,8.79682398441806,-0.12787723785167016,Bull,0.99999997669147,8.492635612092393e-46,2.0323720274538473e-86,2.330959255131726e-08
2025-11-14,25910.05078125,0.0011933141887742222,11.9399995803833,5.75,6.5375,1.1311,2.9517527093563922,8.79682398441806,-0.12787723785167016,Bull,0.9999999784486138,8.199888069497886e-46,2.097940023032274e-86,2.1551093455239362e-08
2025-11-17,26013.44921875,0.003982727442351947,11.789999961853027,5.75,6.5375,1.1311,2.9517527093563922,8.79682398441806,-0.12787723785167016,Bull,0.9999999795581973,9.511135079449921e-46,2.2674396539900205e-86,2.0440003281515047e-08
2025-11-18,25910.05078125,-0.003982727442351953,12.100000381469727,5.75,6.5375,1.1311,2.9517527093563922,8.79682398441806,-0.12787723785167016,Bull,0.9999999716310417,1.0431991920880831e-45,2.9368449535253934e-86,2.8370185454257564e-08
2025-11-19,26052.650390625,0.005488550984983714,11.970000267028809,5.75,6.5375,1.1311,2.9517527093563922,8.79682398441806,-0.12787723785167016,Bull,0.9999999739266062,1.3090866614118304e-45,3.3157995737348774e-86,2.6074556525680305e-08
2025-11-20,26192.150390625,0.005340256999340202,12.140000343322754,5.75,6.5375,1.1311,2.9517527093563922,8.79682398441806,-0.12787723785167016,Bull,0.9999999755273169,1.5618746177725687e-45,2.7506448845292967e-86,2.4472206567733106e-08
2025-11-21,26068.150390625,-0.0047454848460117445,13.630000114440918,5.75,6.5375,1.1311,2.9517527093563922,8.79682398441806,-0.12787723785167016,Bull,0.9999999423162097,2.98490260434706e-45,4.0525774476944724e-86,5.7685590361641544e-08
2025-11-24,25959.5,-0.00417664636992243,13.239999771118164,5.75,6.5375,1.1311,2.9517527093563922,8.79682398441806,-0.12787723785167016,Bull,0.999999951625797,1.935208348566978e-45,3.5994512330438494e-86,4.837457544655374e-08
2025-11-25,25884.80078125,-0.002881677226487561,12.239999771118164,5.75,6.5375,1.1311,2.9517527093563922,8.79682398441806,-0.12787723785167016,Bull,0.9999999663232307,1.0906727757922818e-45,3.492550527488558e-86,3.367771320111251e-08
2025-11-26,26205.30078125,0.012305756174877891,11.970000267028809,5.75,6.5375,1.1311,2.9517527093563922,8.79682398441806,-0.12787723785167016,Bull,0.9999999456886158,3.7761003761446896e-45,8.678196942005363e-86,5.431082499623539e-08
2025-11-27,26215.55078125,0.0003910657620054032,11.789999961853027,5.75,6.5375,1.1311,2.9517527093563922,8.79682398441806,-0.12787723785167016,Bull,0.9999999819629012,9.92560139935069e-46,1.5358586038831194e-86,1.803861429524266e-08
2025-11-28,26202.94921875,-0.0004808059270205712,11.619999885559082,5.75,6.5375,1.1311,2.9517527093563922,8.79682398441806,-0.12787723785167016,Bull,0.9999999816245693,9.620817195729128e-46,1.745975727416502e-86,1.8373933569486973e-08
2025-12-01,26175.75,-0.001038560391932615,11.630000114440918,5.5,6.6325,1.3439750000000004,2.9517527093563922,7.45364588075217,0.9633911368015502,Bull,0.9999999652900448,4.743530551263985e-38,9.44907664883478e-81,3.4708603628414107e-08
2025-12-02,26032.19921875,-0.005499206353098099,11.229999542236328,5.5,6.6325,1.3439750000000004,2.9517527093563922,7.45364588075217,0.9633911368015502,Bull,0.9999999464853332,5.615070568876756e-38,2.199823925239989e-80,5.351339693304133e-08
2025-12-03,25986.0,-0.0017762718275890193,11.210000038146973,5.5,6.6325,1.3439750000000004,2.9517527093563922,7.45364588075217,0.9633911368015502,Bull,0.999999955540262,4.1648351008887564e-38,1.6119030731054125e-80,4.445928869392667e-08
2025-12-04,26033.75,0.0018358417105443499,10.819999694824219,5.5,6.6325,1.3439750000000004,2.9517527093563922,7.45364588075217,0.9633911368015502,Bull,0.9999999542342276,4.733110773186768e-38,2.2527711647039043e-80,4.576522902732246e-08
2025-12-05,26186.44921875,0.005848298407896911,10.319999694824219,5.5,6.6325,1.3439750000000004,2.9517527093563922,7.45364588075217,0.9633911368015502,Bull,0.9999999475512609,7.441908512893177e-38,3.5899098783533145e-80,5.244762923063639e-08
2025-12-08,25960.55078125,-0.008663963433110109,11.130000114440918,5.5,6.6325,1.3439750000000004,2.9517527093563922,7.45364588075217,0.9633911368015502,Bull,0.9999999066167263,8.246811258876303e-38,4.614654233085394e-80,9.338280745059933e-08
2025-12-09,25839.650390625,-0.004667959097577137,10.949999809265137,5.5,6.6325,1.3439750000000004,2.9517527093563922,7.45364588075217,0.9633911368015502,Bull,0.9999999257124755,5.098115073874526e-38,3.2253295816727677e-80,7.428730740471426e-08
2025-12-10,25758.0,-0.003164890577820058,10.90999984741211,5.5,6.6325,1.3439750000000004,2.9517527093563922,7.45364588075217,0.9633911368015502,Bull,0.9999999163810606,4.975243808797744e-38,3.989003745775859e-80,8.361787654871346e-08
2025-12-11,25898.55078125,0.005441754277616313,10.399999618530273,5.5,6.6325,1.3439750000000004,2.9517527093563922,7.45364588075217,0.9633911368015502,Bull,0.9999999294486794,5.598863622963556e-38,4.165060661969092e-80,7.055194288295087e-08
2025-12-12,26046.94921875,0.0057136360690816825,10.109999656677246,5.5,6.6325,1.3439750000000004,2.9517527093563922,7.45364588075217,0.9633911368015502,Bull,0.999999937343093,6.378756515484184e-38,3.936808413991056e-80,6.265724287899367e-08
2025-12-15,26027.30078125,-0.0007546316435640039,10.25,5.5,6.6325,1.3439750000000004,2.9517527093563922,7.45364588075217,0.9633911368015502,Bull,0.9999999475512609,4.733034252572417e-38,2.724479347708616e-80,5.245043973167886e-08
2025-12-16,25860.099609375,-0.006444791966669916,10.0600004196167,5.5,6.6325,1.3439750000000004,2.9517527093563922,7.45364588075217,0.9633911368015502,Bull,0.9999998862294952,7.913401415124272e-38,8.658787908462336e-80,1.1376976407126353e-07
2025-12-17,25818.55078125,-0.0016079691231565723,9.84000015258789,5.5,6.6325,1.3439750000000004,2.9517527093563922,7.45364588075217,0.9633911368015502,Bull,0.9999999057508875,6.047091346599657e-38,7.356471218618228e-80,9.424915972523862e-08
2025-12-18,25815.55078125,-0.00011620227379163036,9.710000038146973,5.5,6.6325,1.3439750000000004,2.9517527093563922,7.45364588075217,0.9633911368015502,Bull,0.9999999001847805,6.412041460816592e-38,9.019370632143993e-80,9.981530409328103e-08
2025-12-19,25966.400390625,0.005826355812965194,9.520000457763672,5.5,6.6325,1.3439750000000004,2.9517527093563922,7.45364588075217,0.9633911368015502,Bull,0.9999998998391725,8.711136820662963e-38,1.0498969393350235e-79,1.0015977127545385e-07
2025-12-22,26172.400390625,0.00790202570190833,9.680000305175781,5.5,6.6325,1.3439750000000004,2.9517527093563922,7.45364588075217,0.9633911368015502,Bull,0.9999999088358932,1.121462565609751e-37,8.234198338639246e-80,9.116284639950501e-08
2025-12-23,26177.150390625,0.00018147242687454733,9.380000114440918,5.5,6.6325,1.3439750000000004,2.9517527093563922,7.45364588075217,0.9633911368015502,Bull,0.9999999291030716,7.952708648471622e-38,6.061250489736111e-80,7.089823039140615e-08
2025-12-24,26142.099609375,-0.0013398810760412456,9.1899995803833,5.5,6.6325,1.3439750000000004,2.9517527093563922,7.45364588075217,0.9633911368015502,Bull,0.999999899930122,1.0787271001997014e-37,1.3967509394228145e-79,1.0006816342218792e-07
2025-12-26,26042.30078125,-0.0038248575837020187,9.149999618530273,5.5,6.6325,1.3439750000000004,2.9517527093563922,7.45364588075217,0.9633911368015502,Bull,0.9999998685925762,1.1849697254367235e-37,2.0562012683649536e-79,1.3140816204777905e-07
2025-12-29,25942.099609375,-0.0038550524856079535,9.720000267028809,5.5,6.6325,1.3439750000000004,2.9517527093563922,7.45364588075217,0.9633911368015502,Bull,0.9999998833118365,8.372541742245628e-38,1.2549258570068218e-79,1.1668825511032222e-07
2025-12-30,25938.849609375,-0.00012528683662081574,9.680000305175781,5.5,6.6325,1.3439750000000004,2.9517527093563922,7.45364588075217,0.9633911368015502,Bull,0.999999896052037,7.336768436575946e-38,1.0627640517560015e-79,1.0394888490183392e-07
2025-12-31,26129.599609375,0.007326926621050068,9.479999542236328,5.5,6.6325,1.3439750000000004,2.9517527093563922,7.45364588075217,0.9633911368015502,Bull,0.9999998797793596,1.2547388624048668e-37,1.5267420311857132e-79,1.202216303452608e-07
2026-01-01,26146.55078125,0.0006485241297397655,9.479999542236328,5.5,6.732,1.320925,2.9517527093563922,4.81306447360583,1.6774193548387162,Bull,0.9999998878847755,1.134593768845629e-38,1.932493376843648e-80,1.1211651987877864e-07
2026-01-02,26328.55078125,0.00693665088228735,9.449999809265137,5.5,6.732,1.320925,2.9517527093563922,4.81306447360583,1.6774193548387162,Bull,0.9999998783350822,1.6617982733061833e-38,2.339299999339382e-80,1.216666790891629e-07
2026-01-05,26250.30078125,-0.002976484097528138,10.020000457763672,5.5,6.732,1.320925,2.9517527093563922,4.81306447360583,1.6774193548387162,Bull,0.9999999122810589,9.015519478416463e-39,1.0482559422677468e-80,8.771750065777315e-08
2026-01-06,26178.69921875,-0.0027313741255683985,10.020000457763672,5.5,6.732,1.320925,2.9517527093563922,4.81306447360583,1.6774193548387162,Bull,0.9999998902785652,9.956565238406725e-39,1.6077354429958851e-80,1.0971979208138275e-07
2026-01-07,26140.75,-0.0014506737349826563,9.949999809265137,5.5,6.732,1.320925,2.9517527093563922,4.81306447360583,1.6774193548387162,Bull,0.9999998766870779,1.0400673791289511e-38,1.9998688108726824e-80,1.2331347445771655e-07
2026-01-08,25876.849609375,-0.010146667926064248,10.600000381469727,5.5,6.732,1.320925,2.9517527093563922,4.81306447360583,1.6774193548387162,Bull,0.9999996131737883,2.1728808437982572e-38,6.585589115893585e-80,3.868279904313683e-07
2026-01-09,25683.30078125,-0.007507725861466694,10.930000305175781,5.5,6.732,1.320925,2.9517527093563922,4.81306447360583,1.6774193548387162,Bull,0.9999995491126463,1.8000883184636338e-38,5.690797847437878e-80,4.508885742356654e-07
2026-01-12,25790.25,0.00415550786875295,11.369999885559082,5.5,6.732,1.320925,2.9517527093563922,4.81306447360583,1.6774193548387162,Bull,0.999999791714821,9.614276982762288e-39,1.5834643649582124e-80,2.082862196274799e-07
2026-01-13,25732.30078125,-0.002249471049361169,11.199999809265137,5.5,6.732,1.320925,2.9517527093563922,4.81306447360583,1.6774193548387162,Bull,0.9999997481172931,1.0133711760610726e-38,2.1079722031483518e-80,2.51883496131276e-07
2026-01-14,25665.599609375,-0.002595483815978393,11.319999694824219,5.5,6.732,1.320925,2.9517527093563922,4.81306447360583,1.6774193548387162,Bull,0.9999996533588874,1.262362135155614e-38,3.1722871984949657e-80,3.4664154007286597e-07
2026-01-19,25585.5,-0.004245323404225256,11.829999923706055,5.5,6.732,1.320925,2.9517527093563922,4.81306447360583,1.6774193548387162,Bull,0.9999993800631376,1.8379817548287088e-38,4.590438031562372e-80,6.199360755004183e-07
2026-01-20,25232.5,-0.013892938636022806,12.729999542236328,5.5,6.732,1.320925,2.9517527093563922,4.81306447360583,1.6774193548387162,Bull,0.999979528658871,4.825871525764911e-37,3.1038523655226973e-78,2.0471341352470352e-05
2026-01-21,25157.5,-0.0029767833055262707,13.779999732971191,5.5,6.732,1.320925,2.9517527093563922,4.81306447360583,1.6774193548387162,Bull,0.9999882485825943,2.2270823624955972e-37,5.981967503323197e-79,1.1751419036297177e-05
2026-01-22,25289.900390625,0.005249059162526262,13.350000381469727,5.5,6.732,1.320925,2.9517527093563922,4.81306447360583,1.6774193548387162,Bull,0.9999943401213487,1.0201713482108165e-37,2.485405165865508e-79,5.659878436295613e-06
2026-01-23,25048.650390625,-0.009585172530157553,14.1899995803833,5.5,6.732,1.320925,2.9517527093563922,4.81306447360583,1.6774193548387162,Bull,0.9999337622867863,1.3277063800237947e-36,6.107499756916138e-78,6.62377116092207e-05
2026-01-28,25342.75,0.006625350304204862,13.529999732971191,5.5,6.732,1.320925,2.9517527093563922,4.81306447360583,1.6774193548387162,Bull,0.9999938973164485,1.2472114545151882e-37,2.224116446108261e-79,6.102682199334726e-06
2026-01-29,25418.900390625,0.003000314101836464,13.369999885559082,5.5,6.732,1.320925,2.9517527093563922,4.81306447360583,1.6774193548387162,Bull,0.9999973293524099,6.520038821785962e-38,9.067759286670971e-80,2.6706477660459458e-06
2026-01-30,25320.650390625,-0.003872723399525638,13.630000114440918,5.5,6.732,1.320925,2.9517527093563922,4.81306447360583,1.6774193548387162,Bull,0.9999789386491688,1.3629186810500854e-37,2.377292165590183e-79,2.106134968043976e-05
2026-02-02,25088.400390625,-0.00921468029121448,13.869999885559082,5.5,6.77,1.4499999999999993,2.9517527093563922,5.67883573482506,2.2595222724338226,Bull,0.9994056202583397,1.526748487549051e-32,6.12470070080628e-78,0.0005943797407374634
2026-02-03,25727.55078125,0.025156829049839922,12.899999618530273,5.5,6.77,1.4499999999999993,2.9517527093563922,5.67883573482506,2.2595222724338226,Bull,0.997979573859594,1.3306131068063684e-30,6.72272421824995e-76,0.002020426142174622
2026-02-04,25776.0,0.0018813938963879184,12.25,5.5,6.77,1.4499999999999993,2.9517527093563922,5.67883573482506,2.2595222724338226,Bull,0.9999076614619568,3.780706058188676e-33,2.457628247316885e-79,9.233853772458172e-05
2026-02-05,25642.80078125,-0.005180965509696233,12.170000076293945,5.5,6.77,1.4499999999999993,2.9517527093563922,5.67883573482506,2.2595222724338226,Bull,0.9999812666473489,4.2791924017706884e-33,4.639391599383802e-79,1.8733351925391818e-05
2026-02-06,25693.69921875,0.001982934332408332,11.9399995803833,5.5,6.77,1.4499999999999993,2.9517527093563922,5.67883573482506,2.2595222724338226,Bull,0.9999907792614445,2.9275616827358304e-33,2.737371942571143e-79,9.220739082161811e-06
2026-02-09,25867.30078125,0.006733857702297746,12.1899995803833,5.5,6.77,1.4499999999999993,2.9517527093563922,5.67883573482506,2.2595222724338226,Bull,0.9999900004940814,4.58042929056883e-33,2.925741985207382e-79,9.999504771235539e-06
2026-02-10,25935.150390625,0.0026195535786092045,11.670000076293945,5.5,6.77,1.4499999999999993,2.9517527093563922,5.67883573482506,2.2595222724338226,Bull,0.9999936145417595,2.9280713706155237e-33,1.842133255200369e-79,6.385459351055972e-06
2026-02-11,25953.849609375,0.0007207392533858182,11.550000190734863,5.5,6.77,1.4499999999999993,2.9517527093563922,5.67883573482506,2.2595222724338226,Bull,0.9999935919464177,1.63871656459149e-33,1.0845632643334849e-79,6.408054097555151e-06
2026-02-12,25807.19921875,-0.005666453301894332,11.729999542236328,5.5,6.77,1.4499999999999993,2.9517527093563922,5.67883573482506,2.2595222724338226,Bull,0.9998301655603496,3.758611822660359e-33,3.5478662864261964e-79,0.0001698344398648952
2026-02-13,25471.099609375,-0.013109031702560043,13.289999961853027,5.5,6.77,1.4499999999999993,2.9517527093563922,5.67883573482506,2.2595222724338226,Bull,0.9950955505047716,1.3258750105177106e-31,2.6430195433030037e-77,0.00490444949570427
2026-02-16,25682.75,0.008275099528577884,13.329999923706055,5.5,6.77,1.4499999999999993,2.9517527093563922,5.67883573482506,2.2595222724338226,Bull,0.9927802512296575,5.236090641972689e-32,3.385182124679771e-78,0.007219748771401345
2026-02-17,25725.400390625,0.0016592855446634625,12.670000076293945,5.5,6.77,1.4499999999999993,2.9517527093563922,5.67883573482506,2.2595222724338226,Bull,0.9862099140718896,5.899665889713553e-32,3.2102852992231784e-78,0.01379008592833684
2026-02-18,25819.349609375,0.0036453498285502696,12.220000267028809,5.5,6.77,1.4499999999999993,2.9517527093563922,5.67883573482506,2.2595222724338226,Bull,0.9415366183066711,3.5839494040946555e-31,1.8554075850389893e-77,0.05846338169502142
2026-02-19,25454.349609375,-0.014237559265090531,13.460000038146973,5.5,6.77,1.4499999999999993,2.9517527093563922,5.67883573482506,2.2595222724338226,Sideways,0.4922628464837394,2.944643569885879e-30,5.301565475306112e-76,0.5077371535162146
2026-02-20,25571.25,0.00458203709696536,14.359999656677246,5.5,6.77,1.4499999999999993,2.9517527093563922,5.67883573482506,2.2595222724338226,Sideways,0.39502498308875855,7.670559443672176e-31,3.4392860221466125e-77,0.604975016909846
2026-02-23,25713.0,0.00552802706402003,14.170000076293945,5.5,6.77,1.4499999999999993,2.9517527093563922,5.67883573482506,2.2595222724338226,Sideways,0.30042788934289727,8.627974215414162e-31,3.026186302803642e-77,0.6995721106553172
2026-02-24,25424.650390625,-0.011277509359324957,14.149999618530273,5.5,6.77,1.4499999999999993,2.9517527093563922,5.67883573482506,2.2595222724338226,Sideways,0.12953701953357605,1.1515142501049008e-30,1.3361102926306584e-76,0.870462980465076
2026-02-25,25482.5,0.0022727508349003555,13.489999771118164,5.5,6.77,1.4499999999999993,2.9517527093563922,5.67883573482506,2.2595222724338226,Sideways,0.103337128308361,2.233702123086018e-31,1.579927038303513e-77,0.8966628716908301
2026-02-26,25496.55078125,0.000551237474627977,13.0600004196167,5.5,6.77,1.4499999999999993,2.9517527093563922,5.67883573482506,2.2595222724338226,Sideways,0.06834498310603587,2.5821704815877616e-31,2.0477824156967873e-77,0.9316550168927759
2026-02-27,25178.650390625,-0.012546750821351201,13.699999809265137,5.5,6.77,1.4499999999999993,2.9517527093563922,5.67883573482506,2.2595222724338226,Sideways,0.0015676395699693617,3.790769529838948e-31,1.051824519576233e-76,0.9984323604286361
2026-03-02,24865.69921875,-0.012507116341135643,17.1299991607666,5.5,6.84,1.5199999999999996,2.9517527093563922,3.8402044987262,4.134366925064592,Sideways,2.1972621581489765e-08,1.1406401048230341e-29,4.801142415891967e-79,0.9999999780266082
2026-03-05,24765.900390625,0.011590840491558407,17.860000610351562,5.5,6.84,1.5199999999999996,2.9517527093563922,3.8402044987262,4.134366925064592,Sideways,1.0633355414439762e-08,1.1087680422144232e-29,4.939377701245773e-79,0.9999999893661881
2026-03-06,24450.44921875,-0.012819134056590225,19.8799991607666,5.5,6.84,1.5199999999999996,2.9517527093563922,3.8402044987262,4.134366925064592,Sideways,3.0661038736064715e-12,1.6213147262270426e-29,2.4412003841731823e-78,0.999999999996362
2026-03-09,24028.05078125,-0.017426658301668632,23.360000610351562,5.5,6.84,1.5199999999999996,2.9517527093563922,3.8402044987262,4.134366925064592,Sideways,1.4134190840197398e-19,7.478631122346291e-29,1.469792435553097e-76,1.0
2026-03-10,24261.599609375,0.009672907019832675,18.90999984741211,5.5,6.84,1.5199999999999996,2.9517527093563922,3.8402044987262,4.134366925064592,Sideways,1.4028046888225038e-12,1.1408505808713081e-29,1.6942217792564592e-78,1.0
2026-03-11,23866.849609375,-0.016404386958885315,21.059999465942383,5.5,6.84,1.5199999999999996,2.9517527093563922,3.8402044987262,4.134366925064592,Sideways,9.141421481126915e-18,2.3281381008569197e-29,3.516325288294631e-77,1.0
2026-03-12,23639.150390625,-0.009586198057198514,21.520000457763672,5.5,6.84,1.5199999999999996,2.9517527093563922,3.8402044987262,4.134366925064592,Sideways,7.514224637877561e-19,2.1939827907986016e-29,3.6453203978744336e-77,1.0
2026-03-13,23151.099609375,-0.020861973679950938,22.649999618530273,5.5,6.84,1.5199999999999996,2.9517527093563922,3.8402044987262,4.134366925064592,Sideways,3.035981499579261e-25,4.913557810297582e-29,2.3525645585614463e-75,1.0
2026-03-16,23408.80078125,0.011069774688696974,21.600000381469727,5.5,6.84,1.5199999999999996,2.9517527093563922,3.8402044987262,4.134366925064592,Sideways,9.492458454953257e-22,2.8176771621806507e-29,1.0535478630639231e-76,1.0
2026-03-17,23581.150390625,0.007335627211391066,19.790000915527344,5.5,6.84,1.5199999999999996,2.9517527093563922,3.8402044987262,4.134366925064592,Sideways,1.5931465345720794e-18,1.2837916006288962e-29,1.5948179458692575e-77,1.0
2026-03-18,23777.80078125,0.008304724491583992,18.719999313354492,5.5,6.84,1.5199999999999996,2.9517527093563922,3.8402044987262,4.134366925064592,Sideways,1.8619128362890908e-16,9.725841410866538e-30,6.227009988104107e-78,1.0
2026-03-19,23002.150390625,-0.03316469831760482,22.799999237060547,5.5,6.84,1.5199999999999996,2.9517527093563922,3.8402044987262,4.134366925064592,Sideways,1.3357897500427753e-32,1.5404886420091387e-28,2.7218256973926696e-73,1.0
2026-03-20,23114.5,0.004872419427371909,22.809999465942383,5.5,6.84,1.5199999999999996,2.9517527093563922,3.8402044987262,4.134366925064592,Sideways,6.205422085679041e-28,5.735459629346207e-29,8.521740587461549e-76,1.0
2026-03-23,22512.650390625,-0.02638273543442679,26.729999542236328,5.5,6.84,1.5199999999999996,2.9517527093563922,3.8402044987262,4.134366925064592,Sideways,1.3424216318531065e-42,1.2270303850443686e-27,1.9653513319010437e-71,1.0
2026-03-24,22912.400390625,0.017600874978779452,24.739999771118164,5.5,6.84,1.5199999999999996,2.9517527093563922,3.8402044987262,4.134366925064592,Sideways,3.0109842822977735e-36,3.3645248284867877e-28,9.637936661587727e-74,1.0
2026-03-25,23306.44921875,0.0170518470014907,24.639999389648438,5.5,6.84,1.5199999999999996,2.9517527093563922,3.8402044987262,4.134366925064592,Sideways,5.913230225320139e-35,3.9773097634208554e-28,3.349418839219817e-74,1.0
2026-03-30,22331.400390625,-0.021626021374847804,27.889999389648438,5.5,6.84,1.5199999999999996,2.9517527093563922,3.8402044987262,4.134366925064592,Sideways,1.3388350969453723e-49,3.599943076122591e-27,2.099903908271541e-70,1.0
2026-04-02,22713.099609375,0.0014847926393626724,25.520000457763672,5.5,7.05,1.8099999999999996,2.9517527093563922,6.11805815431143,8.690012970168626,Sideways,6.17504404396418e-42,4.3957419566876976e-20,1.4297131819216975e-80,1.0
2026-04-07,23123.650390625,0.006743092740219248,24.700000762939453,5.5,7.05,1.8099999999999996,2.9517527093563922,6.11805815431143,8.690012970168626,Sideways,2.7085716097151367e-38,3.167523425880003e-20,1.9388463422564685e-81,1.0
2026-04-08,23997.349609375,0.03708747109816642,19.700000762939453,5.5,7.05,1.8099999999999996,2.9517527093563922,6.11805815431143,8.690012970168626,Sideways,5.687323119016747e-38,4.526206765518605e-20,2.2157170863423758e-80,1.0
2026-04-09,23775.099609375,-0.009304593215623836,20.43000030517578,5.5,7.05,1.8099999999999996,2.9517527093563922,6.11805815431143,8.690012970168626,Sideways,2.812268295500518e-35,9.812441342058857e-21,1.0528163956456575e-82,1.0
2026-04-10,24050.599609375,0.011521129932275736,18.850000381469727,5.5,7.05,1.8099999999999996,2.9517527093563922,6.11805815431143,8.690012970168626,Sideways,2.4577100802319393e-32,7.381269018961593e-21,2.915901289900502e-83,1.0
2026-04-13,23842.650390625,-0.008683917902558702,20.5,5.5,7.05,1.8099999999999996,2.9517527093563922,6.11805815431143,8.690012970168626,Sideways,1.3078117151891433e-34,9.904246658498252e-21,7.553164616835079e-83,1.0
2026-04-16,24196.75,-0.0014268915041919185,18.09000015258789,5.5,7.05,1.8099999999999996,2.9517527093563922,6.11805815431143,8.690012970168626,Sideways,4.5640974695399194e-29,4.289276298780557e-21,5.050742282329069e-84,1.0
2026-04-17,24353.55078125,0.0064593349128548826,17.209999084472656,5.5,7.05,1.8099999999999996,2.9517527093563922,6.11805815431143,8.690012970168626,Sideways,1.4992558744560233e-27,3.931726989128548e-21,3.117304201639931e-84,1.0
2026-04-20,24364.849609375,0.0004638423362418336,18.790000915527344,5.5,7.05,1.8099999999999996,2.9517527093563922,6.11805815431143,8.690012970168626,Sideways,1.42323408974558e-27,5.136191007358339e-21,2.6174449385214333e-84,1.0
2026-04-21,24576.599609375,0.00865325096320232,17.530000686645508,5.5,7.05,1.8099999999999996,2.9517527093563922,6.11805815431143,8.690012970168626,Sideways,9.193871105175974e-26,4.587942343316259e-21,1.555658399053926e-84,1.0
2026-04-22,24378.099609375,-0.00810958257469758,18.299999237060547,5.5,7.05,1.8099999999999996,2.9517527093563922,6.11805815431143,8.690012970168626,Sideways,1.8274487914501814e-25,3.6511652877379305e-21,1.598823955708365e-84,1.0
2026-04-23,24173.05078125,-0.008446763696540498,18.59000015258789,5.5,7.05,1.8099999999999996,2.9517527093563922,6.11805815431143,8.690012970168626,Sideways,1.4900959368845668e-26,3.4618814959952106e-21,2.8237007920581955e-84,1.0
2026-04-24,23897.94921875,-0.011445760055327719,19.709999084472656,5.5,7.05,1.8099999999999996,2.9517527093563922,6.11805815431143,8.690012970168626,Sideways,1.7205007424652345e-29,4.74738411736679e-21,1.3292373281645107e-83,1.0
2026-04-27,24092.69921875,0.008116209111611542,18.3799991607666,5.5,7.05,1.8099999999999996,2.9517527093563922,6.11805815431143,8.690012970168626,Sideways,6.1645321361400485e-27,3.439263817823256e-21,3.281147117645756e-84,1.0
2026-04-28,23995.69921875,-0.004034242549507945,18.049999237060547,5.5,7.05,1.8099999999999996,2.9517527093563922,6.11805815431143,8.690012970168626,Sideways,2.394235200789687e-22,1.5063287976327393e-21,6.804064977208642e-85,1.0
2026-04-29,24177.650390625,0.0075540537904852266,17.440000534057617,5.5,7.05,1.8099999999999996,2.9517527093563922,6.11805815431143,8.690012970168626,Sideways,3.230947379538255e-21,1.5919160587730723e-21,4.587164569697223e-85,1.0
2026-04-30,23997.55078125,-0.007476894502422098,18.459999084472656,5.5,7.05,1.8099999999999996,2.9517527093563922,6.11805815431143,8.690012970168626,Sideways,3.643745830920723e-20,1.2852840528409341e-21,4.2330499629595254e-85,1.0
2026-05-05,24032.80078125,-0.0035927857866665616,17.90999984741211,5.5,7.02,1.63,2.9517527093563922,5.58733603577903,8.690012970168626,Sideways,3.1631764445451358e-18,4.5137980299666704e-26,5.277446715763381e-86,1.0
2026-05-06,24330.94921875,0.012329573885162747,16.68000030517578,5.5,7.02,1.63,2.9517527093563922,5.58733603577903,8.690012970168626,Sideways,6.389884786525895e-16,4.7542948877049847e-26,3.435262275456998e-86,1.0
2026-05-07,24326.650390625,-0.0001766970903084699,16.6200008392334,5.5,7.02,1.63,2.9517527093563922,5.58733603577903,8.690012970168626,Sideways,1.4954010580072708e-13,3.002149789365588e-26,1.0738666576310982e-86,1.0
2026-05-08,24176.150390625,-0.0062058471093194715,16.84000015258789,5.5,7.02,1.63,2.9517527093563922,5.58733603577903,8.690012970168626,Sideways,1.0232873048058326e-14,2.9537709616090927e-26,1.9960376229320983e-86,1.0
2026-05-11,23815.849609375,-0.015015317164036516,18.549999237060547,5.5,7.02,1.63,2.9517527093563922,5.58733603577903,8.690012970168626,Sideways,2.9654208524004086e-19,4.953193351655115e-26,2.2556127085145656e-85,1.0
2026-05-12,23379.55078125,-0.018489566950081734,19.280000686645508,5.5,7.02,1.63,2.9517527093563922,5.58733603577903,8.690012970168626,Sideways,4.117409489091168e-19,3.8883861845085045e-26,9.527100135871331e-85,1.0
2026-05-13,23412.599609375,0.001412580244529267,19.43000030517578,5.5,7.02,1.63,2.9517527093563922,5.58733603577903,8.690012970168626,Sideways,1.2347157202103923e-17,3.082819379289615e-26,1.5958361299923826e-85,1.0
2026-05-14,23689.599609375,0.011761794478008175,18.610000610351562,5.5,7.02,1.63,2.9517527093563922,5.58733603577903,8.690012970168626,Sideways,9.713354529404078e-16,3.218883927859339e-26,9.7775196038304e-86,1.0
2026-05-15,23643.5,-0.0019478810528585342,18.790000915527344,5.5,7.02,1.63,2.9517527093563922,5.58733603577903,8.690012970168626,Sideways,1.3235108525036802e-15,2.6458776769126727e-26,6.2434357651900836e-86,1.0
2026-05-18,23649.94921875,0.0002727320124251536,19.6299991607666,5.5,7.02,1.63,2.9517527093563922,5.58733603577903,8.690012970168626,Sideways,2.327489496247672e-16,3.581034249741504e-26,8.343558254435132e-86,1.0
2026-05-19,23618.0,-0.0013518345578153919,18.68000030517578,5.5,7.02,1.63,2.9517527093563922,5.58733603577903,8.690012970168626,Sideways,1.902080769187011e-15,2.4683138975833085e-26,6.199127285498539e-86,1.0
2026-05-20,23659.0,0.0017344590510618102,18.440000534057617,5.5,7.02,1.63,2.9517527093563922,5.58733603577903,8.690012970168626,Sideways,5.301049793966115e-15,2.3678109680246023e-26,5.02232560221515e-86,1.0
2026-05-21,23654.69921875,-0.00018179856290503812,17.81999969482422,5.5,7.02,1.63,2.9517527093563922,5.58733603577903,8.690012970168626,Sideways,3.1891931147553646e-14,1.8793919273938686e-26,4.1780046402522805e-86,1.0
2026-05-22,23719.30078125,0.0027273020029192283,17.90999984741211,5.5,7.02,1.63,2.9517527093563922,5.58733603577903,8.690012970168626,Sideways,6.546155196675319e-14,2.0282117887277375e-26,3.6453265925039735e-86,1.0
2026-05-25,24031.69921875,0.013084663968970206,16.700000762939453,5.5,7.02,1.63,2.9517527093563922,5.58733603577903,8.690012970168626,Sideways,2.467433109999676e-12,2.3203079533241464e-26,2.7694536227900268e-86,0.999999999996362
2026-05-26,23913.69921875,-0.004922275842741698,16.1299991607666,5.5,7.02,1.63,2.9517527093563922,5.58733603577903,8.690012970168626,Sideways,7.50731253175987e-12,1.4335070272312733e-26,1.791376114688653e-86,0.999999999992724
2026-05-27,23907.150390625,-0.0002738900801400246,14.979999542236328,5.5,7.02,1.63,2.9517527093563922,5.58733603577903,8.690012970168626,Sideways,5.515896739642321e-11,1.1268297072648751e-26,1.612114998218275e-86,0.9999999999454303
2026-06-01,23382.599609375,-0.007038135182494777,16.540000915527344,5.5,6.89,1.5499999999999998,2.9517527093563922,5.58733603577903,8.690012970168626,Sideways,8.02617739990346e-15,9.509212578984883e-29,4.834909264505156e-86,1.0
2026-06-02,23483.55078125,0.004308069989399964,15.359999656677246,5.5,6.89,1.5499999999999998,2.9517527093563922,5.58733603577903,8.690012970168626,Sideways,2.846079241959932e-13,7.868177940052598e-29,2.8371988802983867e-86,1.0
2026-06-03,23405.599609375,-0.003324916021661275,16.280000686645508,5.5,6.89,1.5499999999999998,2.9517527093563922,5.58733603577903,8.690012970168626,Sideways,3.7257465679178883e-14,8.622271330970155e-29,3.5706665575207054e-86,1.0
2026-06-04,23416.55078125,0.0004677774080569192,15.890000343322754,5.5,6.89,1.5499999999999998,2.9517527093563922,5.58733603577903,8.690012970168626,Sideways,8.998842045887254e-14,7.994462487191619e-29,3.1460308110805952e-86,1.0
2026-06-05,23366.69921875,-0.0021311722194751305,15.789999961853027,5.5,6.89,1.5499999999999998,2.9517527093563922,5.58733603577903,8.690012970168626,Sideways,1.1187876631198057e-13,7.356351495976169e-29,3.942367677643329e-86,1.0
2026-06-08,23123.0,-0.01048410529877786,17.030000686645508,5.5,6.89,1.5499999999999998,2.9517527093563922,5.58733603577903,8.690012970168626,Sideways,1.6620034352801253e-16,9.653123492881846e-29,1.5394062290649902e-85,1.0
2026-06-09,23242.099609375,0.005137479368527299,15.579999923706055,5.5,6.89,1.5499999999999998,2.9517527093563922,5.58733603577903,8.690012970168626,Sideways,1.6484343352600094e-14,7.183753792242471e-29,5.850649097818329e-86,1.0
2026-06-10,23214.94921875,-0.0011688385035597795,15.630000114440918,5.5,6.89,1.5499999999999998,2.9517527093563922,5.58733603577903,8.690012970168626,Sideways,2.8409317034686014e-14,6.545178895118423e-29,6.2581603690172265e-86,1.0
2026-06-11,23161.599609375,-0.0023007159547660506,15.609999656677246,5.5,6.89,1.5499999999999998,2.9517527093563922,5.58733603577903,8.690012970168626,Sideways,2.902624788588089e-14,6.291574992935302e-29,1.0846413327727122e-85,1.0
2026-06-12,23622.900390625,0.019720878993895297,14.720000267028809,5.5,6.89,1.5499999999999998,2.9517527093563922,5.58733603577903,8.690012970168626,Sideways,9.33495710824759e-13,1.1543614073794542e-28,1.2051382627050208e-85,1.0
2026-06-15,23853.900390625,0.009731145278463154,14.350000381469727,5.5,6.89,1.5499999999999998,2.9517527093563922,5.58733603577903,8.690012970168626,Sideways,2.360221001985284e-10,8.592837267197707e-29,1.6880887621992594e-86,0.9999999997635314
2026-06-16,23989.150390625,0.005653918723145327,13.359999656677246,5.5,6.89,1.5499999999999998,2.9517527093563922,5.58733603577903,8.690012970168626,Sideways,3.4567328608781186e-09,7.721696458497527e-29,1.0826500126862885e-86,0.9999999965439201
2026-06-17,24085.69921875,0.004016609878660483,13.1899995803833,5.5,6.89,1.5499999999999998,2.9517527093563922,5.58733603577903,8.690012970168626,Sideways,1.1800822313823325e-08,7.961810998251578e-29,8.306784024826245e-87,0.9999999881983969
2026-06-18,24168.0,0.0034111731281746415,12.670000076293945,5.5,6.89,1.5499999999999998,2.9517527093563922,5.58733603577903,8.690012970168626,Sideways,3.737674497883989e-08,8.109465742801351e-29,7.92660798900183e-87,0.9999999626234064
2026-06-19,24013.099609375,-0.006429945583083175,12.970000267028809,5.5,6.89,1.5499999999999998,2.9517527093563922,5.58733603577903,8.690012970168626,Sideways,3.594132525143193e-09,7.310617589553242e-29,1.1754484862948554e-86,0.9999999964056769
2026-06-22,24102.900390625,0.003732682912776634,12.84000015258789,5.5,6.89,1.5499999999999998,2.9517527093563922,5.58733603577903,8.690012970168626,Sideways,1.3972704712296067e-08,7.890292061679322e-29,8.36527980055944e-87,0.9999999860265235
2026-06-23,23824.099609375,-0.011634524429481118,13.9399995803833,5.5,6.89,1.5499999999999998,2.9517527093563922,5.58733603577903,8.690012970168626,Sideways,5.1083862090126665e-11,7.813730162797333e-29,2.198713108425514e-86,0.9999999999490683
2026-06-24,24021.650390625,0.008257866325424086,13.390000343322754,5.5,6.89,1.5499999999999998,2.9517527093563922,5.58733603577903,8.690012970168626,Sideways,2.2929654322057854e-09,8.502526501646301e-29,1.0669078043895585e-86,0.9999999977080734
2026-06-25,24056.0,0.0014289223762208004,13.050000190734863,5.5,6.89,1.5499999999999998,2.9517527093563922,5.58733603577903,8.690012970168626,Sideways,7.299344757414927e-09,7.582084711625861e-29,8.068039797256088e-87,0.9999999927022145
2026-06-30,23865.75,-0.003367358657511833,13.600000381469727,5.5,6.89,1.5499999999999998,2.9517527093563922,5.58733603577903,8.690012970168626,Sideways,5.416642851096024e-10,6.879779791845187e-29,1.1651591144540868e-86,0.9999999994579412
2026-07-01,24005.849609375,0.005853157634003401,13.239999771118164,5.5,6.89,1.5499999999999998,2.9517527093563922,5.58733603577903,8.690012970168626,Sideways,3.608879512639881e-09,7.820036852924425e-29,1.0053687633217627e-86,0.999999996391125
2026-07-02,24175.69921875,0.007050429763556748,12.289999961853027,5.5,6.89,1.5499999999999998,2.9517527093563922,5.58733603577903,8.690012970168626,Sideways,2.612184245282108e-08,8.617817180518077e-29,9.792086426108681e-87,0.9999999738793125
2026-07-03,24270.849609375,0.003928061555321314,11.800000190734863,5.5,6.89,1.5499999999999998,2.9517527093563922,5.58733603577903,8.690012970168626,Sideways,1.043214009730779e-07,8.678752466471484e-29,8.35443021603443e-87,0.9999998956773252
2026-07-06,24430.349609375,0.0065501701327115155,11.819999694824219,5.5,6.89,1.5499999999999998,2.9517527093563922,5.58733603577903,8.690012970168626,Sideways,3.537295859042931e-07,1.0444377457530947e-28,6.654611755768402e-87,0.9999996462721072
2026-07-07,24398.69921875,-0.0012963756541323145,11.649999618530273,5.5,6.89,1.5499999999999998,2.9517527093563922,5.58733603577903,8.690012970168626,Sideways,3.6018051711980853e-07,9.306001286568656e-29,6.398214629057234e-87,0.9999996398183351
2026-07-08,23882.05078125,-0.021402656722269202,14.680000305175781,5.5,6.89,1.5499999999999998,2.9517527093563922,5.58733603577903,8.690012970168626,Sideways,1.0009706466952546e-12,1.2859744541732998e-28,7.993523234171569e-86,1.0
2026-07-09,23962.80078125,0.003375497008972435,13.359999656677246,5.5,6.89,1.5499999999999998,2.9517527093563922,5.58733603577903,8.690012970168626,Sideways,3.828255455422669e-10,7.957278315704896e-29,8.58934685174296e-87,0.9999999996180122
2026-07-10,24206.900390625,0.010135072168571098,12.25,5.5,6.89,1.5499999999999998,2.9517527093563922,5.58733603577903,8.690012970168626,Sideways,3.0053577259974836e-09,1.0383440261242207e-28,1.0682631953327953e-86,0.9999999969950295
2026-07-13,24211.0,0.0001693427162979961,13.279999732971191,5.5,6.89,1.5499999999999998,2.9517527093563922,5.58733603577903,8.690012970168626,Sideways,4.544410254844722e-09,9.394534465960076e-29,4.6729630720096485e-87,0.9999999954561645
2026-07-14,24052.05078125,-0.0065868108566920726,13.75,5.5,6.89,1.5499999999999998,2.9517527093563922,5.58733603577903,8.690012970168626,Sideways,1.6620448408285048e-09,8.317765165740734e-29,7.748445693263102e-87,0.9999999983374437
2026-07-15,24078.5,0.001099061655563571,13.270000457763672,5.5,6.89,1.5499999999999998,2.9517527093563922,5.58733603577903,8.690012970168626,Sideways,6.7286596984925875e-09,7.916623674194022e-29,6.648120572099007e-87,0.9999999932697392
2026-07-16,24072.75,-0.00023883076876853854,12.880000114440918,5.5,6.89,1.5499999999999998,2.9517527093563922,5.58733603577903,8.690012970168626,Sideways,8.713871885802672e-09,7.56149829443105e-29,7.5940803291598255e-87,0.9999999912870408
2026-07-17,24334.30078125,0.010806414450711182,13.149999618530273,5.5,6.89,1.5499999999999998,2.9517527093563922,5.58733603577903,8.690012970168626,Sideways,2.8955238977412603e-08,1.1692118702309543e-28,6.517503849468697e-87,0.9999999710453271
2026-07-20,24238.5,-0.003944631725234211,12.979999542236328,5.5,6.89,1.5499999999999998,2.9517527093563922,5.58733603577903,8.690012970168626,Sideways,2.3064703228339135e-08,8.864450849638403e-29,5.304164769705068e-87,0.9999999769352146
2026-07-21,24187.69921875,-0.002098070908085292,12.600000381469727,5.5,6.89,1.5499999999999998,2.9517527093563922,5.58733603577903,8.690012970168626,Sideways,2.2814645492137798e-08,8.206161647095066e-29,6.378597822689228e-87,0.9999999771862351
2026-07-22,23996.25,-0.007946639050547172,13.289999961853027,5.5,6.89,1.5499999999999998,2.9517527093563922,5.58733603577903,8.690012970168626,Sideways,1.005598117658899e-09,7.773905455034921e-29,1.0689570508668501e-86,0.9999999989959178
2026-07-23,23869.599609375,-0.005291901730381726,13.479999542236328,5.5,6.89,1.5499999999999998,2.9517527093563922,5.58733603577903,8.690012970168626,Sideways,5.189691093921308e-10,6.88763574171089e-29,1.1937112242662693e-86,0.999999999479769
2026-07-24,23767.44921875,-0.00428870174406507,14.029999732971191,5.5,6.89,1.5499999999999998,2.9517527093563922,5.58733603577903,8.690012970168626,Sideways,1.496753417787199e-10,6.715407837750165e-29,1.3286371807862433e-86,0.9999999998508429
2026-07-27,23995.94921875,0.009568068885288541,12.65999984741211,5.5,6.89,1.5499999999999998,2.9517527093563922,5.58733603577903,8.690012970168626,Sideways,1.9650449624924853e-09,8.238597398855062e-29,1.417834805315392e-86,0.9999999980354914
2026-07-28,23985.349609375,-0.0004418225352921867,12.5600004196167,5.5,6.89,1.5499999999999998,2.9517527093563922,5.58733603577903,8.690012970168626,Sideways,3.6591004301405686e-09,6.977988432235352e-29,9.864720179375012e-87,0.9999999963401933
2026-07-29,24250.19921875,0.010981621540740824,12.010000228881836,5.5,6.89,1.5499999999999998,2.9517527093563922,5.58733603577903,8.690012970168626,Sideways,1.8962081889015607e-08,1.0380270901101685e-28,1.1318526806009342e-86,0.9999999810388547
2026-07-30,24317.150390625,0.002757046238807193,12.15999984741211,5.5,6.89,1.5499999999999998,2.9517527093563922,5.58733603577903,8.690012970168626,Sideways,9.589237976696834e-08,9.306501965059458e-29,5.45494012656485e-87,0.9999999041065212
2026-07-31,24383.599609375,0.0027288803554812308,11.760000228881836,5.5,6.89,1.5499999999999998,2.9517527093563922,5.58733603577903,8.690012970168626,Sideways,2.0188527711433373e-07,9.776980207556986e-29,5.607024319174741e-87,0.9999997981140245
2026-08-03,24774.30078125,0.015896097912767627,11.930000305175781,5.5,6.89,1.5499999999999998,2.9517527093563922,5.58733603577903,8.690012970168626,Sideways,2.7292390112673545e-07,2.1260998734755627e-28,7.802328936372533e-87,0.9999997270752291
2026-08-04,24614.900390625,-0.006454890555102032,12.1899995803833,5.5,6.89,1.5499999999999998,2.9517527093563922,5.58733603577903,8.690012970168626,Sideways,2.559696317245466e-07,1.300840612376455e-28,3.4961897750375698e-87,0.9999997440318439
2026-08-05,24624.650390625,0.00039602311445705957,12.0600004196167,5.5,6.89,1.5499999999999998,2.9517527093563922,5.58733603577903,8.690012970168626,Sideways,4.572999570100378e-06,1.1804298301626975e-28,3.4037709190246226e-87,0.9999954270019741
2026-08-06,24636.0,0.0004607982024527352,12.15999984741211,5.5,6.89,1.5499999999999998,2.9517527093563922,5.58733603577903,8.690012970168626,Sideways,5.030512673103309e-06,1.1995762298134746e-28,3.202777114271426e-87,0.9999949694883182
2026-08-07,24570.650390625,-0.0026561307171494536,12.15999984741211,5.5,6.89,1.5499999999999998,2.9517527093563922,5.58733603577903,8.690012970168626,Sideways,3.3950430058751122e-06,1.1082461183117103e-28,3.9830871136896574e-87,0.9999966049566289
2026-08-10,24583.80078125,0.000535064093901079,12.25,5.5,6.89,1.5499999999999998,2.9517527093563922,5.58733603577903,8.690012970168626,Sideways,3.990561617518113e-06,1.135901703058902e-28,3.5910878806022135e-87,0.9999960094398872
2026-08-11,24471.69921875,-0.004570405260858804,11.859999656677246,5.5,6.89,1.5499999999999998,2.9517527093563922,5.58733603577903,8.690012970168626,Sideways,1.4647715622386008e-06,1.0015766123239878e-28,5.995997228616604e-87,0.9999985352271138
2026-08-12,24435.94921875,-0.0014619392880015388,11.6899995803833,5.5,6.89,1.5499999999999998,2.9517527093563922,5.58733603577903,8.690012970168626,Sideways,1.3002670596250556e-06,9.595493715012185e-29,6.22866461585034e-87,0.99999869973265
2026-08-13,24395.849609375,-0.0016423567982678559,11.420000076293945,5.5,6.89,1.5499999999999998,2.9517527093563922,5.58733603577903,8.690012970168626,Sideways,9.184454960635382e-07,9.222211795076473e-29,7.637765394014732e-87,0.9999990815562921
2026-08-14,24366.0,-0.0012243019222044982,11.3100004196167,5.5,6.89,1.5499999999999998,2.9517527093563922,5.58733603577903,8.690012970168626,Sideways,9.219959395224003e-07,8.946609515222138e-29,9.542525262868086e-87,0.999999078005628
2026-08-17,24287.650390625,-0.0032207111479826242,11.329999923706055,5.5,6.89,1.5499999999999998,2.9517527093563922,5.58733603577903,8.690012970168626,Sideways,4.130199032329261e-07,8.335734370094815e-29,1.171480236374351e-86,0.9999995869803513
2026-08-18,24154.900390625,-0.005480732544386898,11.390000343322754,5.5,6.89,1.5499999999999998,2.9517527093563922,5.58733603577903,8.690012970168626,Sideways,9.035596995589136e-08,7.51224493236794e-29,1.621411089455003e-86,0.9999999096435245
2026-08-19,24078.30078125,-0.0031762218518000007,11.319999694824219,5.5,6.89,1.5499999999999998,2.9517527093563922,5.58733603577903,8.690012970168626,Sideways,5.632499358723492e-08,6.973389261520765e-29,1.9143015535928076e-86,0.9999999436768137
2026-08-20,24231.849609375,0.006356815035648365,10.760000228881836,5.5,6.89,1.5499999999999998,2.9517527093563922,5.58733603577903,8.690012970168626,Sideways,2.2631976453005056e-07,8.685514233409867e-29,2.0472548289037487e-86,0.9999997736813641
2026-08-21,24252.0,0.0008312207857896257,11.199999809265137,5.5,6.89,1.5499999999999998,2.9517527093563922,5.58733603577903,8.690012970168626,Sideways,3.862597659354413e-07,8.179386409203311e-29,1.339157802062807e-86,0.9999996137413127
2026-08-24,24219.05078125,-0.001359542378144627,11.529999732971191,5.5,6.89,1.5499999999999998,2.9517527093563922,5.58733603577903,8.690012970168626,Sideways,2.911723179405197e-07,7.905601233878693e-29,1.3856676315268087e-86,0.9999997088271326
2026-08-25,24334.55078125,0.004757637503542181,11.079999923706055,5.5,6.89,1.5499999999999998,2.9517527093563922,5.58733603577903,8.690012970168626,Sideways,7.989178311510977e-07,9.264616568250018e-29,1.4304775995568148e-86,0.9999992010819833
2026-08-26,24207.75,-0.005224353506780909,10.569999694824219,5.5,6.89,1.5499999999999998,2.9517527093563922,5.58733603577903,8.690012970168626,Sideways,1.9859558904214754e-07,8.092611553369192e-29,3.0260028914068937e-86,0.9999998014027567
2026-08-27,24090.849609375,-0.004840745688108582,11.069999694824219,5.5,6.89,1.5499999999999998,2.9517527093563922,5.58733603577903,8.690012970168626,Sideways,6.933438996006596e-08,7.199854889221811e-29,2.8278715775865304e-86,0.9999999306674023
2026-08-28,24175.650390625,0.0035138602759443318,10.680000305175781,5.5,6.89,1.5499999999999998,2.9517527093563922,5.58733603577903,8.690012970168626,Sideways,1.9499067672595154e-07,8.035026960255053e-29,2.6245477776614948e-86,0.9999998050079929
2026-08-31,24080.400390625,-0.003947696595902393,11.1899995803833,5.5,6.89,1.5499999999999998,2.9517527093563922,5.58733603577903,8.690012970168626,Sideways,3.027933407192865e-08,7.72961891102942e-29,5.6861549286355104e-86,0.9999999697211028
2026-09-01,24055.80078125,-0.0010220836259459925,11.489999771118164,5.5,6.89,1.5499999999999998,2.9517527093563922,5.58733603577903,8.690012970168626,Sideways,2.2496296378271947e-08,7.681362822270901e-29,5.364873869880695e-86,0.9999999775027393
2026-09-02,23914.44921875,-0.005893318113157999,11.59000015258789,5.5,6.89,1.5499999999999998,2.9517527093563922,5.58733603577903,8.690012970168626,Sideways,4.2077903072297146e-09,6.873325371968114e-29,7.763919274810473e-86,0.9999999957908585
2026-09-03,23873.44921875,-0.001715916012232434,11.34000015258789,5.5,6.89,1.5499999999999998,2.9517527093563922,5.58733603577903,8.690012970168626,Sideways,3.7198175439187494e-09,6.566028754162582e-29,8.210530946849778e-86,0.9999999962819857
2026-09-04,23897.69921875,0.0010152572368944724,10.680000305175781,5.5,6.89,1.5499999999999998,2.9517527093563922,5.58733603577903,8.690012970168626,Sideways,5.287885025264083e-09,6.821575036137959e-29,1.042892305368198e-85,0.9999999947103788
2026-09-07,23779.150390625,-0.004973024577554363,11.15999984741211,5.5,6.89,1.5499999999999998,2.9517527093563922,5.58733603577903,8.690012970168626,Sideways,1.2111891629927965e-09,6.121168619606323e-29,1.1763009746846513e-85,0.9999999987885531
2026-09-08,23635.099609375,-0.00607628400578716,11.229999542236328,5.5,6.89,1.5499999999999998,2.9517527093563922,5.58733603577903,8.690012970168626,Sideways,2.1914268127154403e-10,5.523593474334263e-29,1.650586092357601e-85,0.9999999997817213
2026-09-09,23431.5,-0.008651607765214554,11.920000076293945,5.5,6.89,1.5499999999999998,2.9517527093563922,5.58733603577903,8.690012970168626,Sideways,1.5089776869516983e-11,4.894917159077272e-29,2.0960867035883427e-85,0.9999999999854481
2026-09-10,23477.80078125,0.0019740561259566094,11.800000190734863,5.5,6.89,1.5499999999999998,2.9517527093563922,5.58733603577903,8.690012970168626,Sideways,6.423012241105342e-11,4.8432177183710424e-29,1.2364799319660753e-85,0.9999999999345164
2026-09-11,23398.099609375,-0.0034005212918861516,12.289999961853027,5.5,6.89,1.5499999999999998,2.9517527093563922,5.58733603577903,8.690012970168626,Sideways,1.3146442861543401e-09,5.5275771718505104e-27,2.5547133135955537e-83,0.9999999986866897
